,"USGS 05537980: Des Plaines River at Route 53 at Joliet, IL","USGS 05533600: Des Plaines River near Lemont, IL",USGS 05536085: North Branch Chicago River at N Pulaski Rd,"USGS 05536290: Little Calumet River at South Holland, IL","USGS 05536890: CSSC near Lemont, IL"
2020-05-22 08:00:00-06:00,13100.00,5550.00,853.00,626.00,5330.00
2020-05-22 08:01:00-06:00,nan,nan,nan,nan,5270.00
2020-05-22 08:02:00-06:00,nan,nan,nan,nan,5180.00
2020-05-22 08:03:00-06:00,nan,nan,nan,nan,5150.00
2020-05-22 08:04:00-06:00,nan,nan,nan,nan,5090.00
2020-05-22 08:05:00-06:00,nan,nan,nan,nan,5030.00
2020-05-22 08:06:00-06:00,nan,nan,nan,nan,5000.00
2020-05-22 08:07:00-06:00,nan,nan,nan,nan,4910.00
2020-05-22 08:08:00-06:00,nan,nan,nan,nan,4840.00
2020-05-22 08:09:00-06:00,nan,nan,nan,nan,4790.00
2020-05-22 08:10:00-06:00,12400.00,nan,nan,nan,4730.00
2020-05-22 08:11:00-06:00,nan,nan,nan,nan,4770.00
2020-05-22 08:12:00-06:00,nan,nan,nan,nan,4860.00
2020-05-22 08:13:00-06:00,nan,nan,nan,nan,4920.00
2020-05-22 08:14:00-06:00,nan,nan,nan,nan,4990.00
2020-05-22 08:15:00-06:00,nan,5540.00,853.00,624.00,5060.00
2020-05-22 08:16:00-06:00,nan,nan,nan,nan,5130.00
2020-05-22 08:17:00-06:00,nan,nan,nan,nan,5200.00
2020-05-22 08:18:00-06:00,nan,nan,nan,nan,5270.00
2020-05-22 08:19:00-06:00,nan,nan,nan,nan,5330.00
2020-05-22 08:20:00-06:00,13500.00,nan,nan,nan,5390.00
2020-05-22 08:21:00-06:00,nan,nan,nan,nan,5390.00
2020-05-22 08:22:00-06:00,nan,nan,nan,nan,5370.00
2020-05-22 08:23:00-06:00,nan,nan,nan,nan,5370.00
2020-05-22 08:24:00-06:00,nan,nan,nan,nan,5360.00
2020-05-22 08:25:00-06:00,nan,nan,nan,nan,5330.00
2020-05-22 08:26:00-06:00,nan,nan,nan,nan,5300.00
2020-05-22 08:27:00-06:00,nan,nan,nan,nan,5300.00
2020-05-22 08:28:00-06:00,nan,nan,nan,nan,5300.00
2020-05-22 08:29:00-06:00,nan,nan,nan,nan,5280.00
2020-05-22 08:30:00-06:00,13700.00,5370.00,853.00,622.00,5270.00
2020-05-22 08:31:00-06:00,nan,nan,nan,nan,5270.00
2020-05-22 08:32:00-06:00,nan,nan,nan,nan,5270.00
2020-05-22 08:33:00-06:00,nan,nan,nan,nan,5280.00
2020-05-22 08:34:00-06:00,nan,nan,nan,nan,5300.00
2020-05-22 08:35:00-06:00,nan,nan,nan,nan,5300.00
2020-05-22 08:36:00-06:00,nan,nan,nan,nan,5300.00
2020-05-22 08:37:00-06:00,nan,nan,nan,nan,5300.00
2020-05-22 08:38:00-06:00,nan,nan,nan,nan,5300.00
2020-05-22 08:39:00-06:00,nan,nan,nan,nan,5320.00
2020-05-22 08:40:00-06:00,13100.00,nan,nan,nan,5320.00
2020-05-22 08:41:00-06:00,nan,nan,nan,nan,5290.00
2020-05-22 08:42:00-06:00,nan,nan,nan,nan,5260.00
2020-05-22 08:43:00-06:00,nan,nan,nan,nan,5220.00
2020-05-22 08:44:00-06:00,nan,nan,nan,nan,5190.00
2020-05-22 08:45:00-06:00,nan,5350.00,849.00,620.00,5150.00
2020-05-22 08:46:00-06:00,nan,nan,nan,nan,5120.00
2020-05-22 08:47:00-06:00,nan,nan,nan,nan,5080.00
2020-05-22 08:48:00-06:00,nan,nan,nan,nan,5050.00
2020-05-22 08:49:00-06:00,nan,nan,nan,nan,5010.00
2020-05-22 08:50:00-06:00,12100.00,nan,nan,nan,4980.00
2020-05-22 08:51:00-06:00,nan,nan,nan,nan,4950.00
2020-05-22 08:52:00-06:00,nan,nan,nan,nan,4920.00
2020-05-22 08:53:00-06:00,nan,nan,nan,nan,4890.00
2020-05-22 08:54:00-06:00,nan,nan,nan,nan,4860.00
2020-05-22 08:55:00-06:00,nan,nan,nan,nan,4840.00
2020-05-22 08:56:00-06:00,nan,nan,nan,nan,4810.00
2020-05-22 08:57:00-06:00,nan,nan,nan,nan,4780.00
2020-05-22 08:58:00-06:00,nan,nan,nan,nan,4760.00
2020-05-22 08:59:00-06:00,nan,nan,nan,nan,4740.00
2020-05-22 09:00:00-06:00,12200.00,5380.00,853.00,620.00,4700.00
2020-05-22 09:01:00-06:00,nan,nan,nan,nan,4750.00
2020-05-22 09:02:00-06:00,nan,nan,nan,nan,4800.00
2020-05-22 09:03:00-06:00,nan,nan,nan,nan,4850.00
2020-05-22 09:04:00-06:00,nan,nan,nan,nan,4900.00
2020-05-22 09:05:00-06:00,nan,nan,nan,nan,4950.00
2020-05-22 09:06:00-06:00,nan,nan,nan,nan,5000.00
2020-05-22 09:07:00-06:00,nan,nan,nan,nan,5050.00
2020-05-22 09:08:00-06:00,nan,nan,nan,nan,5100.00
2020-05-22 09:09:00-06:00,nan,nan,nan,nan,5160.00
2020-05-22 09:10:00-06:00,12300.00,nan,nan,nan,5210.00
2020-05-22 09:11:00-06:00,nan,nan,nan,nan,5170.00
2020-05-22 09:12:00-06:00,nan,nan,nan,nan,5110.00
2020-05-22 09:13:00-06:00,nan,nan,nan,nan,5070.00
2020-05-22 09:14:00-06:00,nan,nan,nan,nan,5020.00
2020-05-22 09:15:00-06:00,nan,5380.00,849.00,618.00,4980.00
2020-05-22 09:16:00-06:00,nan,nan,nan,nan,4930.00
2020-05-22 09:17:00-06:00,nan,nan,nan,nan,4880.00
2020-05-22 09:18:00-06:00,nan,nan,nan,nan,4830.00
2020-05-22 09:19:00-06:00,nan,nan,nan,nan,4780.00
2020-05-22 09:20:00-06:00,12300.00,nan,nan,nan,4740.00
2020-05-22 09:21:00-06:00,nan,nan,nan,nan,4740.00
2020-05-22 09:22:00-06:00,nan,nan,nan,nan,4740.00
2020-05-22 09:23:00-06:00,nan,nan,nan,nan,4730.00
2020-05-22 09:24:00-06:00,nan,nan,nan,nan,4730.00
2020-05-22 09:25:00-06:00,nan,nan,nan,nan,4730.00
2020-05-22 09:26:00-06:00,nan,nan,nan,nan,4720.00
2020-05-22 09:27:00-06:00,nan,nan,nan,nan,4720.00
2020-05-22 09:28:00-06:00,nan,nan,nan,nan,4720.00
2020-05-22 09:29:00-06:00,nan,nan,nan,nan,4720.00
2020-05-22 09:30:00-06:00,12100.00,5370.00,849.00,616.00,4720.00
2020-05-22 09:31:00-06:00,nan,nan,nan,nan,4680.00
2020-05-22 09:32:00-06:00,nan,nan,nan,nan,4650.00
2020-05-22 09:33:00-06:00,nan,nan,nan,nan,4620.00
2020-05-22 09:34:00-06:00,nan,nan,nan,nan,4590.00
2020-05-22 09:35:00-06:00,nan,nan,nan,nan,4550.00
2020-05-22 09:36:00-06:00,nan,nan,nan,nan,4510.00
2020-05-22 09:37:00-06:00,nan,nan,nan,nan,4470.00
2020-05-22 09:38:00-06:00,nan,nan,nan,nan,4430.00
2020-05-22 09:39:00-06:00,nan,nan,nan,nan,4400.00
2020-05-22 09:40:00-06:00,12600.00,nan,nan,nan,4370.00
2020-05-22 09:41:00-06:00,nan,nan,nan,nan,4380.00
2020-05-22 09:42:00-06:00,nan,nan,nan,nan,4390.00
2020-05-22 09:43:00-06:00,nan,nan,nan,nan,4410.00
2020-05-22 09:44:00-06:00,nan,nan,nan,nan,4430.00
2020-05-22 09:45:00-06:00,nan,5350.00,846.00,616.00,4440.00
2020-05-22 09:46:00-06:00,nan,nan,nan,nan,4460.00
2020-05-22 09:47:00-06:00,nan,nan,nan,nan,4470.00
2020-05-22 09:48:00-06:00,nan,nan,nan,nan,4480.00
2020-05-22 09:49:00-06:00,nan,nan,nan,nan,4500.00
2020-05-22 09:50:00-06:00,12400.00,nan,nan,nan,4510.00
2020-05-22 09:51:00-06:00,nan,nan,nan,nan,4530.00
2020-05-22 09:52:00-06:00,nan,nan,nan,nan,4550.00
2020-05-22 09:53:00-06:00,nan,nan,nan,nan,4560.00
2020-05-22 09:54:00-06:00,nan,nan,nan,nan,4580.00
2020-05-22 09:55:00-06:00,nan,nan,nan,nan,4600.00
2020-05-22 09:56:00-06:00,nan,nan,nan,nan,4610.00
2020-05-22 09:57:00-06:00,nan,nan,nan,nan,4630.00
2020-05-22 09:58:00-06:00,nan,nan,nan,nan,4650.00
2020-05-22 09:59:00-06:00,nan,nan,nan,nan,4660.00
2020-05-22 10:00:00-06:00,11800.00,5310.00,846.00,614.00,4670.00
2020-05-22 10:01:00-06:00,nan,nan,nan,nan,4650.00
2020-05-22 10:02:00-06:00,nan,nan,nan,nan,4640.00
2020-05-22 10:03:00-06:00,nan,nan,nan,nan,4620.00
2020-05-22 10:04:00-06:00,nan,nan,nan,nan,4610.00
2020-05-22 10:05:00-06:00,nan,nan,nan,nan,4590.00
2020-05-22 10:06:00-06:00,nan,nan,nan,nan,4570.00
2020-05-22 10:07:00-06:00,nan,nan,nan,nan,4550.00
2020-05-22 10:08:00-06:00,nan,nan,nan,nan,4540.00
2020-05-22 10:09:00-06:00,nan,nan,nan,nan,4530.00
2020-05-22 10:10:00-06:00,11800.00,nan,nan,nan,4510.00
2020-05-22 10:11:00-06:00,nan,nan,nan,nan,4550.00
2020-05-22 10:12:00-06:00,nan,nan,nan,nan,4580.00
2020-05-22 10:13:00-06:00,nan,nan,nan,nan,4610.00
2020-05-22 10:14:00-06:00,nan,nan,nan,nan,4640.00
2020-05-22 10:15:00-06:00,nan,5380.00,846.00,612.00,4680.00
2020-05-22 10:16:00-06:00,nan,nan,nan,nan,4710.00
2020-05-22 10:17:00-06:00,nan,nan,nan,nan,4740.00
2020-05-22 10:18:00-06:00,nan,nan,nan,nan,4780.00
2020-05-22 10:19:00-06:00,nan,nan,nan,nan,4810.00
2020-05-22 10:20:00-06:00,12100.00,nan,nan,nan,4840.00
2020-05-22 10:21:00-06:00,nan,nan,nan,nan,4830.00
2020-05-22 10:22:00-06:00,nan,nan,nan,nan,4820.00
2020-05-22 10:23:00-06:00,nan,nan,nan,nan,4820.00
2020-05-22 10:24:00-06:00,nan,nan,nan,nan,4810.00
2020-05-22 10:25:00-06:00,nan,nan,nan,nan,4800.00
2020-05-22 10:26:00-06:00,nan,nan,nan,nan,4790.00
2020-05-22 10:27:00-06:00,nan,nan,nan,nan,4780.00
2020-05-22 10:28:00-06:00,nan,nan,nan,nan,4770.00
2020-05-22 10:29:00-06:00,nan,nan,nan,nan,4770.00
2020-05-22 10:30:00-06:00,11900.00,5340.00,846.00,610.00,4760.00
2020-05-22 10:31:00-06:00,nan,nan,nan,nan,4750.00
2020-05-22 10:32:00-06:00,nan,nan,nan,nan,4760.00
2020-05-22 10:33:00-06:00,nan,nan,nan,nan,4760.00
2020-05-22 10:34:00-06:00,nan,nan,nan,nan,4760.00
2020-05-22 10:35:00-06:00,nan,nan,nan,nan,4760.00
2020-05-22 10:36:00-06:00,nan,nan,nan,nan,4760.00
2020-05-22 10:37:00-06:00,nan,nan,nan,nan,4760.00
2020-05-22 10:38:00-06:00,nan,nan,nan,nan,4760.00
2020-05-22 10:39:00-06:00,nan,nan,nan,nan,4760.00
2020-05-22 10:40:00-06:00,11900.00,nan,nan,nan,4770.00
2020-05-22 10:41:00-06:00,nan,nan,nan,nan,4740.00
2020-05-22 10:42:00-06:00,nan,nan,nan,nan,4730.00
2020-05-22 10:43:00-06:00,nan,nan,nan,nan,4700.00
2020-05-22 10:44:00-06:00,nan,nan,nan,nan,4690.00
2020-05-22 10:45:00-06:00,nan,5310.00,846.00,610.00,4670.00
2020-05-22 10:46:00-06:00,nan,nan,nan,nan,4650.00
2020-05-22 10:47:00-06:00,nan,nan,nan,nan,4630.00
2020-05-22 10:48:00-06:00,nan,nan,nan,nan,4610.00
2020-05-22 10:49:00-06:00,nan,nan,nan,nan,4590.00
2020-05-22 10:50:00-06:00,12000.00,nan,nan,nan,4580.00
2020-05-22 10:51:00-06:00,nan,nan,nan,nan,4610.00
2020-05-22 10:52:00-06:00,nan,nan,nan,nan,4640.00
2020-05-22 10:53:00-06:00,nan,nan,nan,nan,4670.00
2020-05-22 10:54:00-06:00,nan,nan,nan,nan,4700.00
2020-05-22 10:55:00-06:00,nan,nan,nan,nan,4730.00
2020-05-22 10:56:00-06:00,nan,nan,nan,nan,4760.00
2020-05-22 10:57:00-06:00,nan,nan,nan,nan,4800.00
2020-05-22 10:58:00-06:00,nan,nan,nan,nan,4830.00
2020-05-22 10:59:00-06:00,nan,nan,nan,nan,4860.00
2020-05-22 11:00:00-06:00,12200.00,5340.00,843.00,608.00,4890.00
2020-05-22 11:01:00-06:00,nan,nan,nan,nan,4870.00
2020-05-22 11:02:00-06:00,nan,nan,nan,nan,4850.00
2020-05-22 11:03:00-06:00,nan,nan,nan,nan,4840.00
2020-05-22 11:04:00-06:00,nan,nan,nan,nan,4820.00
2020-05-22 11:05:00-06:00,nan,nan,nan,nan,4800.00
2020-05-22 11:06:00-06:00,nan,nan,nan,nan,4790.00
2020-05-22 11:07:00-06:00,nan,nan,nan,nan,4770.00
2020-05-22 11:08:00-06:00,nan,nan,nan,nan,4750.00
2020-05-22 11:09:00-06:00,nan,nan,nan,nan,4730.00
2020-05-22 11:10:00-06:00,12600.00,nan,nan,nan,4720.00
2020-05-22 11:11:00-06:00,nan,nan,nan,nan,4730.00
2020-05-22 11:12:00-06:00,nan,nan,nan,nan,4750.00
2020-05-22 11:13:00-06:00,nan,nan,nan,nan,4770.00
2020-05-22 11:14:00-06:00,nan,nan,nan,nan,4780.00
2020-05-22 11:15:00-06:00,nan,5280.00,843.00,608.00,4800.00
2020-05-22 11:16:00-06:00,nan,nan,nan,nan,4810.00
2020-05-22 11:17:00-06:00,nan,nan,nan,nan,4830.00
2020-05-22 11:18:00-06:00,nan,nan,nan,nan,4840.00
2020-05-22 11:19:00-06:00,nan,nan,nan,nan,4860.00
2020-05-22 11:20:00-06:00,12800.00,nan,nan,nan,4880.00
2020-05-22 11:21:00-06:00,nan,nan,nan,nan,4900.00
2020-05-22 11:22:00-06:00,nan,nan,nan,nan,4920.00
2020-05-22 11:23:00-06:00,nan,nan,nan,nan,4940.00
2020-05-22 11:24:00-06:00,nan,nan,nan,nan,4960.00
2020-05-22 11:25:00-06:00,nan,nan,nan,nan,4980.00
2020-05-22 11:26:00-06:00,nan,nan,nan,nan,5010.00
2020-05-22 11:27:00-06:00,nan,nan,nan,nan,5020.00
2020-05-22 11:28:00-06:00,nan,nan,nan,nan,5040.00
2020-05-22 11:29:00-06:00,nan,nan,nan,nan,5060.00
2020-05-22 11:30:00-06:00,12900.00,5270.00,839.00,606.00,5070.00
2020-05-22 11:31:00-06:00,nan,nan,nan,nan,5140.00
2020-05-22 11:32:00-06:00,nan,nan,nan,nan,5210.00
2020-05-22 11:33:00-06:00,nan,nan,nan,nan,5270.00
2020-05-22 11:34:00-06:00,nan,nan,nan,nan,5340.00
2020-05-22 11:35:00-06:00,nan,nan,nan,nan,5410.00
2020-05-22 11:36:00-06:00,nan,nan,nan,nan,5470.00
2020-05-22 11:37:00-06:00,nan,nan,nan,nan,5540.00
2020-05-22 11:38:00-06:00,nan,nan,nan,nan,5610.00
2020-05-22 11:39:00-06:00,nan,nan,nan,nan,5680.00
2020-05-22 11:40:00-06:00,12800.00,nan,nan,nan,5740.00
2020-05-22 11:41:00-06:00,nan,nan,nan,nan,5730.00
2020-05-22 11:42:00-06:00,nan,nan,nan,nan,5710.00
2020-05-22 11:43:00-06:00,nan,nan,nan,nan,5690.00
2020-05-22 11:44:00-06:00,nan,nan,nan,nan,5680.00
2020-05-22 11:45:00-06:00,nan,5400.00,836.00,604.00,5660.00
2020-05-22 11:46:00-06:00,nan,nan,nan,nan,5650.00
2020-05-22 11:47:00-06:00,nan,nan,nan,nan,5630.00
2020-05-22 11:48:00-06:00,nan,nan,nan,nan,5610.00
2020-05-22 11:49:00-06:00,nan,nan,nan,nan,5600.00
2020-05-22 11:50:00-06:00,12900.00,nan,nan,nan,5580.00
2020-05-22 11:51:00-06:00,nan,nan,nan,nan,5590.00
2020-05-22 11:52:00-06:00,nan,nan,nan,nan,5610.00
2020-05-22 11:53:00-06:00,nan,nan,nan,nan,5630.00
2020-05-22 11:54:00-06:00,nan,nan,nan,nan,5640.00
2020-05-22 11:55:00-06:00,nan,nan,nan,nan,5650.00
2020-05-22 11:56:00-06:00,nan,nan,nan,nan,5670.00
2020-05-22 11:57:00-06:00,nan,nan,nan,nan,5680.00
2020-05-22 11:58:00-06:00,nan,nan,nan,nan,5700.00
2020-05-22 11:59:00-06:00,nan,nan,nan,nan,5710.00
2020-05-22 12:00:00-06:00,12800.00,5380.00,839.00,602.00,5730.00
2020-05-22 12:01:00-06:00,nan,nan,nan,nan,5720.00
2020-05-22 12:02:00-06:00,nan,nan,nan,nan,5710.00
2020-05-22 12:03:00-06:00,nan,nan,nan,nan,5700.00
2020-05-22 12:04:00-06:00,nan,nan,nan,nan,5690.00
2020-05-22 12:05:00-06:00,nan,nan,nan,nan,5690.00
2020-05-22 12:06:00-06:00,nan,nan,nan,nan,5690.00
2020-05-22 12:07:00-06:00,nan,nan,nan,nan,5670.00
2020-05-22 12:08:00-06:00,nan,nan,nan,nan,5650.00
2020-05-22 12:09:00-06:00,nan,nan,nan,nan,5650.00
2020-05-22 12:10:00-06:00,12900.00,nan,nan,nan,5630.00
2020-05-22 12:11:00-06:00,nan,nan,nan,nan,5640.00
2020-05-22 12:12:00-06:00,nan,nan,nan,nan,5640.00
2020-05-22 12:13:00-06:00,nan,nan,nan,nan,5630.00
2020-05-22 12:14:00-06:00,nan,nan,nan,nan,5620.00
2020-05-22 12:15:00-06:00,nan,5350.00,836.00,602.00,5640.00
2020-05-22 12:16:00-06:00,nan,nan,nan,nan,5650.00
2020-05-22 12:17:00-06:00,nan,nan,nan,nan,5650.00
2020-05-22 12:18:00-06:00,nan,nan,nan,nan,5650.00
2020-05-22 12:19:00-06:00,nan,nan,nan,nan,5650.00
2020-05-22 12:20:00-06:00,12600.00,nan,nan,nan,5650.00
2020-05-22 12:21:00-06:00,nan,nan,nan,nan,5630.00
2020-05-22 12:22:00-06:00,nan,nan,nan,nan,5620.00
2020-05-22 12:23:00-06:00,nan,nan,nan,nan,5600.00
2020-05-22 12:24:00-06:00,nan,nan,nan,nan,5590.00
2020-05-22 12:25:00-06:00,nan,nan,nan,nan,5570.00
2020-05-22 12:26:00-06:00,nan,nan,nan,nan,5560.00
2020-05-22 12:27:00-06:00,nan,nan,nan,nan,5540.00
2020-05-22 12:28:00-06:00,nan,nan,nan,nan,5530.00
2020-05-22 12:29:00-06:00,nan,nan,nan,nan,5520.00
2020-05-22 12:30:00-06:00,13700.00,5350.00,836.00,600.00,5500.00
2020-05-22 12:31:00-06:00,nan,nan,nan,nan,5540.00
2020-05-22 12:32:00-06:00,nan,nan,nan,nan,5570.00
2020-05-22 12:33:00-06:00,nan,nan,nan,nan,5620.00
2020-05-22 12:34:00-06:00,nan,nan,nan,nan,5640.00
2020-05-22 12:35:00-06:00,nan,nan,nan,nan,5680.00
2020-05-22 12:36:00-06:00,nan,nan,nan,nan,5720.00
2020-05-22 12:37:00-06:00,nan,nan,nan,nan,5760.00
2020-05-22 12:38:00-06:00,nan,nan,nan,nan,5800.00
2020-05-22 12:39:00-06:00,nan,nan,nan,nan,5840.00
2020-05-22 12:40:00-06:00,13300.00,nan,nan,nan,5880.00
2020-05-22 12:41:00-06:00,nan,nan,nan,nan,5850.00
2020-05-22 12:42:00-06:00,nan,nan,nan,nan,5810.00
2020-05-22 12:43:00-06:00,nan,nan,nan,nan,5790.00
2020-05-22 12:44:00-06:00,nan,nan,nan,nan,5740.00
2020-05-22 12:45:00-06:00,nan,5340.00,833.00,600.00,5700.00
2020-05-22 12:46:00-06:00,nan,nan,nan,nan,5650.00
2020-05-22 12:47:00-06:00,nan,nan,nan,nan,5600.00
2020-05-22 12:48:00-06:00,nan,nan,nan,nan,5590.00
2020-05-22 12:49:00-06:00,nan,nan,nan,nan,5560.00
2020-05-22 12:50:00-06:00,13000.00,nan,nan,nan,5530.00
2020-05-22 12:51:00-06:00,nan,nan,nan,nan,5520.00
2020-05-22 12:52:00-06:00,nan,nan,nan,nan,5520.00
2020-05-22 12:53:00-06:00,nan,nan,nan,nan,5510.00
2020-05-22 12:54:00-06:00,nan,nan,nan,nan,5520.00
2020-05-22 12:55:00-06:00,nan,nan,nan,nan,5530.00
2020-05-22 12:56:00-06:00,nan,nan,nan,nan,5530.00
2020-05-22 12:57:00-06:00,nan,nan,nan,nan,5520.00
2020-05-22 12:58:00-06:00,nan,nan,nan,nan,5530.00
2020-05-22 12:59:00-06:00,nan,nan,nan,nan,5510.00
2020-05-22 13:00:00-06:00,14700.00,5330.00,833.00,598.00,5470.00
2020-05-22 13:01:00-06:00,nan,nan,nan,nan,5570.00
2020-05-22 13:02:00-06:00,nan,nan,nan,nan,5630.00
2020-05-22 13:03:00-06:00,nan,nan,nan,nan,5690.00
2020-05-22 13:04:00-06:00,nan,nan,nan,nan,5740.00
2020-05-22 13:05:00-06:00,nan,nan,nan,nan,5800.00
2020-05-22 13:06:00-06:00,nan,nan,nan,nan,5860.00
2020-05-22 13:07:00-06:00,nan,nan,nan,nan,5930.00
2020-05-22 13:08:00-06:00,nan,nan,nan,nan,5980.00
2020-05-22 13:09:00-06:00,nan,nan,nan,nan,6010.00
2020-05-22 13:10:00-06:00,16500.00,nan,nan,nan,6090.00
2020-05-22 13:11:00-06:00,nan,nan,nan,nan,6040.00
2020-05-22 13:12:00-06:00,nan,nan,nan,nan,5970.00
2020-05-22 13:13:00-06:00,nan,nan,nan,nan,5940.00
2020-05-22 13:14:00-06:00,nan,nan,nan,nan,5900.00
2020-05-22 13:15:00-06:00,nan,5350.00,833.00,596.00,5830.00
2020-05-22 13:16:00-06:00,nan,nan,nan,nan,5780.00
2020-05-22 13:17:00-06:00,nan,nan,nan,nan,5750.00
2020-05-22 13:18:00-06:00,nan,nan,nan,nan,5680.00
2020-05-22 13:19:00-06:00,nan,nan,nan,nan,5630.00
2020-05-22 13:20:00-06:00,15700.00,nan,nan,nan,5590.00
2020-05-22 13:21:00-06:00,nan,nan,nan,nan,5630.00
2020-05-22 13:22:00-06:00,nan,nan,nan,nan,5670.00
2020-05-22 13:23:00-06:00,nan,nan,nan,nan,5710.00
2020-05-22 13:24:00-06:00,nan,nan,nan,nan,5740.00
2020-05-22 13:25:00-06:00,nan,nan,nan,nan,5790.00
2020-05-22 13:26:00-06:00,nan,nan,nan,nan,5850.00
2020-05-22 13:27:00-06:00,nan,nan,nan,nan,5870.00
2020-05-22 13:28:00-06:00,nan,nan,nan,nan,5920.00
2020-05-22 13:29:00-06:00,nan,nan,nan,nan,5970.00
2020-05-22 13:30:00-06:00,15200.00,5350.00,830.00,596.00,6000.00
2020-05-22 13:31:00-06:00,nan,nan,nan,nan,6010.00
2020-05-22 13:32:00-06:00,nan,nan,nan,nan,6030.00
2020-05-22 13:33:00-06:00,nan,nan,nan,nan,6030.00
2020-05-22 13:34:00-06:00,nan,nan,nan,nan,6060.00
2020-05-22 13:35:00-06:00,nan,nan,nan,nan,5890.00
2020-05-22 13:36:00-06:00,nan,nan,nan,nan,6020.00
2020-05-22 13:37:00-06:00,nan,nan,nan,nan,6070.00
2020-05-22 13:38:00-06:00,nan,nan,nan,nan,6080.00
2020-05-22 13:39:00-06:00,nan,nan,nan,nan,6090.00
2020-05-22 13:40:00-06:00,15800.00,nan,nan,nan,6110.00
2020-05-22 13:41:00-06:00,nan,nan,nan,nan,6160.00
2020-05-22 13:42:00-06:00,nan,nan,nan,nan,6210.00
2020-05-22 13:43:00-06:00,nan,nan,nan,nan,6260.00
2020-05-22 13:44:00-06:00,nan,nan,nan,nan,6300.00
2020-05-22 13:45:00-06:00,nan,5330.00,826.00,594.00,6340.00
2020-05-22 13:46:00-06:00,nan,nan,nan,nan,6400.00
2020-05-22 13:47:00-06:00,nan,nan,nan,nan,6450.00
2020-05-22 13:48:00-06:00,nan,nan,nan,nan,6510.00
2020-05-22 13:49:00-06:00,nan,nan,nan,nan,6550.00
2020-05-22 13:50:00-06:00,16000.00,nan,nan,nan,6600.00
2020-05-22 13:51:00-06:00,nan,nan,nan,nan,6600.00
2020-05-22 13:52:00-06:00,nan,nan,nan,nan,6600.00
2020-05-22 13:53:00-06:00,nan,nan,nan,nan,6600.00
2020-05-22 13:54:00-06:00,nan,nan,nan,nan,6600.00
2020-05-22 13:55:00-06:00,nan,nan,nan,nan,6600.00
2020-05-22 13:56:00-06:00,nan,nan,nan,nan,6600.00
2020-05-22 13:57:00-06:00,nan,nan,nan,nan,6600.00
2020-05-22 13:58:00-06:00,nan,nan,nan,nan,6600.00
2020-05-22 13:59:00-06:00,nan,nan,nan,nan,6600.00
2020-05-22 14:00:00-06:00,15800.00,5310.00,826.00,592.00,6600.00
2020-05-22 14:01:00-06:00,nan,nan,nan,nan,6660.00
2020-05-22 14:02:00-06:00,nan,nan,nan,nan,6720.00
2020-05-22 14:03:00-06:00,nan,nan,nan,nan,6790.00
2020-05-22 14:04:00-06:00,nan,nan,nan,nan,6850.00
2020-05-22 14:05:00-06:00,nan,nan,nan,nan,6910.00
2020-05-22 14:06:00-06:00,nan,nan,nan,nan,6970.00
2020-05-22 14:07:00-06:00,nan,nan,nan,nan,7030.00
2020-05-22 14:08:00-06:00,nan,nan,nan,nan,7090.00
2020-05-22 14:09:00-06:00,nan,nan,nan,nan,7150.00
2020-05-22 14:10:00-06:00,15600.00,nan,nan,nan,7220.00
2020-05-22 14:11:00-06:00,nan,nan,nan,nan,7230.00
2020-05-22 14:12:00-06:00,nan,nan,nan,nan,7260.00
2020-05-22 14:13:00-06:00,nan,nan,nan,nan,7280.00
2020-05-22 14:14:00-06:00,nan,nan,nan,nan,7300.00
2020-05-22 14:15:00-06:00,nan,5330.00,826.00,590.00,7320.00
2020-05-22 14:16:00-06:00,nan,nan,nan,nan,7340.00
2020-05-22 14:17:00-06:00,nan,nan,nan,nan,7360.00
2020-05-22 14:18:00-06:00,nan,nan,nan,nan,7380.00
2020-05-22 14:19:00-06:00,nan,nan,nan,nan,7400.00
2020-05-22 14:20:00-06:00,15700.00,nan,nan,nan,7420.00
2020-05-22 14:21:00-06:00,nan,nan,nan,nan,7440.00
2020-05-22 14:22:00-06:00,nan,nan,nan,nan,7460.00
2020-05-22 14:23:00-06:00,nan,nan,nan,nan,7470.00
2020-05-22 14:24:00-06:00,nan,nan,nan,nan,7490.00
2020-05-22 14:25:00-06:00,nan,nan,nan,nan,7500.00
2020-05-22 14:26:00-06:00,nan,nan,nan,nan,7520.00
2020-05-22 14:27:00-06:00,nan,nan,nan,nan,7540.00
2020-05-22 14:28:00-06:00,nan,nan,nan,nan,7560.00
2020-05-22 14:29:00-06:00,nan,nan,nan,nan,7570.00
2020-05-22 14:30:00-06:00,15200.00,5310.00,823.00,590.00,7590.00
2020-05-22 14:31:00-06:00,nan,nan,nan,nan,7600.00
2020-05-22 14:32:00-06:00,nan,nan,nan,nan,7600.00
2020-05-22 14:33:00-06:00,nan,nan,nan,nan,7620.00
2020-05-22 14:34:00-06:00,nan,nan,nan,nan,7630.00
2020-05-22 14:35:00-06:00,nan,nan,nan,nan,7640.00
2020-05-22 14:36:00-06:00,nan,nan,nan,nan,7650.00
2020-05-22 14:37:00-06:00,nan,nan,nan,nan,7660.00
2020-05-22 14:38:00-06:00,nan,nan,nan,nan,7670.00
2020-05-22 14:39:00-06:00,nan,nan,nan,nan,7690.00
2020-05-22 14:40:00-06:00,14800.00,nan,nan,nan,7700.00
2020-05-22 14:41:00-06:00,nan,nan,nan,nan,7660.00
2020-05-22 14:42:00-06:00,nan,nan,nan,nan,7620.00
2020-05-22 14:43:00-06:00,nan,nan,nan,nan,7590.00
2020-05-22 14:44:00-06:00,nan,nan,nan,nan,7540.00
2020-05-22 14:45:00-06:00,nan,5310.00,823.00,588.00,7500.00
2020-05-22 14:46:00-06:00,nan,nan,nan,nan,7470.00
2020-05-22 14:47:00-06:00,nan,nan,nan,nan,7430.00
2020-05-22 14:48:00-06:00,nan,nan,nan,nan,7390.00
2020-05-22 14:49:00-06:00,nan,nan,nan,nan,7350.00
2020-05-22 14:50:00-06:00,14700.00,nan,nan,nan,7310.00
2020-05-22 14:51:00-06:00,nan,nan,nan,nan,7310.00
2020-05-22 14:52:00-06:00,nan,nan,nan,nan,7310.00
2020-05-22 14:53:00-06:00,nan,nan,nan,nan,7310.00
2020-05-22 14:54:00-06:00,nan,nan,nan,nan,7310.00
2020-05-22 14:55:00-06:00,nan,nan,nan,nan,7310.00
2020-05-22 14:56:00-06:00,nan,nan,nan,nan,7310.00
2020-05-22 14:57:00-06:00,nan,nan,nan,nan,7310.00
2020-05-22 14:58:00-06:00,nan,nan,nan,nan,7310.00
2020-05-22 14:59:00-06:00,nan,nan,nan,nan,7310.00
2020-05-22 15:00:00-06:00,15300.00,5300.00,820.00,588.00,7320.00
2020-05-22 15:01:00-06:00,nan,nan,nan,nan,7350.00
2020-05-22 15:02:00-06:00,nan,nan,nan,nan,7370.00
2020-05-22 15:03:00-06:00,nan,nan,nan,nan,7400.00
2020-05-22 15:04:00-06:00,nan,nan,nan,nan,7420.00
2020-05-22 15:05:00-06:00,nan,nan,nan,nan,7450.00
2020-05-22 15:06:00-06:00,nan,nan,nan,nan,7480.00
2020-05-22 15:07:00-06:00,nan,nan,nan,nan,7500.00
2020-05-22 15:08:00-06:00,nan,nan,nan,nan,7530.00
2020-05-22 15:09:00-06:00,nan,nan,nan,nan,7550.00
2020-05-22 15:10:00-06:00,15200.00,nan,nan,nan,7580.00
2020-05-22 15:11:00-06:00,nan,nan,nan,nan,7550.00
2020-05-22 15:12:00-06:00,nan,nan,nan,nan,7520.00
2020-05-22 15:13:00-06:00,nan,nan,nan,nan,7490.00
2020-05-22 15:14:00-06:00,nan,nan,nan,nan,7460.00
2020-05-22 15:15:00-06:00,nan,5270.00,820.00,586.00,7430.00
2020-05-22 15:16:00-06:00,nan,nan,nan,nan,7400.00
2020-05-22 15:17:00-06:00,nan,nan,nan,nan,7380.00
2020-05-22 15:18:00-06:00,nan,nan,nan,nan,7350.00
2020-05-22 15:19:00-06:00,nan,nan,nan,nan,7320.00
2020-05-22 15:20:00-06:00,14700.00,nan,nan,nan,7290.00
2020-05-22 15:21:00-06:00,nan,nan,nan,nan,7320.00
2020-05-22 15:22:00-06:00,nan,nan,nan,nan,7350.00
2020-05-22 15:23:00-06:00,nan,nan,nan,nan,7360.00
2020-05-22 15:24:00-06:00,nan,nan,nan,nan,7390.00
2020-05-22 15:25:00-06:00,nan,nan,nan,nan,7420.00
2020-05-22 15:26:00-06:00,nan,nan,nan,nan,7440.00
2020-05-22 15:27:00-06:00,nan,nan,nan,nan,7460.00
2020-05-22 15:28:00-06:00,nan,nan,nan,nan,7480.00
2020-05-22 15:29:00-06:00,nan,nan,nan,nan,7510.00
2020-05-22 15:30:00-06:00,14600.00,5260.00,816.00,586.00,7540.00
2020-05-22 15:31:00-06:00,nan,nan,nan,nan,7540.00
2020-05-22 15:32:00-06:00,nan,nan,nan,nan,7530.00
2020-05-22 15:33:00-06:00,nan,nan,nan,nan,7520.00
2020-05-22 15:34:00-06:00,nan,nan,nan,nan,7520.00
2020-05-22 15:35:00-06:00,nan,nan,nan,nan,7510.00
2020-05-22 15:36:00-06:00,nan,nan,nan,nan,7510.00
2020-05-22 15:37:00-06:00,nan,nan,nan,nan,7510.00
2020-05-22 15:38:00-06:00,nan,nan,nan,nan,7500.00
2020-05-22 15:39:00-06:00,nan,nan,nan,nan,7500.00
2020-05-22 15:40:00-06:00,15100.00,nan,nan,nan,7490.00
2020-05-22 15:41:00-06:00,nan,nan,nan,nan,7490.00
2020-05-22 15:42:00-06:00,nan,nan,nan,nan,7490.00
2020-05-22 15:43:00-06:00,nan,nan,nan,nan,7490.00
2020-05-22 15:44:00-06:00,nan,nan,nan,nan,7490.00
2020-05-22 15:45:00-06:00,nan,5270.00,816.00,586.00,7490.00
2020-05-22 15:46:00-06:00,nan,nan,nan,nan,7490.00
2020-05-22 15:47:00-06:00,nan,nan,nan,nan,7490.00
2020-05-22 15:48:00-06:00,nan,nan,nan,nan,7490.00
2020-05-22 15:49:00-06:00,nan,nan,nan,nan,7480.00
2020-05-22 15:50:00-06:00,16900.00,nan,nan,nan,7480.00
2020-05-22 16:00:00-06:00,15300.00,5210.00,813.00,586.00,nan
2020-05-22 16:10:00-06:00,14800.00,nan,nan,nan,nan
2020-05-22 16:15:00-06:00,nan,5260.00,810.00,584.00,nan
2020-05-22 16:20:00-06:00,14400.00,nan,nan,nan,nan
2020-05-22 16:30:00-06:00,14500.00,5260.00,810.00,584.00,nan
2020-05-22 16:40:00-06:00,14500.00,nan,nan,nan,nan
2020-05-22 16:45:00-06:00,nan,5230.00,810.00,584.00,nan
2020-05-22 16:50:00-06:00,14500.00,nan,nan,nan,nan
2020-05-22 17:00:00-06:00,14400.00,5190.00,803.00,582.00,nan
2020-05-22 17:10:00-06:00,14400.00,nan,nan,nan,nan
2020-05-22 17:15:00-06:00,nan,5170.00,803.00,582.00,nan
2020-05-22 17:20:00-06:00,14400.00,nan,nan,nan,nan
2020-05-22 17:30:00-06:00,14000.00,5210.00,803.00,580.00,nan
2020-05-22 17:40:00-06:00,14000.00,nan,nan,nan,nan
2020-05-22 17:45:00-06:00,nan,5170.00,800.00,580.00,nan
2020-05-22 17:50:00-06:00,14100.00,nan,nan,nan,nan
2020-05-22 18:00:00-06:00,14100.00,5200.00,800.00,580.00,nan
2020-05-22 18:10:00-06:00,14700.00,nan,nan,nan,nan
2020-05-22 18:15:00-06:00,nan,5170.00,797.00,578.00,nan
2020-05-22 18:20:00-06:00,13700.00,nan,nan,nan,nan
2020-05-22 18:30:00-06:00,14000.00,5150.00,794.00,578.00,nan
2020-05-22 18:40:00-06:00,13900.00,nan,nan,nan,nan
2020-05-22 18:45:00-06:00,nan,5120.00,794.00,576.00,nan
2020-05-22 18:50:00-06:00,12900.00,nan,nan,nan,nan
2020-05-22 19:00:00-06:00,12700.00,5170.00,794.00,576.00,nan
2020-05-22 19:10:00-06:00,12600.00,nan,nan,nan,nan
2020-05-22 19:15:00-06:00,nan,5120.00,794.00,576.00,nan
2020-05-22 19:20:00-06:00,12800.00,nan,nan,nan,nan
2020-05-22 19:30:00-06:00,12900.00,5150.00,790.00,576.00,nan
2020-05-22 19:40:00-06:00,12600.00,nan,nan,nan,nan
2020-05-22 19:45:00-06:00,nan,5120.00,790.00,574.00,nan
2020-05-22 19:50:00-06:00,13100.00,nan,nan,nan,nan
2020-05-22 20:00:00-06:00,14500.00,5090.00,790.00,574.00,nan
2020-05-22 20:10:00-06:00,13900.00,nan,nan,nan,nan
2020-05-22 20:15:00-06:00,nan,5090.00,787.00,572.00,nan
2020-05-22 20:20:00-06:00,13500.00,nan,nan,nan,nan
2020-05-22 20:30:00-06:00,13000.00,4980.00,784.00,570.00,nan
2020-05-22 20:40:00-06:00,12600.00,nan,nan,nan,nan
2020-05-22 20:45:00-06:00,nan,5110.00,784.00,570.00,nan
2020-05-22 20:50:00-06:00,12700.00,nan,nan,nan,nan
2020-05-22 21:00:00-06:00,12800.00,5090.00,787.00,568.00,nan
2020-05-22 21:10:00-06:00,13000.00,nan,nan,nan,nan
2020-05-22 21:15:00-06:00,nan,5080.00,784.00,568.00,nan
2020-05-22 21:20:00-06:00,12800.00,nan,nan,nan,nan
2020-05-22 21:30:00-06:00,12700.00,5010.00,784.00,566.00,nan
2020-05-22 21:40:00-06:00,12800.00,nan,nan,nan,nan
2020-05-22 21:45:00-06:00,nan,5060.00,784.00,566.00,nan
2020-05-22 21:50:00-06:00,12800.00,nan,nan,nan,nan
2020-05-22 22:00:00-06:00,12800.00,4980.00,784.00,564.00,nan
2020-05-22 22:10:00-06:00,12700.00,nan,nan,nan,nan
2020-05-22 22:15:00-06:00,nan,4940.00,784.00,564.00,nan
2020-05-22 22:20:00-06:00,12800.00,nan,nan,nan,nan
2020-05-22 22:30:00-06:00,12800.00,4930.00,784.00,562.00,nan
2020-05-22 22:40:00-06:00,12800.00,nan,nan,nan,nan
2020-05-22 22:45:00-06:00,nan,5000.00,787.00,562.00,nan
2020-05-22 22:50:00-06:00,12700.00,nan,nan,nan,nan
2020-05-22 23:00:00-06:00,12700.00,4970.00,784.00,562.00,nan
2020-05-22 23:10:00-06:00,12700.00,nan,nan,nan,nan
2020-05-22 23:15:00-06:00,nan,5010.00,784.00,560.00,nan
2020-05-22 23:20:00-06:00,12800.00,nan,nan,nan,nan
2020-05-22 23:30:00-06:00,12700.00,4920.00,787.00,558.00,nan
2020-05-22 23:40:00-06:00,12600.00,nan,nan,nan,nan
2020-05-22 23:45:00-06:00,nan,4920.00,787.00,558.00,nan
2020-05-22 23:50:00-06:00,12700.00,nan,nan,nan,nan
2020-05-23 00:00:00-06:00,12700.00,4960.00,787.00,556.00,nan
2020-05-23 00:10:00-06:00,12600.00,nan,nan,nan,nan
2020-05-23 00:15:00-06:00,nan,5010.00,790.00,556.00,nan
2020-05-23 00:20:00-06:00,12600.00,nan,nan,nan,nan
2020-05-23 00:30:00-06:00,12600.00,4900.00,787.00,554.00,nan
2020-05-23 00:40:00-06:00,12600.00,nan,nan,nan,nan
2020-05-23 00:45:00-06:00,nan,4980.00,790.00,552.00,nan
2020-05-23 00:50:00-06:00,12500.00,nan,nan,nan,nan
2020-05-23 01:00:00-06:00,12500.00,4930.00,790.00,552.00,nan
2020-05-23 01:10:00-06:00,12800.00,nan,nan,nan,nan
2020-05-23 01:15:00-06:00,nan,4960.00,790.00,550.00,nan
2020-05-23 01:20:00-06:00,13200.00,nan,nan,nan,nan
2020-05-23 01:30:00-06:00,12500.00,4940.00,790.00,550.00,nan
2020-05-23 01:40:00-06:00,12200.00,nan,nan,nan,nan
2020-05-23 01:45:00-06:00,nan,4920.00,790.00,548.00,nan
2020-05-23 01:50:00-06:00,12300.00,nan,nan,nan,nan
2020-05-23 02:00:00-06:00,12300.00,4920.00,790.00,548.00,nan
2020-05-23 02:10:00-06:00,12400.00,nan,nan,nan,nan
2020-05-23 02:15:00-06:00,nan,4940.00,794.00,547.00,nan
2020-05-23 02:20:00-06:00,12400.00,nan,nan,nan,nan
2020-05-23 02:30:00-06:00,12400.00,4920.00,794.00,547.00,nan
2020-05-23 02:40:00-06:00,12400.00,nan,nan,nan,nan
2020-05-23 02:45:00-06:00,nan,4820.00,794.00,547.00,nan
2020-05-23 02:50:00-06:00,12400.00,nan,nan,nan,nan
2020-05-23 03:00:00-06:00,12400.00,4890.00,794.00,545.00,nan
2020-05-23 03:10:00-06:00,12400.00,nan,nan,nan,nan
2020-05-23 03:15:00-06:00,nan,4860.00,794.00,543.00,nan
2020-05-23 03:20:00-06:00,12400.00,nan,nan,nan,nan
2020-05-23 03:30:00-06:00,12400.00,4760.00,794.00,543.00,nan
2020-05-23 03:40:00-06:00,12300.00,nan,nan,nan,nan
2020-05-23 03:45:00-06:00,nan,4770.00,794.00,541.00,nan
2020-05-23 03:50:00-06:00,12400.00,nan,nan,nan,nan
2020-05-23 04:00:00-06:00,12400.00,4770.00,794.00,539.00,nan
2020-05-23 04:10:00-06:00,12300.00,nan,nan,nan,nan
2020-05-23 04:15:00-06:00,nan,4740.00,794.00,537.00,nan
2020-05-23 04:20:00-06:00,12300.00,nan,nan,nan,nan
2020-05-23 04:30:00-06:00,12300.00,4730.00,794.00,537.00,nan
2020-05-23 04:40:00-06:00,12300.00,nan,nan,nan,nan
2020-05-23 04:45:00-06:00,nan,4740.00,794.00,535.00,nan
2020-05-23 04:50:00-06:00,12300.00,nan,nan,nan,nan
2020-05-23 05:00:00-06:00,12300.00,4720.00,794.00,535.00,nan
2020-05-23 05:10:00-06:00,12300.00,nan,nan,nan,nan
2020-05-23 05:15:00-06:00,nan,4730.00,797.00,533.00,nan
2020-05-23 05:20:00-06:00,12300.00,nan,nan,nan,nan
2020-05-23 05:30:00-06:00,12600.00,4860.00,794.00,533.00,nan
2020-05-23 05:40:00-06:00,12500.00,nan,nan,nan,nan
2020-05-23 05:45:00-06:00,nan,4840.00,794.00,531.00,nan
2020-05-23 05:50:00-06:00,12200.00,nan,nan,nan,nan
2020-05-23 06:00:00-06:00,12200.00,4780.00,794.00,529.00,nan
2020-05-23 06:10:00-06:00,12300.00,nan,nan,nan,nan
2020-05-23 06:15:00-06:00,nan,4640.00,794.00,527.00,nan
2020-05-23 06:20:00-06:00,12800.00,nan,nan,nan,nan
2020-05-23 06:30:00-06:00,12900.00,4650.00,794.00,527.00,nan
2020-05-23 06:40:00-06:00,13000.00,nan,nan,nan,nan
2020-05-23 06:45:00-06:00,nan,4630.00,794.00,525.00,nan
2020-05-23 06:50:00-06:00,12900.00,nan,nan,nan,nan
2020-05-23 07:00:00-06:00,12800.00,4630.00,794.00,523.00,nan
2020-05-23 07:10:00-06:00,13000.00,nan,nan,nan,nan
2020-05-23 07:15:00-06:00,nan,4640.00,794.00,522.00,nan
2020-05-23 07:20:00-06:00,13000.00,nan,nan,nan,nan
2020-05-23 07:30:00-06:00,13100.00,4630.00,794.00,520.00,nan
2020-05-23 07:40:00-06:00,13100.00,nan,nan,nan,nan
2020-05-23 07:45:00-06:00,nan,4610.00,794.00,520.00,nan
2020-05-23 07:50:00-06:00,13000.00,nan,nan,nan,nan
2020-05-23 08:00:00-06:00,12900.00,4630.00,790.00,518.00,nan
2020-05-23 08:10:00-06:00,14400.00,nan,nan,nan,nan
2020-05-23 08:15:00-06:00,nan,4610.00,790.00,516.00,nan
2020-05-23 08:20:00-06:00,13600.00,nan,nan,nan,nan
2020-05-23 08:30:00-06:00,13400.00,4610.00,794.00,516.00,nan
2020-05-23 08:40:00-06:00,12300.00,nan,nan,nan,nan
2020-05-23 08:45:00-06:00,nan,4600.00,794.00,514.00,nan
2020-05-23 08:50:00-06:00,11800.00,nan,nan,nan,nan
2020-05-23 09:00:00-06:00,11700.00,4600.00,790.00,512.00,nan
2020-05-23 09:10:00-06:00,11800.00,nan,nan,nan,nan
2020-05-23 09:15:00-06:00,nan,4600.00,790.00,510.00,nan
2020-05-23 09:20:00-06:00,12300.00,nan,nan,nan,nan
2020-05-23 09:30:00-06:00,12000.00,4600.00,790.00,510.00,nan
2020-05-23 09:40:00-06:00,11400.00,nan,nan,nan,nan
2020-05-23 09:45:00-06:00,nan,4590.00,787.00,508.00,nan
2020-05-23 09:50:00-06:00,11900.00,nan,nan,nan,nan
2020-05-23 10:00:00-06:00,11400.00,4560.00,787.00,506.00,nan
2020-05-23 10:10:00-06:00,11500.00,nan,nan,nan,nan
2020-05-23 10:15:00-06:00,nan,4560.00,787.00,504.00,nan
2020-05-23 10:20:00-06:00,11500.00,nan,nan,nan,nan
2020-05-23 10:30:00-06:00,11500.00,4580.00,787.00,503.00,nan
2020-05-23 10:40:00-06:00,11500.00,nan,nan,nan,nan
2020-05-23 10:45:00-06:00,nan,4600.00,787.00,501.00,nan
2020-05-23 10:50:00-06:00,11800.00,nan,nan,nan,nan
2020-05-23 11:00:00-06:00,11800.00,4580.00,787.00,501.00,nan
2020-05-23 11:10:00-06:00,12400.00,nan,nan,nan,nan
2020-05-23 11:15:00-06:00,nan,4550.00,787.00,499.00,nan
2020-05-23 11:20:00-06:00,13800.00,nan,nan,nan,nan
2020-05-23 11:30:00-06:00,12900.00,4540.00,784.00,495.00,nan
2020-05-23 11:40:00-06:00,11700.00,nan,nan,nan,nan
2020-05-23 11:45:00-06:00,nan,4490.00,784.00,495.00,nan
2020-05-23 11:50:00-06:00,11900.00,nan,nan,nan,nan
2020-05-23 12:00:00-06:00,11800.00,4510.00,784.00,493.00,nan
2020-05-23 12:10:00-06:00,12300.00,nan,nan,nan,nan
2020-05-23 12:15:00-06:00,nan,4510.00,781.00,493.00,nan
2020-05-23 12:20:00-06:00,12200.00,nan,nan,nan,nan
2020-05-23 12:30:00-06:00,11600.00,4510.00,781.00,493.00,nan
2020-05-23 12:40:00-06:00,11500.00,nan,nan,nan,nan
2020-05-23 12:45:00-06:00,nan,4500.00,778.00,491.00,nan
2020-05-23 12:50:00-06:00,11600.00,nan,nan,nan,nan
2020-05-23 13:00:00-06:00,11700.00,4530.00,778.00,491.00,nan
2020-05-23 13:10:00-06:00,11500.00,nan,nan,nan,nan
2020-05-23 13:15:00-06:00,nan,4490.00,778.00,489.00,nan
2020-05-23 13:20:00-06:00,11600.00,nan,nan,nan,nan
2020-05-23 13:30:00-06:00,11600.00,4500.00,778.00,488.00,nan
2020-05-23 13:40:00-06:00,11600.00,nan,nan,nan,nan
2020-05-23 13:45:00-06:00,nan,4490.00,774.00,486.00,nan
2020-05-23 13:50:00-06:00,11600.00,nan,nan,nan,nan
2020-05-23 14:00:00-06:00,11600.00,4490.00,771.00,484.00,nan
2020-05-23 14:10:00-06:00,12000.00,nan,nan,nan,nan
2020-05-23 14:15:00-06:00,nan,4460.00,774.00,484.00,nan
2020-05-23 14:20:00-06:00,12700.00,nan,nan,nan,nan
2020-05-23 14:30:00-06:00,13300.00,4490.00,771.00,482.00,nan
2020-05-23 14:40:00-06:00,13900.00,nan,nan,nan,nan
2020-05-23 14:45:00-06:00,nan,4500.00,768.00,480.00,nan
2020-05-23 14:50:00-06:00,13800.00,nan,nan,nan,nan
2020-05-23 15:00:00-06:00,13800.00,4510.00,768.00,480.00,nan
2020-05-23 15:10:00-06:00,15500.00,nan,nan,nan,nan
2020-05-23 15:15:00-06:00,nan,4500.00,768.00,480.00,nan
2020-05-23 15:20:00-06:00,14400.00,nan,nan,nan,nan
2020-05-23 15:30:00-06:00,13700.00,4510.00,768.00,520.00,nan
2020-05-23 15:40:00-06:00,13300.00,nan,nan,nan,nan
2020-05-23 15:45:00-06:00,nan,4490.00,765.00,634.00,nan
2020-05-23 15:50:00-06:00,13400.00,nan,nan,nan,nan
2020-05-23 16:00:00-06:00,13800.00,4490.00,765.00,732.00,nan
2020-05-23 16:10:00-06:00,13800.00,nan,nan,nan,nan
2020-05-23 16:15:00-06:00,nan,4510.00,765.00,824.00,nan
2020-05-23 16:20:00-06:00,13800.00,nan,nan,nan,nan
2020-05-23 16:30:00-06:00,13800.00,4500.00,762.00,896.00,nan
2020-05-23 16:40:00-06:00,15000.00,nan,nan,nan,nan
2020-05-23 16:45:00-06:00,nan,4460.00,762.00,948.00,nan
2020-05-23 16:50:00-06:00,15400.00,nan,nan,nan,nan
2020-05-23 17:00:00-06:00,15800.00,4490.00,762.00,992.00,nan
2020-05-23 17:10:00-06:00,15600.00,nan,nan,nan,nan
2020-05-23 17:15:00-06:00,nan,4470.00,765.00,1030.00,nan
2020-05-23 17:20:00-06:00,15700.00,nan,nan,nan,nan
2020-05-23 17:30:00-06:00,15600.00,4460.00,765.00,1070.00,nan
2020-05-23 17:40:00-06:00,15700.00,nan,nan,nan,nan
2020-05-23 17:45:00-06:00,nan,4470.00,762.00,1100.00,nan
2020-05-23 17:50:00-06:00,15700.00,nan,nan,nan,nan
2020-05-23 18:00:00-06:00,16100.00,4470.00,762.00,1140.00,nan
2020-05-23 18:10:00-06:00,16100.00,nan,nan,nan,nan
2020-05-23 18:15:00-06:00,nan,4460.00,762.00,1170.00,nan
2020-05-23 18:20:00-06:00,15900.00,nan,nan,nan,nan
2020-05-23 18:30:00-06:00,15800.00,4460.00,758.00,1200.00,nan
2020-05-23 18:40:00-06:00,16700.00,nan,nan,nan,nan
2020-05-23 18:45:00-06:00,nan,4450.00,758.00,1240.00,nan
2020-05-23 18:50:00-06:00,17000.00,nan,nan,nan,nan
2020-05-23 19:00:00-06:00,16500.00,4450.00,758.00,1280.00,nan
2020-05-23 19:10:00-06:00,16000.00,nan,nan,nan,nan
2020-05-23 19:15:00-06:00,nan,4450.00,758.00,1310.00,nan
2020-05-23 19:20:00-06:00,15500.00,nan,nan,nan,nan
2020-05-23 19:30:00-06:00,15400.00,4440.00,758.00,1350.00,nan
2020-05-23 19:40:00-06:00,15200.00,nan,nan,nan,nan
2020-05-23 19:45:00-06:00,nan,4440.00,752.00,1380.00,nan
2020-05-23 19:50:00-06:00,15000.00,nan,nan,nan,nan
2020-05-23 20:00:00-06:00,14900.00,4420.00,781.00,1400.00,nan
2020-05-23 20:10:00-06:00,14800.00,nan,nan,nan,nan
2020-05-23 20:15:00-06:00,nan,4420.00,787.00,1430.00,nan
2020-05-23 20:20:00-06:00,14900.00,nan,nan,nan,nan
2020-05-23 20:30:00-06:00,14800.00,4450.00,787.00,1450.00,nan
2020-05-23 20:40:00-06:00,14800.00,nan,nan,nan,nan
2020-05-23 20:45:00-06:00,nan,4440.00,790.00,1470.00,nan
2020-05-23 20:50:00-06:00,15600.00,nan,nan,nan,nan
2020-05-23 21:00:00-06:00,16100.00,4420.00,790.00,1480.00,nan
2020-05-23 21:10:00-06:00,16500.00,nan,nan,nan,nan
2020-05-23 21:15:00-06:00,nan,4420.00,794.00,1510.00,nan
2020-05-23 21:20:00-06:00,16800.00,nan,nan,nan,nan
2020-05-23 21:30:00-06:00,16800.00,4450.00,797.00,1530.00,nan
2020-05-23 21:40:00-06:00,16700.00,nan,nan,nan,nan
2020-05-23 21:45:00-06:00,nan,4440.00,797.00,1550.00,nan
2020-05-23 21:50:00-06:00,16600.00,nan,nan,nan,nan
2020-05-23 22:00:00-06:00,16600.00,4450.00,800.00,1570.00,nan
2020-05-23 22:10:00-06:00,16600.00,nan,nan,nan,nan
2020-05-23 22:15:00-06:00,nan,4440.00,803.00,1590.00,nan
2020-05-23 22:20:00-06:00,16500.00,nan,nan,nan,nan
2020-05-23 22:30:00-06:00,16300.00,4410.00,807.00,1610.00,nan
2020-05-23 22:40:00-06:00,16400.00,nan,nan,nan,nan
2020-05-23 22:45:00-06:00,nan,4420.00,807.00,1610.00,nan
2020-05-23 22:50:00-06:00,16300.00,nan,nan,nan,nan
2020-05-23 23:00:00-06:00,16300.00,4440.00,813.00,1640.00,nan
2020-05-23 23:10:00-06:00,16200.00,nan,nan,nan,nan
2020-05-23 23:15:00-06:00,nan,4440.00,816.00,1650.00,nan
2020-05-23 23:20:00-06:00,16200.00,nan,nan,nan,nan
2020-05-23 23:30:00-06:00,16200.00,4400.00,820.00,1660.00,nan
2020-05-23 23:40:00-06:00,16200.00,nan,nan,nan,nan
2020-05-23 23:45:00-06:00,nan,4410.00,820.00,1660.00,nan
2020-05-23 23:50:00-06:00,15700.00,nan,nan,nan,nan
2020-05-24 00:00:00-06:00,15500.00,4400.00,823.00,1680.00,nan
2020-05-24 00:10:00-06:00,15200.00,nan,nan,nan,nan
2020-05-24 00:15:00-06:00,nan,4400.00,826.00,1680.00,nan
2020-05-24 00:20:00-06:00,15200.00,nan,nan,nan,nan
2020-05-24 00:30:00-06:00,14800.00,4400.00,830.00,1690.00,nan
2020-05-24 00:40:00-06:00,14800.00,nan,nan,nan,nan
2020-05-24 00:45:00-06:00,nan,4400.00,833.00,1700.00,nan
2020-05-24 00:50:00-06:00,14900.00,nan,nan,nan,nan
2020-05-24 01:00:00-06:00,15000.00,4390.00,836.00,1710.00,nan
2020-05-24 01:10:00-06:00,15000.00,nan,nan,nan,nan
2020-05-24 01:15:00-06:00,nan,4390.00,836.00,1710.00,nan
2020-05-24 01:20:00-06:00,14600.00,nan,nan,nan,nan
2020-05-24 01:30:00-06:00,14200.00,4400.00,839.00,1710.00,nan
2020-05-24 01:40:00-06:00,13800.00,nan,nan,nan,nan
2020-05-24 01:45:00-06:00,nan,4410.00,843.00,1710.00,nan
2020-05-24 01:50:00-06:00,14300.00,nan,nan,nan,nan
2020-05-24 02:00:00-06:00,14300.00,4400.00,846.00,1720.00,nan
2020-05-24 02:10:00-06:00,14400.00,nan,nan,nan,nan
2020-05-24 02:15:00-06:00,nan,4370.00,843.00,1710.00,nan
2020-05-24 02:20:00-06:00,16300.00,nan,nan,nan,nan
2020-05-24 02:30:00-06:00,15300.00,4390.00,853.00,1710.00,nan
2020-05-24 02:40:00-06:00,14500.00,nan,nan,nan,nan
2020-05-24 02:45:00-06:00,nan,4370.00,849.00,1710.00,nan
2020-05-24 02:50:00-06:00,14100.00,nan,nan,nan,nan
2020-05-24 03:00:00-06:00,14100.00,4400.00,853.00,1710.00,nan
2020-05-24 03:10:00-06:00,14300.00,nan,nan,nan,nan
2020-05-24 03:15:00-06:00,nan,4400.00,856.00,1710.00,nan
2020-05-24 03:20:00-06:00,14300.00,nan,nan,nan,nan
2020-05-24 03:30:00-06:00,14200.00,4370.00,859.00,1710.00,nan
2020-05-24 03:40:00-06:00,14200.00,nan,nan,nan,nan
2020-05-24 03:45:00-06:00,nan,4390.00,859.00,1700.00,nan
2020-05-24 03:50:00-06:00,13400.00,nan,nan,nan,nan
2020-05-24 04:00:00-06:00,13000.00,4390.00,863.00,1700.00,nan
2020-05-24 04:10:00-06:00,12400.00,nan,nan,nan,nan
2020-05-24 04:15:00-06:00,nan,4360.00,863.00,1690.00,nan
2020-05-24 04:20:00-06:00,12100.00,nan,nan,nan,nan
2020-05-24 04:30:00-06:00,12300.00,4370.00,866.00,1690.00,nan
2020-05-24 04:40:00-06:00,12300.00,nan,nan,nan,nan
2020-05-24 04:45:00-06:00,nan,4390.00,869.00,1680.00,nan
2020-05-24 04:50:00-06:00,12400.00,nan,nan,nan,nan
2020-05-24 05:00:00-06:00,12400.00,4370.00,873.00,1680.00,nan
2020-05-24 05:10:00-06:00,12500.00,nan,nan,nan,nan
2020-05-24 05:15:00-06:00,nan,4390.00,876.00,1680.00,nan
2020-05-24 05:20:00-06:00,12500.00,nan,nan,nan,nan
2020-05-24 05:30:00-06:00,12400.00,4390.00,880.00,1670.00,nan
2020-05-24 05:40:00-06:00,12400.00,nan,nan,nan,nan
2020-05-24 05:45:00-06:00,nan,4340.00,883.00,1670.00,nan
2020-05-24 05:50:00-06:00,12500.00,nan,nan,nan,nan
2020-05-24 06:00:00-06:00,12400.00,4370.00,883.00,1660.00,nan
2020-05-24 06:10:00-06:00,12300.00,nan,nan,nan,nan
2020-05-24 06:15:00-06:00,nan,4350.00,890.00,1660.00,nan
2020-05-24 06:20:00-06:00,12700.00,nan,nan,nan,nan
2020-05-24 06:30:00-06:00,13100.00,4360.00,893.00,1650.00,nan
2020-05-24 06:40:00-06:00,12600.00,nan,nan,nan,nan
2020-05-24 06:45:00-06:00,nan,4340.00,896.00,1640.00,nan
2020-05-24 06:50:00-06:00,12500.00,nan,nan,nan,nan
2020-05-24 07:00:00-06:00,12700.00,4390.00,900.00,1640.00,nan
2020-05-24 07:10:00-06:00,14600.00,nan,nan,nan,nan
2020-05-24 07:15:00-06:00,nan,4370.00,903.00,1630.00,nan
2020-05-24 07:20:00-06:00,13400.00,nan,nan,nan,nan
2020-05-24 07:30:00-06:00,12400.00,4360.00,907.00,1630.00,nan
2020-05-24 07:40:00-06:00,12300.00,nan,nan,nan,nan
2020-05-24 07:45:00-06:00,nan,4370.00,910.00,1620.00,nan
2020-05-24 07:50:00-06:00,12500.00,nan,nan,nan,nan
2020-05-24 08:00:00-06:00,12600.00,4360.00,917.00,1610.00,nan
2020-05-24 08:10:00-06:00,12500.00,nan,nan,nan,nan
2020-05-24 08:15:00-06:00,nan,4350.00,920.00,1600.00,nan
2020-05-24 08:20:00-06:00,12500.00,nan,nan,nan,nan
2020-05-24 08:30:00-06:00,14100.00,4360.00,924.00,1600.00,nan
2020-05-24 08:40:00-06:00,14400.00,nan,nan,nan,nan
2020-05-24 08:45:00-06:00,nan,4350.00,930.00,1590.00,nan
2020-05-24 08:50:00-06:00,12700.00,nan,nan,nan,nan
2020-05-24 09:00:00-06:00,12600.00,4370.00,930.00,1580.00,nan
2020-05-24 09:10:00-06:00,12300.00,nan,nan,nan,nan
2020-05-24 09:15:00-06:00,nan,4320.00,940.00,1570.00,nan
2020-05-24 09:20:00-06:00,12400.00,nan,nan,nan,nan
2020-05-24 09:30:00-06:00,12400.00,4320.00,940.00,1570.00,nan
2020-05-24 09:40:00-06:00,12500.00,nan,nan,nan,nan
2020-05-24 09:45:00-06:00,nan,4320.00,943.00,1550.00,nan
2020-05-24 09:50:00-06:00,12500.00,nan,nan,nan,nan
2020-05-24 10:00:00-06:00,12500.00,4350.00,950.00,1550.00,nan
2020-05-24 10:10:00-06:00,12600.00,nan,nan,nan,nan
2020-05-24 10:15:00-06:00,nan,4320.00,954.00,1550.00,nan
2020-05-24 10:20:00-06:00,14900.00,nan,nan,nan,nan
2020-05-24 10:30:00-06:00,13600.00,4310.00,960.00,1540.00,nan
2020-05-24 10:40:00-06:00,12700.00,nan,nan,nan,nan
2020-05-24 10:45:00-06:00,nan,4350.00,964.00,1540.00,nan
2020-05-24 10:50:00-06:00,12300.00,nan,nan,nan,nan
2020-05-24 11:00:00-06:00,12100.00,4300.00,971.00,1540.00,nan
2020-05-24 11:10:00-06:00,12200.00,nan,nan,nan,nan
2020-05-24 11:15:00-06:00,nan,4310.00,974.00,1540.00,nan
2020-05-24 11:20:00-06:00,12300.00,nan,nan,nan,nan
2020-05-24 11:30:00-06:00,12600.00,4340.00,977.00,1540.00,nan
2020-05-24 11:40:00-06:00,12900.00,nan,nan,nan,nan
2020-05-24 11:45:00-06:00,nan,4300.00,984.00,1530.00,nan
2020-05-24 11:50:00-06:00,12400.00,nan,nan,nan,nan
2020-05-24 12:00:00-06:00,12100.00,4300.00,988.00,1540.00,nan
2020-05-24 12:10:00-06:00,14100.00,nan,nan,nan,nan
2020-05-24 12:15:00-06:00,nan,4320.00,991.00,1530.00,nan
2020-05-24 12:20:00-06:00,13000.00,nan,nan,nan,nan
2020-05-24 12:30:00-06:00,13100.00,4300.00,998.00,1540.00,nan
2020-05-24 12:40:00-06:00,12100.00,nan,nan,nan,nan
2020-05-24 12:45:00-06:00,nan,4300.00,1000.00,1540.00,nan
2020-05-24 12:50:00-06:00,11700.00,nan,nan,nan,nan
2020-05-24 13:00:00-06:00,11900.00,4300.00,1010.00,1540.00,nan
2020-05-24 13:10:00-06:00,12200.00,nan,nan,nan,nan
2020-05-24 13:15:00-06:00,nan,4300.00,1010.00,1540.00,nan
2020-05-24 13:20:00-06:00,12200.00,nan,nan,nan,nan
2020-05-24 13:30:00-06:00,12900.00,4300.00,1020.00,1540.00,nan
2020-05-24 13:40:00-06:00,12300.00,nan,nan,nan,nan
2020-05-24 13:45:00-06:00,nan,4310.00,1020.00,1540.00,nan
2020-05-24 13:50:00-06:00,11900.00,nan,nan,nan,nan
2020-05-24 14:00:00-06:00,11800.00,4260.00,1030.00,1540.00,nan
2020-05-24 14:10:00-06:00,12100.00,nan,nan,nan,nan
2020-05-24 14:15:00-06:00,nan,4300.00,1030.00,1540.00,nan
2020-05-24 14:20:00-06:00,11900.00,nan,nan,nan,nan
2020-05-24 14:30:00-06:00,11900.00,4270.00,1030.00,1540.00,nan
2020-05-24 14:40:00-06:00,11900.00,nan,nan,nan,nan
2020-05-24 14:45:00-06:00,nan,4290.00,1040.00,1540.00,nan
2020-05-24 14:50:00-06:00,14000.00,nan,nan,nan,nan
2020-05-24 15:00:00-06:00,13000.00,4290.00,1040.00,1530.00,nan
2020-05-24 15:10:00-06:00,12300.00,nan,nan,nan,nan
2020-05-24 15:15:00-06:00,nan,4260.00,1050.00,1530.00,nan
2020-05-24 15:20:00-06:00,11800.00,nan,nan,nan,nan
2020-05-24 15:30:00-06:00,11900.00,4270.00,1050.00,1530.00,nan
2020-05-24 15:40:00-06:00,12000.00,nan,nan,nan,nan
2020-05-24 15:45:00-06:00,nan,4290.00,1060.00,1530.00,nan
2020-05-24 15:50:00-06:00,12000.00,nan,nan,nan,nan
2020-05-24 16:00:00-06:00,12000.00,4270.00,1050.00,1520.00,nan
2020-05-24 16:10:00-06:00,11900.00,nan,nan,nan,nan
2020-05-24 16:15:00-06:00,nan,4270.00,1060.00,1520.00,nan
2020-05-24 16:20:00-06:00,11700.00,nan,nan,nan,nan
2020-05-24 16:30:00-06:00,14000.00,4250.00,1060.00,1520.00,nan
2020-05-24 16:40:00-06:00,12800.00,nan,nan,nan,nan
2020-05-24 16:45:00-06:00,nan,4270.00,1070.00,1520.00,nan
2020-05-24 16:50:00-06:00,12100.00,nan,nan,nan,nan
2020-05-24 17:00:00-06:00,12200.00,4270.00,1070.00,1510.00,nan
2020-05-24 17:10:00-06:00,12000.00,nan,nan,nan,nan
2020-05-24 17:15:00-06:00,nan,4250.00,1080.00,1510.00,nan
2020-05-24 17:20:00-06:00,12000.00,nan,nan,nan,nan
2020-05-24 17:30:00-06:00,11900.00,4310.00,1080.00,1510.00,nan
2020-05-24 17:40:00-06:00,11800.00,nan,nan,nan,nan
2020-05-24 17:45:00-06:00,nan,4340.00,1080.00,1500.00,nan
2020-05-24 17:50:00-06:00,11700.00,nan,nan,nan,nan
2020-05-24 18:00:00-06:00,12900.00,4320.00,1080.00,1500.00,nan
2020-05-24 18:10:00-06:00,13400.00,nan,nan,nan,nan
2020-05-24 18:15:00-06:00,nan,4320.00,1090.00,1500.00,nan
2020-05-24 18:20:00-06:00,13100.00,nan,nan,nan,nan
2020-05-24 18:30:00-06:00,12300.00,4310.00,1090.00,1490.00,nan
2020-05-24 18:40:00-06:00,11900.00,nan,nan,nan,nan
2020-05-24 18:45:00-06:00,nan,4300.00,1090.00,1490.00,nan
2020-05-24 18:50:00-06:00,11800.00,nan,nan,nan,nan
2020-05-24 19:00:00-06:00,11800.00,4300.00,1090.00,1480.00,nan
2020-05-24 19:10:00-06:00,11700.00,nan,nan,nan,nan
2020-05-24 19:15:00-06:00,nan,4310.00,1100.00,1480.00,nan
2020-05-24 19:20:00-06:00,11900.00,nan,nan,nan,nan
2020-05-24 19:30:00-06:00,12000.00,4300.00,1100.00,1470.00,nan
2020-05-24 19:40:00-06:00,11900.00,nan,nan,nan,nan
2020-05-24 19:45:00-06:00,nan,4300.00,1100.00,1470.00,nan
2020-05-24 19:50:00-06:00,12000.00,nan,nan,nan,nan
2020-05-24 20:00:00-06:00,12500.00,4290.00,1100.00,1460.00,nan
2020-05-24 20:10:00-06:00,11900.00,nan,nan,nan,nan
2020-05-24 20:15:00-06:00,nan,4300.00,1100.00,1450.00,nan
2020-05-24 20:20:00-06:00,11500.00,nan,nan,nan,nan
2020-05-24 20:30:00-06:00,11600.00,4300.00,1110.00,1450.00,nan
2020-05-24 20:40:00-06:00,11700.00,nan,nan,nan,nan
2020-05-24 20:45:00-06:00,nan,4300.00,1110.00,1440.00,nan
2020-05-24 20:50:00-06:00,11700.00,nan,nan,nan,nan
2020-05-24 21:00:00-06:00,11700.00,4300.00,1110.00,1430.00,nan
2020-05-24 21:10:00-06:00,11700.00,nan,nan,nan,nan
2020-05-24 21:15:00-06:00,nan,4300.00,1110.00,1420.00,nan
2020-05-24 21:20:00-06:00,12300.00,nan,nan,nan,nan
2020-05-24 21:30:00-06:00,12000.00,4260.00,1110.00,1420.00,nan
2020-05-24 21:40:00-06:00,14100.00,nan,nan,nan,nan
2020-05-24 21:45:00-06:00,nan,4310.00,1110.00,1410.00,nan
2020-05-24 21:50:00-06:00,13100.00,nan,nan,nan,nan
2020-05-24 22:00:00-06:00,12300.00,4310.00,1110.00,1400.00,nan
2020-05-24 22:10:00-06:00,12000.00,nan,nan,nan,nan
2020-05-24 22:15:00-06:00,nan,4290.00,1110.00,1390.00,nan
2020-05-24 22:20:00-06:00,11900.00,nan,nan,nan,nan
2020-05-24 22:30:00-06:00,12100.00,4300.00,1110.00,1380.00,nan
2020-05-24 22:40:00-06:00,12200.00,nan,nan,nan,nan
2020-05-24 22:45:00-06:00,nan,4270.00,1110.00,1370.00,nan
2020-05-24 22:50:00-06:00,14400.00,nan,nan,nan,nan
2020-05-24 23:00:00-06:00,12900.00,4300.00,1110.00,1370.00,nan
2020-05-24 23:10:00-06:00,12000.00,nan,nan,nan,nan
2020-05-24 23:15:00-06:00,nan,4290.00,1110.00,1360.00,nan
2020-05-24 23:20:00-06:00,11800.00,nan,nan,nan,nan
2020-05-24 23:30:00-06:00,11700.00,4310.00,1110.00,1350.00,nan
2020-05-24 23:40:00-06:00,11800.00,nan,nan,nan,nan
2020-05-24 23:45:00-06:00,nan,4270.00,1110.00,1340.00,nan
2020-05-24 23:50:00-06:00,11800.00,nan,nan,nan,nan
2020-05-25 00:00:00-06:00,11700.00,4300.00,1110.00,1330.00,nan
2020-05-25 00:10:00-06:00,11800.00,nan,nan,nan,nan
2020-05-25 00:15:00-06:00,nan,4270.00,1110.00,1320.00,nan
2020-05-25 00:20:00-06:00,12400.00,nan,nan,nan,nan
2020-05-25 00:30:00-06:00,11700.00,4300.00,1110.00,1310.00,nan
2020-05-25 00:40:00-06:00,11400.00,nan,nan,nan,nan
2020-05-25 00:45:00-06:00,nan,4310.00,1110.00,1300.00,nan
2020-05-25 00:50:00-06:00,11400.00,nan,nan,nan,nan
2020-05-25 01:00:00-06:00,11200.00,4310.00,1110.00,1290.00,nan
2020-05-25 01:10:00-06:00,11500.00,nan,nan,nan,nan
2020-05-25 01:15:00-06:00,nan,4310.00,1110.00,1280.00,nan
2020-05-25 01:20:00-06:00,11900.00,nan,nan,nan,nan
2020-05-25 01:30:00-06:00,11600.00,4270.00,1110.00,1270.00,nan
2020-05-25 01:40:00-06:00,11600.00,nan,nan,nan,nan
2020-05-25 01:45:00-06:00,nan,4300.00,1110.00,1260.00,nan
2020-05-25 01:50:00-06:00,11500.00,nan,nan,nan,nan
2020-05-25 02:00:00-06:00,11600.00,4300.00,1110.00,1250.00,nan
2020-05-25 02:10:00-06:00,11600.00,nan,nan,nan,nan
2020-05-25 02:15:00-06:00,nan,4300.00,1110.00,1250.00,nan
2020-05-25 02:20:00-06:00,11700.00,nan,nan,nan,nan
2020-05-25 02:30:00-06:00,11800.00,4300.00,1110.00,1230.00,nan
2020-05-25 02:40:00-06:00,11800.00,nan,nan,nan,nan
2020-05-25 02:45:00-06:00,nan,4290.00,1110.00,1220.00,nan
2020-05-25 02:50:00-06:00,11700.00,nan,nan,nan,nan
2020-05-25 03:00:00-06:00,11800.00,4310.00,1100.00,1210.00,nan
2020-05-25 03:10:00-06:00,11700.00,nan,nan,nan,nan
2020-05-25 03:15:00-06:00,nan,4310.00,1100.00,1200.00,nan
2020-05-25 03:20:00-06:00,11700.00,nan,nan,nan,nan
2020-05-25 03:30:00-06:00,11700.00,4360.00,1100.00,1190.00,nan
2020-05-25 03:40:00-06:00,12100.00,nan,nan,nan,nan
2020-05-25 03:45:00-06:00,nan,4320.00,1100.00,1180.00,nan
2020-05-25 03:50:00-06:00,12200.00,nan,nan,nan,nan
2020-05-25 04:00:00-06:00,11800.00,4320.00,1100.00,1170.00,nan
2020-05-25 04:10:00-06:00,11800.00,nan,nan,nan,nan
2020-05-25 04:15:00-06:00,nan,4360.00,1100.00,1160.00,nan
2020-05-25 04:20:00-06:00,11700.00,nan,nan,nan,nan
2020-05-25 04:30:00-06:00,11800.00,4360.00,1100.00,1150.00,nan
2020-05-25 04:40:00-06:00,11800.00,nan,nan,nan,nan
2020-05-25 04:45:00-06:00,nan,4310.00,1100.00,1140.00,nan
2020-05-25 04:50:00-06:00,11800.00,nan,nan,nan,nan
2020-05-25 05:00:00-06:00,13500.00,4290.00,1100.00,1130.00,nan
2020-05-25 05:10:00-06:00,13200.00,nan,nan,nan,nan
2020-05-25 05:15:00-06:00,nan,4300.00,1090.00,1120.00,nan
2020-05-25 05:20:00-06:00,12700.00,nan,nan,nan,nan
2020-05-25 05:30:00-06:00,12100.00,4300.00,1090.00,1110.00,nan
2020-05-25 05:40:00-06:00,11700.00,nan,nan,nan,nan
2020-05-25 05:45:00-06:00,nan,4320.00,1090.00,1100.00,nan
2020-05-25 05:50:00-06:00,11900.00,nan,nan,nan,nan
2020-05-25 06:00:00-06:00,12000.00,4300.00,1090.00,1090.00,nan
2020-05-25 06:10:00-06:00,11900.00,nan,nan,nan,nan
2020-05-25 06:15:00-06:00,nan,4300.00,1090.00,1080.00,nan
2020-05-25 06:20:00-06:00,11900.00,nan,nan,nan,nan
2020-05-25 06:30:00-06:00,11900.00,4300.00,1080.00,1070.00,nan
2020-05-25 06:40:00-06:00,11800.00,nan,nan,nan,nan
2020-05-25 06:45:00-06:00,nan,4310.00,1080.00,1060.00,nan
2020-05-25 06:50:00-06:00,12400.00,nan,nan,nan,nan
2020-05-25 07:00:00-06:00,13900.00,4310.00,1080.00,1050.00,nan
2020-05-25 07:10:00-06:00,13000.00,nan,nan,nan,nan
2020-05-25 07:15:00-06:00,nan,4290.00,1080.00,1040.00,nan
2020-05-25 07:20:00-06:00,12300.00,nan,nan,nan,nan
2020-05-25 07:30:00-06:00,12000.00,4270.00,1070.00,1030.00,nan
2020-05-25 07:40:00-06:00,11700.00,nan,nan,nan,nan
2020-05-25 07:45:00-06:00,nan,4270.00,1070.00,1020.00,nan
2020-05-25 07:50:00-06:00,12200.00,nan,nan,nan,nan
2020-05-25 08:00:00-06:00,13100.00,4270.00,1070.00,1010.00,nan
2020-05-25 08:10:00-06:00,13300.00,nan,nan,nan,nan
2020-05-25 08:15:00-06:00,nan,4300.00,1060.00,1000.00,nan
2020-05-25 08:20:00-06:00,12700.00,nan,nan,nan,nan
2020-05-25 08:30:00-06:00,11900.00,4270.00,1060.00,995.00,nan
2020-05-25 08:40:00-06:00,11600.00,nan,nan,nan,nan
2020-05-25 08:45:00-06:00,nan,4270.00,1060.00,985.00,nan
2020-05-25 08:50:00-06:00,11800.00,nan,nan,nan,nan
2020-05-25 09:00:00-06:00,11900.00,4270.00,1060.00,976.00,nan
2020-05-25 09:10:00-06:00,11800.00,nan,nan,nan,nan
2020-05-25 09:15:00-06:00,nan,4250.00,1060.00,966.00,nan
2020-05-25 09:20:00-06:00,11800.00,nan,nan,nan,nan
2020-05-25 09:30:00-06:00,11800.00,4320.00,1050.00,957.00,nan
2020-05-25 09:40:00-06:00,11900.00,nan,nan,nan,nan
2020-05-25 09:45:00-06:00,nan,4340.00,1050.00,950.00,nan
2020-05-25 09:50:00-06:00,12000.00,nan,nan,nan,nan
2020-05-25 10:00:00-06:00,12000.00,4290.00,1050.00,938.00,nan
2020-05-25 10:10:00-06:00,11900.00,nan,nan,nan,nan
2020-05-25 10:15:00-06:00,nan,4270.00,1050.00,931.00,nan
2020-05-25 10:20:00-06:00,11800.00,nan,nan,nan,nan
2020-05-25 10:30:00-06:00,11700.00,4270.00,1040.00,922.00,nan
2020-05-25 10:40:00-06:00,11700.00,nan,nan,nan,nan
2020-05-25 10:45:00-06:00,nan,4320.00,1040.00,913.00,nan
2020-05-25 10:50:00-06:00,11700.00,nan,nan,nan,nan
2020-05-25 11:00:00-06:00,12400.00,4340.00,1040.00,906.00,nan
2020-05-25 11:10:00-06:00,11500.00,nan,nan,nan,nan
2020-05-25 11:15:00-06:00,nan,4300.00,1040.00,896.00,nan
2020-05-25 11:20:00-06:00,12200.00,nan,nan,nan,nan
2020-05-25 11:30:00-06:00,13800.00,4300.00,1030.00,892.00,nan
2020-05-25 11:40:00-06:00,12900.00,nan,nan,nan,nan
2020-05-25 11:45:00-06:00,nan,4270.00,1030.00,885.00,nan
2020-05-25 11:50:00-06:00,11500.00,nan,nan,nan,nan
2020-05-25 12:00:00-06:00,11600.00,4260.00,1030.00,878.00,nan
2020-05-25 12:10:00-06:00,11700.00,nan,nan,nan,nan
2020-05-25 12:15:00-06:00,nan,4250.00,1020.00,876.00,nan
2020-05-25 12:20:00-06:00,11800.00,nan,nan,nan,nan
2020-05-25 12:30:00-06:00,13700.00,4260.00,1020.00,867.00,nan
2020-05-25 12:40:00-06:00,12900.00,nan,nan,nan,nan
2020-05-25 12:45:00-06:00,nan,4260.00,1020.00,860.00,nan
2020-05-25 12:50:00-06:00,12500.00,nan,nan,nan,nan
2020-05-25 13:00:00-06:00,11500.00,4320.00,1020.00,853.00,nan
2020-05-25 13:10:00-06:00,11300.00,nan,nan,nan,nan
2020-05-25 13:15:00-06:00,nan,4320.00,1010.00,844.00,nan
2020-05-25 13:20:00-06:00,11400.00,nan,nan,nan,nan
2020-05-25 13:30:00-06:00,12300.00,4320.00,1010.00,840.00,nan
2020-05-25 13:40:00-06:00,11500.00,nan,nan,nan,nan
2020-05-25 13:45:00-06:00,nan,4320.00,1010.00,831.00,nan
2020-05-25 13:50:00-06:00,11100.00,nan,nan,nan,nan
2020-05-25 14:00:00-06:00,11300.00,4310.00,1000.00,826.00,nan
2020-05-25 14:10:00-06:00,11200.00,nan,nan,nan,nan
2020-05-25 14:15:00-06:00,nan,4310.00,1000.00,819.00,nan
2020-05-25 14:20:00-06:00,11200.00,nan,nan,nan,nan
2020-05-25 14:30:00-06:00,11200.00,4310.00,998.00,813.00,nan
2020-05-25 14:40:00-06:00,11200.00,nan,nan,nan,nan
2020-05-25 14:45:00-06:00,nan,4300.00,995.00,806.00,nan
2020-05-25 14:50:00-06:00,11400.00,nan,nan,nan,nan
2020-05-25 15:00:00-06:00,11300.00,4310.00,991.00,804.00,nan
2020-05-25 15:10:00-06:00,11800.00,nan,nan,nan,nan
2020-05-25 15:15:00-06:00,nan,4320.00,988.00,799.00,nan
2020-05-25 15:20:00-06:00,11800.00,nan,nan,nan,nan
2020-05-25 15:30:00-06:00,11100.00,4310.00,984.00,793.00,nan
2020-05-25 15:40:00-06:00,11000.00,nan,nan,nan,nan
2020-05-25 15:45:00-06:00,nan,4310.00,984.00,788.00,nan
2020-05-25 15:50:00-06:00,11100.00,nan,nan,nan,nan
2020-05-25 16:00:00-06:00,11200.00,4290.00,981.00,782.00,nan
2020-05-25 16:10:00-06:00,11200.00,nan,nan,nan,nan
2020-05-25 16:15:00-06:00,nan,4270.00,977.00,777.00,nan
2020-05-25 16:20:00-06:00,11300.00,nan,nan,nan,nan
2020-05-25 16:30:00-06:00,11200.00,4240.00,974.00,771.00,nan
2020-05-25 16:40:00-06:00,12000.00,nan,nan,nan,nan
2020-05-25 16:45:00-06:00,nan,4240.00,974.00,766.00,nan
2020-05-25 16:50:00-06:00,11400.00,nan,nan,nan,nan
2020-05-25 17:00:00-06:00,13600.00,4260.00,967.00,760.00,nan
2020-05-25 17:10:00-06:00,12500.00,nan,nan,nan,nan
2020-05-25 17:15:00-06:00,nan,4250.00,967.00,756.00,nan
2020-05-25 17:20:00-06:00,11500.00,nan,nan,nan,nan
2020-05-25 17:30:00-06:00,11300.00,4250.00,960.00,749.00,nan
2020-05-25 17:40:00-06:00,11100.00,nan,nan,nan,nan
2020-05-25 17:45:00-06:00,nan,4250.00,960.00,743.00,nan
2020-05-25 17:50:00-06:00,11400.00,nan,nan,nan,nan
2020-05-25 18:00:00-06:00,11500.00,4260.00,957.00,738.00,nan
2020-05-25 18:10:00-06:00,12100.00,nan,nan,nan,nan
2020-05-25 18:15:00-06:00,nan,4300.00,950.00,734.00,nan
2020-05-25 18:20:00-06:00,11600.00,nan,nan,nan,nan
2020-05-25 18:30:00-06:00,11100.00,4260.00,950.00,728.00,nan
2020-05-25 18:40:00-06:00,11500.00,nan,nan,nan,nan
2020-05-25 18:45:00-06:00,nan,4260.00,950.00,725.00,nan
2020-05-25 18:50:00-06:00,12500.00,nan,nan,nan,nan
2020-05-25 19:00:00-06:00,11900.00,4270.00,947.00,721.00,nan
2020-05-25 19:10:00-06:00,10900.00,nan,nan,nan,nan
2020-05-25 19:15:00-06:00,nan,4300.00,943.00,715.00,nan
2020-05-25 19:20:00-06:00,12000.00,nan,nan,nan,nan
2020-05-25 19:30:00-06:00,13300.00,4300.00,940.00,713.00,nan
2020-05-25 19:40:00-06:00,13000.00,nan,nan,nan,nan
2020-05-25 19:45:00-06:00,nan,4310.00,937.00,706.00,nan
2020-05-25 19:50:00-06:00,11700.00,nan,nan,nan,nan
2020-05-25 20:00:00-06:00,11000.00,4290.00,934.00,702.00,nan
2020-05-25 20:10:00-06:00,10900.00,nan,nan,nan,nan
2020-05-25 20:15:00-06:00,nan,4270.00,930.00,696.00,nan
2020-05-25 20:20:00-06:00,11000.00,nan,nan,nan,nan
2020-05-25 20:30:00-06:00,10600.00,4270.00,930.00,694.00,nan
2020-05-25 20:40:00-06:00,11000.00,nan,nan,nan,nan
2020-05-25 20:45:00-06:00,nan,4290.00,927.00,687.00,nan
2020-05-25 20:50:00-06:00,11300.00,nan,nan,nan,nan
2020-05-25 21:00:00-06:00,11300.00,4270.00,924.00,683.00,nan
2020-05-25 21:10:00-06:00,11200.00,nan,nan,nan,nan
2020-05-25 21:15:00-06:00,nan,4290.00,920.00,679.00,nan
2020-05-25 21:20:00-06:00,11200.00,nan,nan,nan,nan
2020-05-25 21:30:00-06:00,11100.00,4290.00,920.00,675.00,nan
2020-05-25 21:40:00-06:00,11200.00,nan,nan,nan,nan
2020-05-25 21:45:00-06:00,nan,4270.00,917.00,671.00,nan
2020-05-25 21:50:00-06:00,11400.00,nan,nan,nan,nan
2020-05-25 22:00:00-06:00,11400.00,4300.00,917.00,667.00,nan
2020-05-25 22:10:00-06:00,11500.00,nan,nan,nan,nan
2020-05-25 22:15:00-06:00,nan,4290.00,913.00,663.00,nan
2020-05-25 22:20:00-06:00,11300.00,nan,nan,nan,nan
2020-05-25 22:30:00-06:00,11400.00,4290.00,910.00,658.00,nan
2020-05-25 22:40:00-06:00,11400.00,nan,nan,nan,nan
2020-05-25 22:45:00-06:00,nan,4300.00,910.00,656.00,nan
2020-05-25 22:50:00-06:00,11300.00,nan,nan,nan,nan
2020-05-25 23:00:00-06:00,11300.00,4270.00,907.00,650.00,nan
2020-05-25 23:10:00-06:00,11300.00,nan,nan,nan,nan
2020-05-25 23:15:00-06:00,nan,4290.00,907.00,646.00,nan
2020-05-25 23:20:00-06:00,11300.00,nan,nan,nan,nan
2020-05-25 23:30:00-06:00,11300.00,4300.00,903.00,642.00,nan
2020-05-25 23:40:00-06:00,11300.00,nan,nan,nan,nan
2020-05-25 23:45:00-06:00,nan,4300.00,900.00,634.00,nan
2020-05-25 23:50:00-06:00,11300.00,nan,nan,nan,nan
2020-05-26 00:00:00-06:00,11300.00,4260.00,900.00,634.00,nan
2020-05-26 00:10:00-06:00,11300.00,nan,nan,nan,nan
2020-05-26 00:15:00-06:00,nan,4260.00,896.00,630.00,nan
2020-05-26 00:20:00-06:00,11300.00,nan,nan,nan,nan
2020-05-26 00:30:00-06:00,11200.00,4290.00,896.00,624.00,nan
2020-05-26 00:40:00-06:00,11200.00,nan,nan,nan,nan
2020-05-26 00:45:00-06:00,nan,4290.00,896.00,618.00,nan
2020-05-26 00:50:00-06:00,11200.00,nan,nan,nan,nan
2020-05-26 01:00:00-06:00,11200.00,4260.00,893.00,618.00,nan
2020-05-26 01:10:00-06:00,11200.00,nan,nan,nan,nan
2020-05-26 01:15:00-06:00,nan,4290.00,893.00,614.00,nan
2020-05-26 01:20:00-06:00,11200.00,nan,nan,nan,nan
2020-05-26 01:30:00-06:00,11200.00,4210.00,893.00,610.00,nan
2020-05-26 01:40:00-06:00,11300.00,nan,nan,nan,nan
2020-05-26 01:45:00-06:00,nan,4250.00,890.00,604.00,nan
2020-05-26 01:50:00-06:00,13400.00,nan,nan,nan,nan
2020-05-26 02:00:00-06:00,12500.00,4270.00,886.00,600.00,nan
2020-05-26 02:10:00-06:00,11700.00,nan,nan,nan,nan
2020-05-26 02:15:00-06:00,nan,4270.00,886.00,600.00,nan
2020-05-26 02:20:00-06:00,11200.00,nan,nan,nan,nan
2020-05-26 02:30:00-06:00,11200.00,4270.00,886.00,598.00,nan
2020-05-26 02:40:00-06:00,11200.00,nan,nan,nan,nan
2020-05-26 02:45:00-06:00,nan,4270.00,886.00,594.00,nan
2020-05-26 02:50:00-06:00,11300.00,nan,nan,nan,nan
2020-05-26 03:00:00-06:00,11700.00,4260.00,886.00,590.00,nan
2020-05-26 03:10:00-06:00,11200.00,nan,nan,nan,nan
2020-05-26 03:15:00-06:00,nan,4260.00,883.00,584.00,nan
2020-05-26 03:20:00-06:00,11100.00,nan,nan,nan,nan
2020-05-26 03:30:00-06:00,11000.00,4290.00,880.00,584.00,nan
2020-05-26 03:40:00-06:00,11100.00,nan,nan,nan,nan
2020-05-26 03:45:00-06:00,nan,4270.00,880.00,578.00,nan
2020-05-26 03:50:00-06:00,11100.00,nan,nan,nan,nan
2020-05-26 04:00:00-06:00,11100.00,4250.00,880.00,576.00,nan
2020-05-26 04:10:00-06:00,11100.00,nan,nan,nan,nan
2020-05-26 04:15:00-06:00,nan,4260.00,880.00,570.00,nan
2020-05-26 04:20:00-06:00,11100.00,nan,nan,nan,nan
2020-05-26 04:30:00-06:00,11700.00,4240.00,876.00,568.00,nan
2020-05-26 04:40:00-06:00,11400.00,nan,nan,nan,nan
2020-05-26 04:45:00-06:00,nan,4220.00,876.00,564.00,nan
2020-05-26 04:50:00-06:00,10800.00,nan,nan,nan,nan
2020-05-26 05:00:00-06:00,10600.00,4220.00,876.00,562.00,nan
2020-05-26 05:10:00-06:00,10700.00,nan,nan,nan,nan
2020-05-26 05:15:00-06:00,nan,4240.00,873.00,560.00,nan
2020-05-26 05:20:00-06:00,11000.00,nan,nan,nan,nan
2020-05-26 05:30:00-06:00,11200.00,4300.00,873.00,554.00,nan
2020-05-26 05:40:00-06:00,11300.00,nan,nan,nan,nan
2020-05-26 05:45:00-06:00,nan,4350.00,869.00,552.00,nan
2020-05-26 05:50:00-06:00,11300.00,nan,nan,nan,nan
2020-05-26 06:00:00-06:00,11300.00,4220.00,869.00,550.00,nan
2020-05-26 06:10:00-06:00,11100.00,nan,nan,nan,nan
2020-05-26 06:15:00-06:00,nan,4190.00,869.00,548.00,nan
2020-05-26 06:20:00-06:00,10900.00,nan,nan,nan,nan
2020-05-26 06:30:00-06:00,10500.00,4150.00,866.00,547.00,nan
2020-05-26 06:40:00-06:00,10400.00,nan,nan,nan,nan
2020-05-26 06:45:00-06:00,nan,4160.00,863.00,543.00,nan
2020-05-26 06:50:00-06:00,10400.00,nan,nan,nan,nan
2020-05-26 07:00:00-06:00,11800.00,4160.00,863.00,539.00,nan
2020-05-26 07:10:00-06:00,13400.00,nan,nan,nan,nan
2020-05-26 07:15:00-06:00,nan,4160.00,863.00,533.00,nan
2020-05-26 07:20:00-06:00,12000.00,nan,nan,nan,nan
2020-05-26 07:30:00-06:00,10400.00,4150.00,863.00,531.00,nan
2020-05-26 07:40:00-06:00,10500.00,nan,nan,nan,nan
2020-05-26 07:45:00-06:00,nan,4150.00,859.00,527.00,nan
2020-05-26 07:50:00-06:00,10600.00,nan,nan,nan,nan
2020-05-26 08:00:00-06:00,10800.00,4150.00,859.00,523.00,nan
2020-05-26 08:10:00-06:00,10800.00,nan,nan,nan,nan
2020-05-26 08:15:00-06:00,nan,4150.00,859.00,522.00,nan
2020-05-26 08:20:00-06:00,12800.00,nan,nan,nan,nan
2020-05-26 08:30:00-06:00,12300.00,4140.00,856.00,520.00,nan
2020-05-26 08:40:00-06:00,11700.00,nan,nan,nan,nan
2020-05-26 08:45:00-06:00,nan,4150.00,856.00,516.00,nan
2020-05-26 08:50:00-06:00,10900.00,nan,nan,nan,nan
2020-05-26 09:00:00-06:00,10700.00,4130.00,853.00,514.00,nan
2020-05-26 09:10:00-06:00,10500.00,nan,nan,nan,nan
2020-05-26 09:15:00-06:00,nan,4140.00,853.00,510.00,nan
2020-05-26 09:20:00-06:00,10300.00,nan,nan,nan,nan
2020-05-26 09:30:00-06:00,9950.00,4110.00,849.00,508.00,nan
2020-05-26 09:40:00-06:00,10100.00,nan,nan,nan,nan
2020-05-26 09:45:00-06:00,nan,4150.00,846.00,506.00,nan
2020-05-26 09:50:00-06:00,10100.00,nan,nan,nan,nan
2020-05-26 10:00:00-06:00,9440.00,4110.00,846.00,503.00,nan
2020-05-26 10:10:00-06:00,9220.00,nan,nan,nan,nan
2020-05-26 10:15:00-06:00,nan,4100.00,846.00,501.00,nan
2020-05-26 10:20:00-06:00,9580.00,nan,nan,nan,nan
2020-05-26 10:30:00-06:00,9750.00,4130.00,843.00,497.00,nan
2020-05-26 10:40:00-06:00,9730.00,nan,nan,nan,nan
2020-05-26 10:45:00-06:00,nan,4090.00,839.00,493.00,nan
2020-05-26 10:50:00-06:00,9680.00,nan,nan,nan,nan
2020-05-26 11:00:00-06:00,9050.00,4100.00,839.00,491.00,nan
2020-05-26 11:10:00-06:00,9730.00,nan,nan,nan,nan
2020-05-26 11:15:00-06:00,nan,4110.00,836.00,486.00,nan
2020-05-26 11:20:00-06:00,10200.00,nan,nan,nan,nan
2020-05-26 11:30:00-06:00,9470.00,4100.00,833.00,486.00,nan
2020-05-26 11:40:00-06:00,8680.00,nan,nan,nan,nan
2020-05-26 11:45:00-06:00,nan,4100.00,830.00,484.00,nan
2020-05-26 11:50:00-06:00,8980.00,nan,nan,nan,nan
2020-05-26 12:00:00-06:00,9180.00,4110.00,830.00,482.00,nan
2020-05-26 12:10:00-06:00,9120.00,nan,nan,nan,nan
2020-05-26 12:15:00-06:00,nan,4080.00,830.00,480.00,nan
2020-05-26 12:20:00-06:00,9040.00,nan,nan,nan,nan
2020-05-26 12:30:00-06:00,9100.00,4080.00,823.00,478.00,nan
2020-05-26 12:40:00-06:00,9400.00,nan,nan,nan,nan
2020-05-26 12:45:00-06:00,nan,4070.00,823.00,478.00,nan
2020-05-26 12:50:00-06:00,9180.00,nan,nan,nan,nan
2020-05-26 13:00:00-06:00,9240.00,4080.00,816.00,476.00,nan
2020-05-26 13:10:00-06:00,9440.00,nan,nan,nan,nan
2020-05-26 13:15:00-06:00,nan,4090.00,816.00,476.00,nan
2020-05-26 13:20:00-06:00,10100.00,nan,nan,nan,nan
2020-05-26 13:30:00-06:00,11600.00,4070.00,810.00,476.00,nan
2020-05-26 13:40:00-06:00,10500.00,nan,nan,nan,nan
2020-05-26 13:45:00-06:00,nan,4050.00,810.00,476.00,nan
2020-05-26 13:50:00-06:00,9340.00,nan,nan,nan,nan
2020-05-26 14:00:00-06:00,8860.00,4050.00,803.00,475.00,nan
2020-05-26 14:10:00-06:00,8870.00,nan,nan,nan,nan
2020-05-26 14:15:00-06:00,nan,4050.00,800.00,476.00,nan
2020-05-26 14:20:00-06:00,8670.00,nan,nan,nan,nan
2020-05-26 14:30:00-06:00,9220.00,4050.00,790.00,475.00,nan
2020-05-26 14:40:00-06:00,9230.00,nan,nan,nan,nan
2020-05-26 14:45:00-06:00,nan,4050.00,794.00,471.00,nan
2020-05-26 14:50:00-06:00,9200.00,nan,nan,nan,nan
2020-05-26 15:00:00-06:00,9220.00,4040.00,787.00,473.00,nan
2020-05-26 15:10:00-06:00,9250.00,nan,nan,nan,nan
2020-05-26 15:15:00-06:00,nan,4050.00,781.00,473.00,nan
2020-05-26 15:20:00-06:00,9720.00,nan,nan,nan,nan
2020-05-26 15:30:00-06:00,9880.00,4070.00,778.00,473.00,nan
2020-05-26 15:40:00-06:00,9890.00,nan,nan,nan,nan
2020-05-26 15:45:00-06:00,nan,4050.00,768.00,475.00,nan
2020-05-26 15:50:00-06:00,10300.00,nan,nan,nan,nan
2020-05-26 16:00:00-06:00,10600.00,4040.00,765.00,476.00,nan
2020-05-26 16:10:00-06:00,9790.00,nan,nan,nan,nan
2020-05-26 16:15:00-06:00,nan,4030.00,755.00,480.00,nan
2020-05-26 16:20:00-06:00,9570.00,nan,nan,nan,nan
2020-05-26 16:30:00-06:00,9600.00,4040.00,749.00,484.00,nan
2020-05-26 16:40:00-06:00,9590.00,nan,nan,nan,nan
2020-05-26 16:45:00-06:00,nan,4030.00,746.00,486.00,nan
2020-05-26 16:50:00-06:00,9670.00,nan,nan,nan,nan
2020-05-26 17:00:00-06:00,9740.00,4010.00,736.00,486.00,nan
2020-05-26 17:10:00-06:00,9780.00,nan,nan,nan,nan
2020-05-26 17:15:00-06:00,nan,4030.00,730.00,488.00,nan
2020-05-26 17:20:00-06:00,10800.00,nan,nan,nan,nan
2020-05-26 17:30:00-06:00,10600.00,4030.00,721.00,488.00,nan
2020-05-26 17:40:00-06:00,9850.00,nan,nan,nan,nan
2020-05-26 17:45:00-06:00,nan,4020.00,715.00,488.00,nan
2020-05-26 17:50:00-06:00,9320.00,nan,nan,nan,nan
2020-05-26 18:00:00-06:00,9190.00,4010.00,708.00,486.00,nan
2020-05-26 18:10:00-06:00,8680.00,nan,nan,nan,nan
2020-05-26 18:15:00-06:00,nan,3980.00,702.00,486.00,nan
2020-05-26 18:20:00-06:00,9930.00,nan,nan,nan,nan
2020-05-26 18:30:00-06:00,9570.00,3980.00,693.00,482.00,nan
2020-05-26 18:40:00-06:00,11900.00,nan,nan,nan,nan
2020-05-26 18:45:00-06:00,nan,3990.00,687.00,484.00,nan
2020-05-26 18:50:00-06:00,10800.00,nan,nan,nan,nan
2020-05-26 19:00:00-06:00,9670.00,4010.00,681.00,482.00,nan
2020-05-26 19:10:00-06:00,9460.00,nan,nan,nan,nan
2020-05-26 19:15:00-06:00,nan,3990.00,675.00,484.00,nan
2020-05-26 19:20:00-06:00,10200.00,nan,nan,nan,nan
2020-05-26 19:30:00-06:00,10500.00,3990.00,669.00,484.00,nan
2020-05-26 19:40:00-06:00,10900.00,nan,nan,nan,nan
2020-05-26 19:45:00-06:00,nan,3980.00,663.00,484.00,nan
2020-05-26 19:50:00-06:00,10300.00,nan,nan,nan,nan
2020-05-26 20:00:00-06:00,11400.00,3950.00,657.00,482.00,nan
2020-05-26 20:10:00-06:00,12400.00,nan,nan,nan,nan
2020-05-26 20:15:00-06:00,nan,3970.00,651.00,482.00,nan
2020-05-26 20:20:00-06:00,11200.00,nan,nan,nan,nan
2020-05-26 20:30:00-06:00,9610.00,3970.00,645.00,480.00,nan
2020-05-26 20:40:00-06:00,9850.00,nan,nan,nan,nan
2020-05-26 20:45:00-06:00,nan,3960.00,639.00,476.00,nan
2020-05-26 20:50:00-06:00,9890.00,nan,nan,nan,nan
2020-05-26 21:00:00-06:00,10100.00,3960.00,633.00,476.00,nan
2020-05-26 21:10:00-06:00,10100.00,nan,nan,nan,nan
2020-05-26 21:15:00-06:00,nan,3960.00,627.00,473.00,nan
2020-05-26 21:20:00-06:00,9950.00,nan,nan,nan,nan
2020-05-26 21:30:00-06:00,10700.00,3950.00,621.00,469.00,nan
2020-05-26 21:40:00-06:00,10200.00,nan,nan,nan,nan
2020-05-26 21:45:00-06:00,nan,3930.00,616.00,467.00,nan
2020-05-26 21:50:00-06:00,9750.00,nan,nan,nan,nan
2020-05-26 22:00:00-06:00,9680.00,3900.00,610.00,465.00,nan
2020-05-26 22:10:00-06:00,11500.00,nan,nan,nan,nan
2020-05-26 22:15:00-06:00,nan,3930.00,607.00,462.00,nan
2020-05-26 22:20:00-06:00,11200.00,nan,nan,nan,nan
2020-05-26 22:30:00-06:00,10700.00,3950.00,598.00,458.00,nan
2020-05-26 22:40:00-06:00,10400.00,nan,nan,nan,nan
2020-05-26 22:45:00-06:00,nan,3930.00,595.00,456.00,nan
2020-05-26 22:50:00-06:00,9610.00,nan,nan,nan,nan
2020-05-26 23:00:00-06:00,9160.00,3920.00,590.00,454.00,nan
2020-05-26 23:10:00-06:00,9750.00,nan,nan,nan,nan
2020-05-26 23:15:00-06:00,nan,3910.00,587.00,452.00,nan
2020-05-26 23:20:00-06:00,9820.00,nan,nan,nan,nan
2020-05-26 23:30:00-06:00,9760.00,3910.00,581.00,447.00,nan
2020-05-26 23:40:00-06:00,9710.00,nan,nan,nan,nan
2020-05-26 23:45:00-06:00,nan,3900.00,578.00,445.00,nan
2020-05-26 23:50:00-06:00,10000.00,nan,nan,nan,nan
2020-05-27 00:00:00-06:00,10500.00,3890.00,573.00,442.00,nan
2020-05-27 00:10:00-06:00,10900.00,nan,nan,nan,nan
2020-05-27 00:15:00-06:00,nan,3890.00,567.00,440.00,nan
2020-05-27 00:20:00-06:00,10900.00,nan,nan,nan,nan
2020-05-27 00:30:00-06:00,10900.00,3880.00,564.00,438.00,nan
2020-05-27 00:40:00-06:00,10700.00,nan,nan,nan,nan
2020-05-27 00:45:00-06:00,nan,3900.00,561.00,436.00,nan
2020-05-27 00:50:00-06:00,10700.00,nan,nan,nan,nan
2020-05-27 01:00:00-06:00,10700.00,3860.00,559.00,434.00,nan
2020-05-27 01:10:00-06:00,10900.00,nan,nan,nan,nan
2020-05-27 01:15:00-06:00,nan,3860.00,556.00,429.00,nan
2020-05-27 01:20:00-06:00,13200.00,nan,nan,nan,nan
2020-05-27 01:30:00-06:00,12100.00,3860.00,550.00,427.00,nan
2020-05-27 01:40:00-06:00,10900.00,nan,nan,nan,nan
2020-05-27 01:45:00-06:00,nan,3830.00,547.00,427.00,nan
2020-05-27 01:50:00-06:00,10900.00,nan,nan,nan,nan
2020-05-27 02:00:00-06:00,11400.00,3840.00,545.00,424.00,nan
2020-05-27 02:10:00-06:00,11100.00,nan,nan,nan,nan
2020-05-27 02:15:00-06:00,nan,3840.00,542.00,424.00,nan
2020-05-27 02:20:00-06:00,10600.00,nan,nan,nan,nan
2020-05-27 02:30:00-06:00,10700.00,3850.00,539.00,422.00,nan
2020-05-27 02:40:00-06:00,10800.00,nan,nan,nan,nan
2020-05-27 02:45:00-06:00,nan,3820.00,536.00,418.00,nan
2020-05-27 02:50:00-06:00,10800.00,nan,nan,nan,nan
2020-05-27 03:00:00-06:00,10900.00,3810.00,536.00,418.00,nan
2020-05-27 03:10:00-06:00,10900.00,nan,nan,nan,nan
2020-05-27 03:15:00-06:00,nan,3830.00,534.00,416.00,nan
2020-05-27 03:20:00-06:00,11100.00,nan,nan,nan,nan
2020-05-27 03:30:00-06:00,11600.00,3820.00,531.00,415.00,nan
2020-05-27 03:40:00-06:00,10800.00,nan,nan,nan,nan
2020-05-27 03:45:00-06:00,nan,3830.00,528.00,413.00,nan
2020-05-27 03:50:00-06:00,10400.00,nan,nan,nan,nan
2020-05-27 04:00:00-06:00,9150.00,3810.00,528.00,413.00,nan
2020-05-27 04:10:00-06:00,11600.00,nan,nan,nan,nan
2020-05-27 04:15:00-06:00,nan,3780.00,525.00,411.00,nan
2020-05-27 04:20:00-06:00,14000.00,nan,nan,nan,nan
2020-05-27 04:30:00-06:00,12500.00,3780.00,523.00,408.00,nan
2020-05-27 04:40:00-06:00,11100.00,nan,nan,nan,nan
2020-05-27 04:45:00-06:00,nan,3780.00,523.00,406.00,nan
2020-05-27 04:50:00-06:00,11000.00,nan,nan,nan,nan
2020-05-27 05:00:00-06:00,10900.00,3750.00,520.00,406.00,nan
2020-05-27 05:10:00-06:00,10900.00,nan,nan,nan,nan
2020-05-27 05:15:00-06:00,nan,3770.00,520.00,406.00,nan
2020-05-27 05:20:00-06:00,10800.00,nan,nan,nan,nan
2020-05-27 05:30:00-06:00,11000.00,3750.00,517.00,404.00,nan
2020-05-27 05:40:00-06:00,11000.00,nan,nan,nan,nan
2020-05-27 05:45:00-06:00,nan,3750.00,517.00,402.00,nan
2020-05-27 05:50:00-06:00,10900.00,nan,nan,nan,nan
2020-05-27 06:00:00-06:00,11000.00,3760.00,515.00,402.00,nan
2020-05-27 06:10:00-06:00,10900.00,nan,nan,nan,nan
2020-05-27 06:15:00-06:00,nan,3740.00,512.00,399.00,nan
2020-05-27 06:20:00-06:00,11600.00,nan,nan,nan,nan
2020-05-27 06:30:00-06:00,10300.00,3740.00,512.00,399.00,nan
2020-05-27 06:40:00-06:00,9360.00,nan,nan,nan,nan
2020-05-27 06:45:00-06:00,nan,3720.00,512.00,397.00,nan
2020-05-27 06:50:00-06:00,10300.00,nan,nan,nan,nan
2020-05-27 07:00:00-06:00,9790.00,3720.00,510.00,395.00,nan
2020-05-27 07:10:00-06:00,9400.00,nan,nan,nan,nan
2020-05-27 07:15:00-06:00,nan,3720.00,510.00,395.00,nan
2020-05-27 07:20:00-06:00,8650.00,nan,nan,nan,nan
2020-05-27 07:30:00-06:00,10100.00,3690.00,508.00,394.00,nan
2020-05-27 07:40:00-06:00,9640.00,nan,nan,nan,nan
2020-05-27 07:45:00-06:00,nan,3690.00,506.00,394.00,nan
2020-05-27 07:50:00-06:00,10700.00,nan,nan,nan,nan
2020-05-27 08:00:00-06:00,10900.00,3690.00,506.00,392.00,nan
2020-05-27 08:10:00-06:00,10800.00,nan,nan,nan,nan
2020-05-27 08:15:00-06:00,nan,3670.00,506.00,390.00,nan
2020-05-27 08:20:00-06:00,10600.00,nan,nan,nan,nan
2020-05-27 08:30:00-06:00,10600.00,3690.00,501.00,390.00,nan
2020-05-27 08:40:00-06:00,10600.00,nan,nan,nan,nan
2020-05-27 08:45:00-06:00,nan,3680.00,501.00,388.00,nan
2020-05-27 08:50:00-06:00,10700.00,nan,nan,nan,nan
2020-05-27 09:00:00-06:00,10600.00,3640.00,501.00,387.00,nan
2020-05-27 09:10:00-06:00,10600.00,nan,nan,nan,nan
2020-05-27 09:15:00-06:00,nan,3640.00,499.00,387.00,nan
2020-05-27 09:20:00-06:00,11900.00,nan,nan,nan,nan
2020-05-27 09:30:00-06:00,13300.00,3670.00,499.00,387.00,nan
2020-05-27 09:40:00-06:00,11900.00,nan,nan,nan,nan
2020-05-27 09:45:00-06:00,nan,3660.00,499.00,385.00,nan
2020-05-27 09:50:00-06:00,10500.00,nan,nan,nan,nan
2020-05-27 10:00:00-06:00,10600.00,3660.00,494.00,383.00,nan
2020-05-27 10:10:00-06:00,10600.00,nan,nan,nan,nan
2020-05-27 10:15:00-06:00,nan,3640.00,497.00,383.00,nan
2020-05-27 10:20:00-06:00,11400.00,nan,nan,nan,nan
2020-05-27 10:30:00-06:00,11200.00,3640.00,494.00,383.00,nan
2020-05-27 10:40:00-06:00,10800.00,nan,nan,nan,nan
2020-05-27 10:45:00-06:00,nan,3620.00,492.00,383.00,nan
2020-05-27 10:50:00-06:00,12500.00,nan,nan,nan,nan
2020-05-27 11:00:00-06:00,11800.00,3630.00,492.00,381.00,nan
2020-05-27 11:10:00-06:00,11600.00,nan,nan,nan,nan
2020-05-27 11:15:00-06:00,nan,3600.00,490.00,380.00,nan
2020-05-27 11:20:00-06:00,10800.00,nan,nan,nan,nan
2020-05-27 11:30:00-06:00,10800.00,3610.00,490.00,380.00,nan
2020-05-27 11:40:00-06:00,10700.00,nan,nan,nan,nan
2020-05-27 11:45:00-06:00,nan,3600.00,490.00,380.00,nan
2020-05-27 11:50:00-06:00,10500.00,nan,nan,nan,nan
2020-05-27 12:00:00-06:00,10800.00,3570.00,488.00,380.00,nan
2020-05-27 12:10:00-06:00,11500.00,nan,nan,nan,nan
2020-05-27 12:15:00-06:00,nan,3590.00,488.00,378.00,nan
2020-05-27 12:20:00-06:00,10300.00,nan,nan,nan,nan
2020-05-27 12:30:00-06:00,9690.00,3590.00,485.00,376.00,nan
2020-05-27 12:40:00-06:00,9400.00,nan,nan,nan,nan
2020-05-27 12:45:00-06:00,nan,3570.00,485.00,378.00,nan
2020-05-27 12:50:00-06:00,9740.00,nan,nan,nan,nan
2020-05-27 13:00:00-06:00,10900.00,3570.00,483.00,378.00,nan
2020-05-27 13:10:00-06:00,11500.00,nan,nan,nan,nan
2020-05-27 13:15:00-06:00,nan,3520.00,483.00,376.00,nan
2020-05-27 13:20:00-06:00,10700.00,nan,nan,nan,nan
2020-05-27 13:30:00-06:00,9620.00,3530.00,481.00,376.00,nan
2020-05-27 13:40:00-06:00,9770.00,nan,nan,nan,nan
2020-05-27 13:45:00-06:00,nan,3520.00,481.00,376.00,nan
2020-05-27 13:50:00-06:00,8880.00,nan,nan,nan,nan
2020-05-27 14:00:00-06:00,8950.00,3510.00,479.00,375.00,nan
2020-05-27 14:10:00-06:00,9030.00,nan,nan,nan,nan
2020-05-27 14:15:00-06:00,nan,3510.00,476.00,375.00,nan
2020-05-27 14:20:00-06:00,9910.00,nan,nan,nan,nan
2020-05-27 14:30:00-06:00,11600.00,3530.00,476.00,373.00,nan
2020-05-27 14:40:00-06:00,10500.00,nan,nan,nan,nan
2020-05-27 14:45:00-06:00,nan,3490.00,474.00,375.00,nan
2020-05-27 14:50:00-06:00,9940.00,nan,nan,nan,nan
2020-05-27 15:00:00-06:00,9450.00,3520.00,474.00,373.00,nan
2020-05-27 15:10:00-06:00,9060.00,nan,nan,nan,nan
2020-05-27 15:15:00-06:00,nan,3510.00,472.00,375.00,nan
2020-05-27 15:20:00-06:00,9680.00,nan,nan,nan,nan
2020-05-27 15:30:00-06:00,10400.00,3500.00,470.00,371.00,nan
2020-05-27 15:40:00-06:00,9330.00,nan,nan,nan,nan
2020-05-27 15:45:00-06:00,nan,3480.00,470.00,371.00,nan
2020-05-27 15:50:00-06:00,8930.00,nan,nan,nan,nan
2020-05-27 16:00:00-06:00,8870.00,3480.00,468.00,371.00,nan
2020-05-27 16:10:00-06:00,9520.00,nan,nan,nan,nan
2020-05-27 16:15:00-06:00,nan,3450.00,468.00,371.00,nan
2020-05-27 16:20:00-06:00,9810.00,nan,nan,nan,nan
2020-05-27 16:30:00-06:00,9420.00,3450.00,465.00,371.00,nan
2020-05-27 16:40:00-06:00,9090.00,nan,nan,nan,nan
2020-05-27 16:45:00-06:00,nan,3450.00,463.00,369.00,nan
2020-05-27 16:50:00-06:00,9400.00,nan,nan,nan,nan
2020-05-27 17:00:00-06:00,9480.00,3450.00,463.00,368.00,nan
2020-05-27 17:10:00-06:00,9440.00,nan,nan,nan,nan
2020-05-27 17:15:00-06:00,nan,3450.00,463.00,368.00,nan
2020-05-27 17:20:00-06:00,9540.00,nan,nan,nan,nan
2020-05-27 17:30:00-06:00,9420.00,3430.00,461.00,368.00,nan
2020-05-27 17:40:00-06:00,9280.00,nan,nan,nan,nan
2020-05-27 17:45:00-06:00,nan,3430.00,459.00,366.00,nan
2020-05-27 17:50:00-06:00,9570.00,nan,nan,nan,nan
2020-05-27 18:00:00-06:00,9670.00,3420.00,459.00,366.00,nan
2020-05-27 18:10:00-06:00,9430.00,nan,nan,nan,nan
2020-05-27 18:15:00-06:00,nan,3420.00,457.00,368.00,nan
2020-05-27 18:20:00-06:00,9200.00,nan,nan,nan,nan
2020-05-27 18:30:00-06:00,9250.00,3390.00,457.00,368.00,nan
2020-05-27 18:40:00-06:00,9940.00,nan,nan,nan,nan
2020-05-27 18:45:00-06:00,nan,3410.00,452.00,368.00,nan
2020-05-27 18:50:00-06:00,11300.00,nan,nan,nan,nan
2020-05-27 19:00:00-06:00,10700.00,3390.00,452.00,369.00,nan
2020-05-27 19:10:00-06:00,9950.00,nan,nan,nan,nan
2020-05-27 19:15:00-06:00,nan,3390.00,452.00,369.00,nan
2020-05-27 19:20:00-06:00,9730.00,nan,nan,nan,nan
2020-05-27 19:30:00-06:00,9560.00,3390.00,450.00,375.00,nan
2020-05-27 19:40:00-06:00,10100.00,nan,nan,nan,nan
2020-05-27 19:45:00-06:00,nan,3380.00,448.00,376.00,nan
2020-05-27 19:50:00-06:00,9180.00,nan,nan,nan,nan
2020-05-27 20:00:00-06:00,9320.00,3370.00,448.00,380.00,nan
2020-05-27 20:10:00-06:00,9410.00,nan,nan,nan,nan
2020-05-27 20:15:00-06:00,nan,3340.00,446.00,381.00,nan
2020-05-27 20:20:00-06:00,9440.00,nan,nan,nan,nan
2020-05-27 20:30:00-06:00,9610.00,3350.00,446.00,385.00,nan
2020-05-27 20:40:00-06:00,9470.00,nan,nan,nan,nan
2020-05-27 20:45:00-06:00,nan,3330.00,443.00,385.00,nan
2020-05-27 20:50:00-06:00,11300.00,nan,nan,nan,nan
2020-05-27 21:00:00-06:00,10900.00,3330.00,443.00,387.00,nan
2020-05-27 21:10:00-06:00,9730.00,nan,nan,nan,nan
2020-05-27 21:15:00-06:00,nan,3320.00,441.00,390.00,nan
2020-05-27 21:20:00-06:00,9130.00,nan,nan,nan,nan
2020-05-27 21:30:00-06:00,9200.00,3320.00,439.00,392.00,nan
2020-05-27 21:40:00-06:00,9170.00,nan,nan,nan,nan
2020-05-27 21:45:00-06:00,nan,3300.00,439.00,392.00,nan
2020-05-27 21:50:00-06:00,9590.00,nan,nan,nan,nan
2020-05-27 22:00:00-06:00,9290.00,3330.00,437.00,392.00,nan
2020-05-27 22:10:00-06:00,9350.00,nan,nan,nan,nan
2020-05-27 22:15:00-06:00,nan,3300.00,437.00,394.00,nan
2020-05-27 22:20:00-06:00,9350.00,nan,nan,nan,nan
2020-05-27 22:30:00-06:00,9910.00,3340.00,435.00,395.00,nan
2020-05-27 22:40:00-06:00,9770.00,nan,nan,nan,nan
2020-05-27 22:45:00-06:00,nan,3280.00,435.00,395.00,nan
2020-05-27 22:50:00-06:00,9110.00,nan,nan,nan,nan
2020-05-27 23:00:00-06:00,9070.00,3290.00,435.00,395.00,nan
2020-05-27 23:10:00-06:00,9000.00,nan,nan,nan,nan
2020-05-27 23:15:00-06:00,nan,3300.00,433.00,395.00,nan
2020-05-27 23:20:00-06:00,9050.00,nan,nan,nan,nan
2020-05-27 23:30:00-06:00,8970.00,3280.00,430.00,394.00,nan
2020-05-27 23:40:00-06:00,9160.00,nan,nan,nan,nan
2020-05-27 23:45:00-06:00,nan,3280.00,430.00,394.00,nan
2020-05-27 23:50:00-06:00,9120.00,nan,nan,nan,nan
2020-05-28 00:00:00-06:00,9120.00,3260.00,428.00,394.00,nan
2020-05-28 00:10:00-06:00,9150.00,nan,nan,nan,nan
2020-05-28 00:15:00-06:00,nan,3280.00,426.00,394.00,nan
2020-05-28 00:20:00-06:00,9130.00,nan,nan,nan,nan
2020-05-28 00:30:00-06:00,9160.00,3280.00,426.00,394.00,nan
2020-05-28 00:40:00-06:00,11200.00,nan,nan,nan,nan
2020-05-28 00:45:00-06:00,nan,3250.00,426.00,394.00,nan
2020-05-28 00:50:00-06:00,10400.00,nan,nan,nan,nan
2020-05-28 01:00:00-06:00,9740.00,3270.00,424.00,392.00,nan
2020-05-28 01:10:00-06:00,9070.00,nan,nan,nan,nan
2020-05-28 01:15:00-06:00,nan,3230.00,422.00,390.00,nan
2020-05-28 01:20:00-06:00,8930.00,nan,nan,nan,nan
2020-05-28 01:30:00-06:00,8990.00,3250.00,422.00,390.00,nan
2020-05-28 01:40:00-06:00,9460.00,nan,nan,nan,nan
2020-05-28 01:45:00-06:00,nan,3200.00,420.00,388.00,nan
2020-05-28 01:50:00-06:00,10100.00,nan,nan,nan,nan
2020-05-28 02:00:00-06:00,11400.00,3210.00,418.00,387.00,nan
2020-05-28 02:10:00-06:00,10600.00,nan,nan,nan,nan
2020-05-28 02:15:00-06:00,nan,3210.00,418.00,387.00,nan
2020-05-28 02:20:00-06:00,9070.00,nan,nan,nan,nan
2020-05-28 02:30:00-06:00,9200.00,3200.00,415.00,385.00,nan
2020-05-28 02:40:00-06:00,8780.00,nan,nan,nan,nan
2020-05-28 02:45:00-06:00,nan,3200.00,415.00,383.00,nan
2020-05-28 02:50:00-06:00,9210.00,nan,nan,nan,nan
2020-05-28 03:00:00-06:00,9480.00,3200.00,413.00,383.00,nan
2020-05-28 03:10:00-06:00,8710.00,nan,nan,nan,nan
2020-05-28 03:15:00-06:00,nan,3180.00,413.00,381.00,nan
2020-05-28 03:20:00-06:00,8910.00,nan,nan,nan,nan
2020-05-28 03:30:00-06:00,8790.00,3170.00,411.00,381.00,nan
2020-05-28 03:40:00-06:00,8860.00,nan,nan,nan,nan
2020-05-28 03:45:00-06:00,nan,3170.00,409.00,376.00,nan
2020-05-28 03:50:00-06:00,8820.00,nan,nan,nan,nan
2020-05-28 04:00:00-06:00,9030.00,3180.00,407.00,376.00,nan
2020-05-28 04:10:00-06:00,9670.00,nan,nan,nan,nan
2020-05-28 04:15:00-06:00,nan,3150.00,407.00,376.00,nan
2020-05-28 04:20:00-06:00,9170.00,nan,nan,nan,nan
2020-05-28 04:30:00-06:00,8600.00,3160.00,405.00,375.00,nan
2020-05-28 04:40:00-06:00,8620.00,nan,nan,nan,nan
2020-05-28 04:45:00-06:00,nan,3160.00,403.00,373.00,nan
2020-05-28 04:50:00-06:00,8660.00,nan,nan,nan,nan
2020-05-28 05:00:00-06:00,8680.00,3150.00,403.00,371.00,nan
2020-05-28 05:10:00-06:00,8670.00,nan,nan,nan,nan
2020-05-28 05:15:00-06:00,nan,3150.00,401.00,369.00,nan
2020-05-28 05:20:00-06:00,8870.00,nan,nan,nan,nan
2020-05-28 05:30:00-06:00,9270.00,3120.00,399.00,368.00,nan
2020-05-28 05:40:00-06:00,9540.00,nan,nan,nan,nan
2020-05-28 05:45:00-06:00,nan,3110.00,399.00,368.00,nan
2020-05-28 05:50:00-06:00,8710.00,nan,nan,nan,nan
2020-05-28 06:00:00-06:00,9270.00,3120.00,396.00,366.00,nan
2020-05-28 06:10:00-06:00,9810.00,nan,nan,nan,nan
2020-05-28 06:15:00-06:00,nan,3120.00,396.00,366.00,nan
2020-05-28 06:20:00-06:00,9400.00,nan,nan,nan,nan
2020-05-28 06:30:00-06:00,9270.00,3130.00,394.00,364.00,nan
2020-05-28 06:40:00-06:00,9330.00,nan,nan,nan,nan
2020-05-28 06:45:00-06:00,nan,3110.00,392.00,363.00,nan
2020-05-28 06:50:00-06:00,9200.00,nan,nan,nan,nan
2020-05-28 07:00:00-06:00,9160.00,3110.00,392.00,361.00,nan
2020-05-28 07:10:00-06:00,10700.00,nan,nan,nan,nan
2020-05-28 07:15:00-06:00,nan,3090.00,390.00,361.00,nan
2020-05-28 07:20:00-06:00,10600.00,nan,nan,nan,nan
2020-05-28 07:30:00-06:00,10000.00,3100.00,388.00,359.00,nan
2020-05-28 07:40:00-06:00,8920.00,nan,nan,nan,nan
2020-05-28 07:45:00-06:00,nan,3070.00,386.00,359.00,nan
2020-05-28 07:50:00-06:00,9020.00,nan,nan,nan,nan
2020-05-28 08:00:00-06:00,8750.00,3070.00,386.00,356.00,nan
2020-05-28 08:10:00-06:00,9210.00,nan,nan,nan,nan
2020-05-28 08:15:00-06:00,nan,3060.00,386.00,356.00,nan
2020-05-28 08:20:00-06:00,9110.00,nan,nan,nan,nan
2020-05-28 08:30:00-06:00,9130.00,3080.00,384.00,354.00,nan
2020-05-28 08:40:00-06:00,9610.00,nan,nan,nan,nan
2020-05-28 08:45:00-06:00,nan,3040.00,382.00,354.00,nan
2020-05-28 08:50:00-06:00,10700.00,nan,nan,nan,nan
2020-05-28 09:00:00-06:00,11000.00,3060.00,382.00,351.00,nan
2020-05-28 09:10:00-06:00,10100.00,nan,nan,nan,nan
2020-05-28 09:15:00-06:00,nan,3060.00,380.00,351.00,nan
2020-05-28 09:20:00-06:00,9590.00,nan,nan,nan,nan
2020-05-28 09:30:00-06:00,8490.00,3060.00,380.00,349.00,nan
2020-05-28 09:40:00-06:00,7990.00,nan,nan,nan,nan
2020-05-28 09:45:00-06:00,nan,3040.00,378.00,349.00,nan
2020-05-28 09:50:00-06:00,7870.00,nan,nan,nan,nan
2020-05-28 10:00:00-06:00,7830.00,3030.00,378.00,347.00,nan
2020-05-28 10:10:00-06:00,8490.00,nan,nan,nan,nan
2020-05-28 10:15:00-06:00,nan,3040.00,378.00,347.00,nan
2020-05-28 10:20:00-06:00,8790.00,nan,nan,nan,nan
2020-05-28 10:30:00-06:00,9680.00,3030.00,376.00,347.00,nan
2020-05-28 10:40:00-06:00,7570.00,nan,nan,nan,nan
2020-05-28 10:45:00-06:00,nan,3030.00,376.00,346.00,nan
2020-05-28 10:50:00-06:00,9540.00,nan,nan,nan,nan
2020-05-28 11:00:00-06:00,9010.00,3010.00,374.00,346.00,nan
2020-05-28 11:10:00-06:00,8750.00,nan,nan,nan,nan
2020-05-28 11:15:00-06:00,nan,3020.00,374.00,347.00,nan
2020-05-28 11:20:00-06:00,8650.00,nan,nan,nan,nan
2020-05-28 11:30:00-06:00,8590.00,2980.00,371.00,344.00,nan
2020-05-28 11:40:00-06:00,8490.00,nan,nan,nan,nan
2020-05-28 11:45:00-06:00,nan,3010.00,369.00,346.00,nan
2020-05-28 11:50:00-06:00,8100.00,nan,nan,nan,nan
2020-05-28 12:00:00-06:00,8570.00,3000.00,369.00,346.00,nan
2020-05-28 12:10:00-06:00,8130.00,nan,nan,nan,nan
2020-05-28 12:15:00-06:00,nan,2990.00,367.00,344.00,nan
2020-05-28 12:20:00-06:00,8370.00,nan,nan,nan,nan
2020-05-28 12:30:00-06:00,10200.00,2980.00,367.00,344.00,nan
2020-05-28 12:40:00-06:00,9200.00,nan,nan,nan,nan
2020-05-28 12:45:00-06:00,nan,2980.00,367.00,342.00,nan
2020-05-28 12:50:00-06:00,7630.00,nan,nan,nan,nan
2020-05-28 13:00:00-06:00,7530.00,2960.00,365.00,341.00,nan
2020-05-28 13:10:00-06:00,7880.00,nan,nan,nan,nan
2020-05-28 13:15:00-06:00,nan,2980.00,363.00,341.00,nan
2020-05-28 13:20:00-06:00,7860.00,nan,nan,nan,nan
2020-05-28 13:30:00-06:00,7950.00,2950.00,363.00,339.00,nan
2020-05-28 13:40:00-06:00,7910.00,nan,nan,nan,nan
2020-05-28 13:45:00-06:00,nan,2930.00,361.00,336.00,nan
2020-05-28 13:50:00-06:00,8800.00,nan,nan,nan,nan
2020-05-28 14:00:00-06:00,9600.00,2960.00,359.00,336.00,nan
2020-05-28 14:10:00-06:00,8810.00,nan,nan,nan,nan
2020-05-28 14:15:00-06:00,nan,2940.00,359.00,336.00,nan
2020-05-28 14:20:00-06:00,8300.00,nan,nan,nan,nan
2020-05-28 14:30:00-06:00,7530.00,2940.00,357.00,334.00,nan
2020-05-28 14:40:00-06:00,7660.00,nan,nan,nan,nan
2020-05-28 14:45:00-06:00,nan,2920.00,357.00,332.00,nan
2020-05-28 14:50:00-06:00,7780.00,nan,nan,nan,nan
2020-05-28 15:00:00-06:00,7740.00,2910.00,355.00,331.00,nan
2020-05-28 15:10:00-06:00,8880.00,nan,nan,nan,nan
2020-05-28 15:15:00-06:00,nan,2890.00,353.00,329.00,nan
2020-05-28 15:20:00-06:00,8560.00,nan,nan,nan,nan
2020-05-28 15:30:00-06:00,7620.00,2920.00,353.00,328.00,nan
2020-05-28 15:40:00-06:00,7720.00,nan,nan,nan,nan
2020-05-28 15:45:00-06:00,nan,2910.00,353.00,329.00,nan
2020-05-28 15:50:00-06:00,7560.00,nan,nan,nan,nan
2020-05-28 16:00:00-06:00,7740.00,2910.00,351.00,326.00,nan
2020-05-28 16:10:00-06:00,8460.00,nan,nan,nan,nan
2020-05-28 16:15:00-06:00,nan,2880.00,351.00,324.00,nan
2020-05-28 16:20:00-06:00,8150.00,nan,nan,nan,nan
2020-05-28 16:30:00-06:00,7370.00,2900.00,349.00,324.00,nan
2020-05-28 16:40:00-06:00,6910.00,nan,nan,nan,nan
2020-05-28 16:45:00-06:00,nan,2860.00,349.00,323.00,nan
2020-05-28 16:50:00-06:00,7480.00,nan,nan,nan,nan
2020-05-28 17:00:00-06:00,8510.00,2880.00,347.00,321.00,nan
2020-05-28 17:10:00-06:00,9630.00,nan,nan,nan,nan
2020-05-28 17:15:00-06:00,nan,2870.00,345.00,321.00,nan
2020-05-28 17:20:00-06:00,7430.00,nan,nan,nan,nan
2020-05-28 17:30:00-06:00,7250.00,2860.00,343.00,319.00,nan
2020-05-28 17:40:00-06:00,7040.00,nan,nan,nan,nan
2020-05-28 17:45:00-06:00,nan,2860.00,343.00,318.00,nan
2020-05-28 17:50:00-06:00,7450.00,nan,nan,nan,nan
2020-05-28 18:00:00-06:00,7560.00,2850.00,339.00,316.00,nan
2020-05-28 18:10:00-06:00,7720.00,nan,nan,nan,nan
2020-05-28 18:15:00-06:00,nan,2840.00,341.00,316.00,nan
2020-05-28 18:20:00-06:00,7480.00,nan,nan,nan,nan
2020-05-28 18:30:00-06:00,8640.00,2820.00,339.00,314.00,nan
2020-05-28 18:40:00-06:00,8020.00,nan,nan,nan,nan
2020-05-28 18:45:00-06:00,nan,2820.00,339.00,314.00,nan
2020-05-28 18:50:00-06:00,7370.00,nan,nan,nan,nan
2020-05-28 19:00:00-06:00,7260.00,2820.00,339.00,316.00,nan
2020-05-28 19:10:00-06:00,7340.00,nan,nan,nan,nan
2020-05-28 19:15:00-06:00,nan,2810.00,337.00,337.00,nan
2020-05-28 19:20:00-06:00,8160.00,nan,nan,nan,nan
2020-05-28 19:30:00-06:00,9900.00,2810.00,337.00,361.00,nan
2020-05-28 19:40:00-06:00,8930.00,nan,nan,nan,nan
2020-05-28 19:45:00-06:00,nan,2800.00,335.00,385.00,nan
2020-05-28 19:50:00-06:00,7790.00,nan,nan,nan,nan
2020-05-28 20:00:00-06:00,6830.00,2790.00,335.00,409.00,nan
2020-05-28 20:10:00-06:00,7350.00,nan,nan,nan,nan
2020-05-28 20:15:00-06:00,nan,2790.00,335.00,429.00,nan
2020-05-28 20:20:00-06:00,7650.00,nan,nan,nan,nan
2020-05-28 20:30:00-06:00,7450.00,2780.00,335.00,440.00,nan
2020-05-28 20:40:00-06:00,7420.00,nan,nan,nan,nan
2020-05-28 20:45:00-06:00,nan,2780.00,333.00,449.00,nan
2020-05-28 20:50:00-06:00,7730.00,nan,nan,nan,nan
2020-05-28 21:00:00-06:00,7740.00,2780.00,331.00,454.00,nan
2020-05-28 21:10:00-06:00,8080.00,nan,nan,nan,nan
2020-05-28 21:15:00-06:00,nan,2780.00,333.00,456.00,nan
2020-05-28 21:20:00-06:00,7310.00,nan,nan,nan,nan
2020-05-28 21:30:00-06:00,7510.00,2770.00,333.00,462.00,nan
2020-05-28 21:40:00-06:00,7480.00,nan,nan,nan,nan
2020-05-28 21:45:00-06:00,nan,2770.00,335.00,462.00,nan
2020-05-28 21:50:00-06:00,7470.00,nan,nan,nan,nan
2020-05-28 22:00:00-06:00,7550.00,2760.00,335.00,462.00,nan
2020-05-28 22:10:00-06:00,7540.00,nan,nan,nan,nan
2020-05-28 22:15:00-06:00,nan,2760.00,335.00,462.00,nan
2020-05-28 22:20:00-06:00,7470.00,nan,nan,nan,nan
2020-05-28 22:30:00-06:00,7470.00,2750.00,337.00,463.00,nan
2020-05-28 22:40:00-06:00,7440.00,nan,nan,nan,nan
2020-05-28 22:45:00-06:00,nan,2750.00,337.00,463.00,nan
2020-05-28 22:50:00-06:00,7470.00,nan,nan,nan,nan
2020-05-28 23:00:00-06:00,8100.00,2750.00,339.00,463.00,nan
2020-05-28 23:10:00-06:00,8020.00,nan,nan,nan,nan
2020-05-28 23:15:00-06:00,nan,2750.00,339.00,462.00,nan
2020-05-28 23:20:00-06:00,7200.00,nan,nan,nan,nan
2020-05-28 23:30:00-06:00,6970.00,2750.00,341.00,460.00,nan
2020-05-28 23:40:00-06:00,8610.00,nan,nan,nan,nan
2020-05-28 23:45:00-06:00,nan,2750.00,353.00,458.00,nan
2020-05-28 23:50:00-06:00,8990.00,nan,nan,nan,nan
2020-05-29 00:00:00-06:00,8010.00,2740.00,359.00,460.00,nan
2020-05-29 00:10:00-06:00,7020.00,nan,nan,nan,nan
2020-05-29 00:15:00-06:00,nan,2740.00,361.00,460.00,nan
2020-05-29 00:20:00-06:00,7950.00,nan,nan,nan,nan
2020-05-29 00:30:00-06:00,7880.00,2730.00,363.00,460.00,nan
2020-05-29 00:40:00-06:00,7930.00,nan,nan,nan,nan
2020-05-29 00:45:00-06:00,nan,2710.00,365.00,473.00,nan
2020-05-29 00:50:00-06:00,7750.00,nan,nan,nan,nan
2020-05-29 01:00:00-06:00,8980.00,2710.00,365.00,495.00,nan
2020-05-29 01:10:00-06:00,9580.00,nan,nan,nan,nan
2020-05-29 01:15:00-06:00,nan,2710.00,365.00,531.00,nan
2020-05-29 01:20:00-06:00,8750.00,nan,nan,nan,nan
2020-05-29 01:30:00-06:00,8270.00,2710.00,363.00,572.00,nan
2020-05-29 01:40:00-06:00,7690.00,nan,nan,nan,nan
2020-05-29 01:45:00-06:00,nan,2700.00,363.00,604.00,nan
2020-05-29 01:50:00-06:00,7360.00,nan,nan,nan,nan
2020-05-29 02:00:00-06:00,7360.00,2700.00,361.00,630.00,nan
2020-05-29 02:10:00-06:00,7280.00,nan,nan,nan,nan
2020-05-29 02:15:00-06:00,nan,2700.00,361.00,650.00,nan
2020-05-29 02:20:00-06:00,9200.00,nan,nan,nan,nan
2020-05-29 02:30:00-06:00,9130.00,2700.00,359.00,667.00,nan
2020-05-29 02:40:00-06:00,8460.00,nan,nan,nan,nan
2020-05-29 02:45:00-06:00,nan,2700.00,357.00,683.00,nan
2020-05-29 02:50:00-06:00,7140.00,nan,nan,nan,nan
2020-05-29 03:00:00-06:00,7360.00,2690.00,357.00,698.00,nan
2020-05-29 03:10:00-06:00,7430.00,nan,nan,nan,nan
2020-05-29 03:15:00-06:00,nan,2690.00,355.00,711.00,nan
2020-05-29 03:20:00-06:00,7690.00,nan,nan,nan,nan
2020-05-29 03:30:00-06:00,7380.00,2690.00,355.00,728.00,nan
2020-05-29 03:40:00-06:00,9920.00,nan,nan,nan,nan
2020-05-29 03:45:00-06:00,nan,2680.00,351.00,738.00,nan
2020-05-29 03:50:00-06:00,8830.00,nan,nan,nan,nan
2020-05-29 04:00:00-06:00,7630.00,2670.00,349.00,747.00,nan
2020-05-29 04:10:00-06:00,7170.00,nan,nan,nan,nan
2020-05-29 04:15:00-06:00,nan,2670.00,347.00,756.00,nan
2020-05-29 04:20:00-06:00,7670.00,nan,nan,nan,nan
2020-05-29 04:30:00-06:00,8160.00,2660.00,345.00,764.00,nan
2020-05-29 04:40:00-06:00,7660.00,nan,nan,nan,nan
2020-05-29 04:45:00-06:00,nan,2660.00,341.00,775.00,nan
2020-05-29 04:50:00-06:00,7150.00,nan,nan,nan,nan
2020-05-29 05:00:00-06:00,7320.00,2660.00,337.00,786.00,nan
2020-05-29 05:10:00-06:00,7600.00,nan,nan,nan,nan
2020-05-29 05:15:00-06:00,nan,2660.00,335.00,795.00,nan
2020-05-29 05:20:00-06:00,7580.00,nan,nan,nan,nan
2020-05-29 05:30:00-06:00,7440.00,2650.00,331.00,806.00,nan
2020-05-29 05:40:00-06:00,7330.00,nan,nan,nan,nan
2020-05-29 05:45:00-06:00,nan,2650.00,329.00,815.00,nan
2020-05-29 05:50:00-06:00,7490.00,nan,nan,nan,nan
2020-05-29 06:00:00-06:00,8250.00,2640.00,327.00,828.00,nan
2020-05-29 06:10:00-06:00,10700.00,nan,nan,nan,nan
2020-05-29 06:15:00-06:00,nan,2640.00,323.00,837.00,nan
2020-05-29 06:20:00-06:00,9420.00,nan,nan,nan,nan
2020-05-29 06:30:00-06:00,7350.00,2630.00,321.00,849.00,nan
2020-05-29 06:40:00-06:00,7480.00,nan,nan,nan,nan
2020-05-29 06:45:00-06:00,nan,2630.00,317.00,858.00,nan
2020-05-29 06:50:00-06:00,7770.00,nan,nan,nan,nan
2020-05-29 07:00:00-06:00,7950.00,2630.00,317.00,869.00,nan
2020-05-29 07:10:00-06:00,8000.00,nan,nan,nan,nan
2020-05-29 07:15:00-06:00,nan,nan,nan,878.00,nan
2020-05-29 07:20:00-06:00,7880.00,nan,nan,nan,nan
2020-05-29 07:30:00-06:00,7990.00,nan,nan,885.00,nan
2020-05-29 07:45:00-06:00,nan,nan,nan,896.00,nan
