,"USGS 04092750: Indiana Harbor Canal at East Chicago, IN","USGS 04092677: Grand Calumet River at Industrial Hwy at Gary, IN","USGS 05536357: Grand Calumet River at Hohman Ave at Hammond, IN"
2020-05-28 08:55:00-05:00,1090.00,nan,nan
2020-05-28 09:00:00-05:00,432.00,664.00,328.00
2020-05-28 09:05:00-05:00,-329.00,nan,nan
2020-05-28 09:10:00-05:00,-104.00,nan,nan
2020-05-28 09:15:00-05:00,574.00,669.00,328.00
2020-05-28 09:20:00-05:00,679.00,nan,nan
2020-05-28 09:25:00-05:00,279.00,nan,nan
2020-05-28 09:30:00-05:00,922.00,814.00,328.00
2020-05-28 09:35:00-05:00,1290.00,nan,nan
2020-05-28 09:40:00-05:00,817.00,nan,nan
2020-05-28 09:45:00-05:00,608.00,968.00,326.00
2020-05-28 09:50:00-05:00,1000.00,nan,nan
2020-05-28 09:55:00-05:00,1450.00,nan,nan
2020-05-28 10:00:00-05:00,1350.00,988.00,326.00
2020-05-28 10:05:00-05:00,982.00,nan,nan
2020-05-28 10:10:00-05:00,758.00,nan,nan
2020-05-28 10:15:00-05:00,603.00,1000.00,328.00
2020-05-28 10:20:00-05:00,363.00,nan,nan
2020-05-28 10:25:00-05:00,897.00,nan,nan
2020-05-28 10:30:00-05:00,1050.00,999.00,328.00
2020-05-28 10:35:00-05:00,416.00,nan,nan
2020-05-28 10:40:00-05:00,87.00,nan,nan
2020-05-28 10:45:00-05:00,1110.00,993.00,328.00
2020-05-28 10:50:00-05:00,1330.00,nan,nan
2020-05-28 10:55:00-05:00,848.00,nan,nan
2020-05-28 11:00:00-05:00,241.00,926.00,326.00
2020-05-28 11:05:00-05:00,-68.10,nan,nan
2020-05-28 11:10:00-05:00,483.00,nan,nan
2020-05-28 11:15:00-05:00,637.00,782.00,325.00
2020-05-28 11:20:00-05:00,465.00,nan,nan
2020-05-28 11:25:00-05:00,-363.00,nan,nan
2020-05-28 11:30:00-05:00,-711.00,719.00,325.00
2020-05-28 11:35:00-05:00,313.00,nan,nan
2020-05-28 11:40:00-05:00,975.00,nan,nan
2020-05-28 11:45:00-05:00,610.00,755.00,323.00
2020-05-28 11:50:00-05:00,209.00,nan,nan
2020-05-28 11:55:00-05:00,1090.00,nan,nan
2020-05-28 12:00:00-05:00,953.00,760.00,322.00
2020-05-28 12:05:00-05:00,1000.00,nan,nan
2020-05-28 12:10:00-05:00,1380.00,nan,nan
2020-05-28 12:15:00-05:00,981.00,733.00,322.00
2020-05-28 12:20:00-05:00,156.00,nan,nan
2020-05-28 12:25:00-05:00,-466.00,nan,nan
2020-05-28 12:30:00-05:00,-433.00,712.00,323.00
2020-05-28 12:35:00-05:00,330.00,nan,nan
2020-05-28 12:40:00-05:00,1250.00,nan,nan
2020-05-28 12:45:00-05:00,1660.00,693.00,325.00
2020-05-28 12:50:00-05:00,1070.00,nan,nan
2020-05-28 12:55:00-05:00,1110.00,nan,nan
2020-05-28 13:00:00-05:00,2010.00,718.00,323.00
2020-05-28 13:05:00-05:00,1360.00,nan,nan
2020-05-28 13:10:00-05:00,499.00,nan,nan
2020-05-28 13:15:00-05:00,703.00,729.00,323.00
2020-05-28 13:20:00-05:00,926.00,nan,nan
2020-05-28 13:25:00-05:00,396.00,nan,nan
2020-05-28 13:30:00-05:00,276.00,703.00,325.00
2020-05-28 13:35:00-05:00,431.00,nan,nan
2020-05-28 13:40:00-05:00,983.00,nan,nan
2020-05-28 13:45:00-05:00,847.00,682.00,323.00
2020-05-28 13:50:00-05:00,1170.00,nan,nan
2020-05-28 13:55:00-05:00,879.00,nan,nan
2020-05-28 14:00:00-05:00,483.00,691.00,321.00
2020-05-28 14:05:00-05:00,138.00,nan,nan
2020-05-28 14:10:00-05:00,139.00,nan,nan
2020-05-28 14:15:00-05:00,87.00,674.00,319.00
2020-05-28 14:20:00-05:00,52.50,nan,nan
2020-05-28 14:25:00-05:00,453.00,nan,nan
2020-05-28 14:30:00-05:00,973.00,652.00,318.00
2020-05-28 14:35:00-05:00,937.00,nan,nan
2020-05-28 14:40:00-05:00,815.00,nan,nan
2020-05-28 14:45:00-05:00,1000.00,628.00,316.00
2020-05-28 14:50:00-05:00,966.00,nan,nan
2020-05-28 14:55:00-05:00,656.00,nan,nan
2020-05-28 15:00:00-05:00,466.00,679.00,316.00
2020-05-28 15:05:00-05:00,518.00,nan,nan
2020-05-28 15:10:00-05:00,467.00,nan,nan
2020-05-28 15:15:00-05:00,779.00,761.00,318.00
2020-05-28 15:20:00-05:00,1020.00,nan,nan
2020-05-28 15:25:00-05:00,831.00,nan,nan
2020-05-28 15:30:00-05:00,883.00,734.00,319.00
2020-05-28 15:35:00-05:00,588.00,nan,nan
2020-05-28 15:40:00-05:00,1260.00,nan,nan
2020-05-28 15:45:00-05:00,826.00,708.00,318.00
2020-05-28 15:50:00-05:00,535.00,nan,nan
2020-05-28 15:55:00-05:00,552.00,nan,nan
2020-05-28 16:00:00-05:00,604.00,683.00,318.00
2020-05-28 16:05:00-05:00,571.00,nan,nan
2020-05-28 16:10:00-05:00,1020.00,nan,nan
2020-05-28 16:15:00-05:00,726.00,685.00,318.00
2020-05-28 16:20:00-05:00,295.00,nan,nan
2020-05-28 16:25:00-05:00,692.00,nan,nan
2020-05-28 16:30:00-05:00,778.00,685.00,318.00
2020-05-28 16:35:00-05:00,520.00,nan,nan
2020-05-28 16:40:00-05:00,104.00,nan,nan
2020-05-28 16:45:00-05:00,313.00,700.00,318.00
2020-05-28 16:50:00-05:00,557.00,nan,nan
2020-05-28 16:55:00-05:00,679.00,nan,nan
2020-05-28 17:00:00-05:00,991.00,689.00,318.00
2020-05-28 17:05:00-05:00,989.00,nan,nan
2020-05-28 17:10:00-05:00,590.00,nan,nan
2020-05-28 17:15:00-05:00,555.00,677.00,319.00
2020-05-28 17:20:00-05:00,780.00,nan,nan
2020-05-28 17:25:00-05:00,261.00,nan,nan
2020-05-28 17:30:00-05:00,-749.00,675.00,319.00
2020-05-28 17:35:00-05:00,-1050.00,nan,nan
2020-05-28 17:40:00-05:00,-385.00,nan,nan
2020-05-28 17:45:00-05:00,229.00,669.00,322.00
2020-05-28 17:50:00-05:00,1090.00,nan,nan
2020-05-28 17:55:00-05:00,1550.00,nan,nan
2020-05-28 18:00:00-05:00,1090.00,676.00,323.00
2020-05-28 18:05:00-05:00,642.00,nan,nan
2020-05-28 18:10:00-05:00,657.00,nan,nan
2020-05-28 18:15:00-05:00,623.00,677.00,325.00
2020-05-28 18:20:00-05:00,-191.00,nan,nan
2020-05-28 18:25:00-05:00,-295.00,nan,nan
2020-05-28 18:30:00-05:00,87.50,640.00,328.00
2020-05-28 18:35:00-05:00,577.00,nan,nan
2020-05-28 18:40:00-05:00,769.00,nan,nan
2020-05-28 18:45:00-05:00,402.00,630.00,330.00
2020-05-28 18:50:00-05:00,140.00,nan,nan
2020-05-28 18:55:00-05:00,-227.00,nan,nan
2020-05-28 19:00:00-05:00,-87.10,667.00,330.00
2020-05-28 19:05:00-05:00,-52.20,nan,nan
2020-05-28 19:10:00-05:00,-52.30,nan,nan
2020-05-28 19:15:00-05:00,211.00,682.00,332.00
2020-05-28 19:20:00-05:00,699.00,nan,nan
2020-05-28 19:25:00-05:00,542.00,nan,nan
2020-05-28 19:30:00-05:00,350.00,699.00,335.00
2020-05-28 19:35:00-05:00,783.00,nan,nan
2020-05-28 19:40:00-05:00,419.00,nan,nan
2020-05-28 19:45:00-05:00,-244.00,696.00,336.00
2020-05-28 19:50:00-05:00,52.80,nan,nan
2020-05-28 19:55:00-05:00,1620.00,nan,nan
2020-05-28 20:00:00-05:00,1010.00,655.00,340.00
2020-05-28 20:05:00-05:00,558.00,nan,nan
2020-05-28 20:10:00-05:00,921.00,nan,nan
2020-05-28 20:15:00-05:00,1890.00,706.00,346.00
2020-05-28 20:20:00-05:00,1140.00,nan,nan
2020-05-28 20:25:00-05:00,521.00,nan,nan
2020-05-28 20:30:00-05:00,-121.00,878.00,362.00
2020-05-28 20:35:00-05:00,453.00,nan,nan
2020-05-28 20:40:00-05:00,786.00,nan,nan
2020-05-28 20:45:00-05:00,1620.00,936.00,371.00
2020-05-28 20:50:00-05:00,1240.00,nan,nan
2020-05-28 20:55:00-05:00,748.00,nan,nan
2020-05-28 21:00:00-05:00,487.00,849.00,400.00
2020-05-28 21:05:00-05:00,765.00,nan,nan
2020-05-28 21:10:00-05:00,853.00,nan,nan
2020-05-28 21:15:00-05:00,262.00,794.00,428.00
2020-05-28 21:20:00-05:00,-262.00,nan,nan
2020-05-28 21:25:00-05:00,-297.00,nan,nan
2020-05-28 21:30:00-05:00,771.00,754.00,436.00
2020-05-28 21:35:00-05:00,2010.00,nan,nan
2020-05-28 21:40:00-05:00,1620.00,nan,nan
2020-05-28 21:45:00-05:00,1060.00,728.00,431.00
2020-05-28 21:50:00-05:00,922.00,nan,nan
2020-05-28 21:55:00-05:00,1650.00,nan,nan
2020-05-28 22:00:00-05:00,1800.00,685.00,423.00
2020-05-28 22:05:00-05:00,1040.00,nan,nan
2020-05-28 22:10:00-05:00,295.00,nan,nan
2020-05-28 22:15:00-05:00,191.00,683.00,418.00
2020-05-28 22:20:00-05:00,660.00,nan,nan
2020-05-28 22:25:00-05:00,921.00,nan,nan
2020-05-28 22:30:00-05:00,1150.00,810.00,412.00
2020-05-28 22:35:00-05:00,1210.00,nan,nan
2020-05-28 22:40:00-05:00,1490.00,nan,nan
2020-05-28 22:45:00-05:00,1200.00,930.00,404.00
2020-05-28 22:50:00-05:00,1020.00,nan,nan
2020-05-28 22:55:00-05:00,1110.00,nan,nan
2020-05-28 23:00:00-05:00,1240.00,831.00,397.00
2020-05-28 23:05:00-05:00,848.00,nan,nan
2020-05-28 23:10:00-05:00,623.00,nan,nan
2020-05-28 23:15:00-05:00,658.00,810.00,393.00
2020-05-28 23:20:00-05:00,399.00,nan,nan
2020-05-28 23:25:00-05:00,521.00,nan,nan
2020-05-28 23:30:00-05:00,901.00,903.00,388.00
2020-05-28 23:35:00-05:00,920.00,nan,nan
2020-05-28 23:40:00-05:00,625.00,nan,nan
2020-05-28 23:45:00-05:00,1110.00,858.00,382.00
2020-05-28 23:50:00-05:00,1380.00,nan,nan
2020-05-28 23:55:00-05:00,745.00,nan,nan
2020-05-29 00:00:00-05:00,450.00,757.00,377.00
2020-05-29 00:05:00-05:00,122.00,nan,nan
2020-05-29 00:10:00-05:00,313.00,nan,nan
2020-05-29 00:15:00-05:00,799.00,725.00,374.00
2020-05-29 00:20:00-05:00,1330.00,nan,nan
2020-05-29 00:25:00-05:00,833.00,nan,nan
2020-05-29 00:30:00-05:00,486.00,725.00,371.00
2020-05-29 00:35:00-05:00,1310.00,nan,nan
2020-05-29 00:40:00-05:00,2150.00,nan,nan
2020-05-29 00:45:00-05:00,2050.00,724.00,368.00
2020-05-29 00:50:00-05:00,1420.00,nan,nan
2020-05-29 00:55:00-05:00,1220.00,nan,nan
2020-05-29 01:00:00-05:00,669.00,730.00,365.00
2020-05-29 01:05:00-05:00,155.00,nan,nan
2020-05-29 01:10:00-05:00,-499.00,nan,nan
2020-05-29 01:15:00-05:00,-1060.00,741.00,364.00
2020-05-29 01:20:00-05:00,-139.00,nan,nan
2020-05-29 01:25:00-05:00,766.00,nan,nan
2020-05-29 01:30:00-05:00,1220.00,745.00,359.00
2020-05-29 01:35:00-05:00,645.00,nan,nan
2020-05-29 01:40:00-05:00,435.00,nan,nan
2020-05-29 01:45:00-05:00,1400.00,783.00,355.00
2020-05-29 01:50:00-05:00,1620.00,nan,nan
2020-05-29 01:55:00-05:00,641.00,nan,nan
2020-05-29 02:00:00-05:00,-484.00,902.00,356.00
2020-05-29 02:05:00-05:00,-156.00,nan,nan
2020-05-29 02:10:00-05:00,660.00,nan,nan
2020-05-29 02:15:00-05:00,957.00,976.00,359.00
2020-05-29 02:20:00-05:00,470.00,nan,nan
2020-05-29 02:25:00-05:00,-86.60,nan,nan
2020-05-29 02:30:00-05:00,-926.00,964.00,368.00
2020-05-29 02:35:00-05:00,-947.00,nan,nan
2020-05-29 02:40:00-05:00,159.00,nan,nan
2020-05-29 02:45:00-05:00,1260.00,936.00,385.00
2020-05-29 02:50:00-05:00,1830.00,nan,nan
2020-05-29 02:55:00-05:00,1480.00,nan,nan
2020-05-29 03:00:00-05:00,850.00,854.00,396.00
2020-05-29 03:05:00-05:00,641.00,nan,nan
2020-05-29 03:10:00-05:00,986.00,nan,nan
2020-05-29 03:15:00-05:00,830.00,786.00,404.00
2020-05-29 03:20:00-05:00,-156.00,nan,nan
2020-05-29 03:25:00-05:00,-557.00,nan,nan
2020-05-29 03:30:00-05:00,279.00,837.00,407.00
2020-05-29 03:35:00-05:00,1220.00,nan,nan
2020-05-29 03:40:00-05:00,892.00,nan,nan
2020-05-29 03:45:00-05:00,1010.00,952.00,404.00
2020-05-29 03:50:00-05:00,940.00,nan,nan
2020-05-29 03:55:00-05:00,105.00,nan,nan
2020-05-29 04:00:00-05:00,35.40,1020.00,402.00
2020-05-29 04:05:00-05:00,1150.00,nan,nan
2020-05-29 04:10:00-05:00,1400.00,nan,nan
2020-05-29 04:15:00-05:00,891.00,951.00,400.00
2020-05-29 04:20:00-05:00,627.00,nan,nan
2020-05-29 04:25:00-05:00,1110.00,nan,nan
2020-05-29 04:30:00-05:00,1510.00,839.00,402.00
2020-05-29 04:35:00-05:00,1350.00,nan,nan
2020-05-29 04:40:00-05:00,885.00,nan,nan
2020-05-29 04:45:00-05:00,504.00,815.00,404.00
2020-05-29 04:50:00-05:00,504.00,nan,nan
2020-05-29 04:55:00-05:00,122.00,nan,nan
2020-05-29 05:00:00-05:00,-227.00,827.00,402.00
2020-05-29 05:05:00-05:00,-367.00,nan,nan
2020-05-29 05:10:00-05:00,-685.00,nan,nan
2020-05-29 05:15:00-05:00,247.00,861.00,397.00
2020-05-29 05:20:00-05:00,1370.00,nan,nan
2020-05-29 05:25:00-05:00,1660.00,nan,nan
2020-05-29 05:30:00-05:00,1790.00,949.00,396.00
2020-05-29 05:35:00-05:00,2690.00,nan,nan
2020-05-29 05:40:00-05:00,2670.00,nan,nan
2020-05-29 05:45:00-05:00,1160.00,1030.00,393.00
2020-05-29 05:50:00-05:00,-155.00,nan,nan
2020-05-29 05:55:00-05:00,-276.00,nan,nan
2020-05-29 06:00:00-05:00,-34.40,948.00,394.00
2020-05-29 06:05:00-05:00,-1090.00,nan,nan
2020-05-29 06:10:00-05:00,-1330.00,nan,nan
2020-05-29 06:15:00-05:00,-87.60,836.00,393.00
2020-05-29 06:20:00-05:00,1440.00,nan,nan
2020-05-29 06:25:00-05:00,2510.00,nan,nan
2020-05-29 06:30:00-05:00,2110.00,882.00,388.00
2020-05-29 06:35:00-05:00,1060.00,nan,nan
2020-05-29 06:40:00-05:00,1190.00,nan,nan
2020-05-29 06:45:00-05:00,1950.00,986.00,387.00
2020-05-29 06:50:00-05:00,865.00,nan,nan
2020-05-29 06:55:00-05:00,0.41,nan,nan
2020-05-29 07:00:00-05:00,933.00,912.00,387.00
2020-05-29 07:05:00-05:00,1850.00,nan,nan
2020-05-29 07:10:00-05:00,1710.00,nan,nan
2020-05-29 07:15:00-05:00,777.00,766.00,387.00
2020-05-29 07:20:00-05:00,1450.00,nan,nan
2020-05-29 07:25:00-05:00,1430.00,nan,nan
2020-05-29 07:30:00-05:00,639.00,762.00,383.00
2020-05-29 07:35:00-05:00,243.00,nan,nan
2020-05-29 07:40:00-05:00,795.00,nan,nan
2020-05-29 07:45:00-05:00,936.00,773.00,380.00
2020-05-29 07:50:00-05:00,521.00,nan,nan
2020-05-29 07:55:00-05:00,139.00,nan,nan
2020-05-29 08:00:00-05:00,953.00,779.00,376.00
2020-05-29 08:05:00-05:00,1250.00,nan,nan
2020-05-29 08:10:00-05:00,469.00,nan,nan
2020-05-29 08:15:00-05:00,-208.00,777.00,373.00
2020-05-29 08:20:00-05:00,885.00,nan,nan
2020-05-29 08:25:00-05:00,1490.00,nan,nan
2020-05-29 08:30:00-05:00,1180.00,784.00,370.00
2020-05-29 08:35:00-05:00,814.00,nan,nan
2020-05-29 08:40:00-05:00,1090.00,nan,nan
2020-05-29 08:45:00-05:00,934.00,785.00,368.00
2020-05-29 08:50:00-05:00,710.00,nan,nan
2020-05-29 08:55:00-05:00,624.00,nan,nan
2020-05-29 09:00:00-05:00,156.00,776.00,367.00
2020-05-29 09:05:00-05:00,504.00,nan,nan
2020-05-29 09:10:00-05:00,918.00,nan,nan
2020-05-29 09:15:00-05:00,1690.00,764.00,365.00
2020-05-29 09:20:00-05:00,1400.00,nan,nan
2020-05-29 09:25:00-05:00,830.00,nan,nan
2020-05-29 09:30:00-05:00,1530.00,762.00,364.00
2020-05-29 09:35:00-05:00,2020.00,nan,nan
2020-05-29 09:40:00-05:00,241.00,nan,nan
2020-05-29 09:45:00-05:00,-223.00,758.00,362.00
2020-05-29 09:50:00-05:00,-361.00,nan,nan
2020-05-29 09:55:00-05:00,-260.00,nan,nan
2020-05-29 10:00:00-05:00,140.00,777.00,361.00
2020-05-29 10:05:00-05:00,782.00,nan,nan
2020-05-29 10:10:00-05:00,819.00,nan,nan
2020-05-29 10:15:00-05:00,1200.00,784.00,358.00
2020-05-29 10:20:00-05:00,1860.00,nan,nan
2020-05-29 10:25:00-05:00,1860.00,nan,nan
2020-05-29 10:30:00-05:00,724.00,750.00,355.00
2020-05-29 10:35:00-05:00,977.00,nan,nan
2020-05-29 10:40:00-05:00,1370.00,nan,nan
2020-05-29 10:45:00-05:00,1010.00,729.00,355.00
2020-05-29 10:50:00-05:00,515.00,nan,nan
2020-05-29 10:55:00-05:00,395.00,nan,nan
2020-05-29 11:00:00-05:00,138.00,724.00,355.00
2020-05-29 11:05:00-05:00,448.00,nan,nan
2020-05-29 11:10:00-05:00,276.00,nan,nan
2020-05-29 11:15:00-05:00,329.00,733.00,353.00
2020-05-29 11:20:00-05:00,657.00,nan,nan
2020-05-29 11:25:00-05:00,1450.00,nan,nan
2020-05-29 11:30:00-05:00,1260.00,746.00,350.00
2020-05-29 11:35:00-05:00,998.00,nan,nan
2020-05-29 11:40:00-05:00,86.60,nan,nan
2020-05-29 11:45:00-05:00,-224.00,747.00,348.00
2020-05-29 11:50:00-05:00,-328.00,nan,nan
2020-05-29 11:55:00-05:00,-573.00,nan,nan
2020-05-29 12:00:00-05:00,-279.00,742.00,346.00
2020-05-29 12:05:00-05:00,331.00,nan,nan
2020-05-29 12:10:00-05:00,991.00,nan,nan
2020-05-29 12:15:00-05:00,174.00,732.00,345.00
2020-05-29 12:20:00-05:00,278.00,nan,nan
2020-05-29 12:25:00-05:00,917.00,nan,nan
2020-05-29 12:30:00-05:00,1060.00,716.00,343.00
2020-05-29 12:35:00-05:00,1210.00,nan,nan
2020-05-29 12:40:00-05:00,673.00,nan,nan
2020-05-29 12:45:00-05:00,259.00,707.00,345.00
2020-05-29 12:50:00-05:00,328.00,nan,nan
2020-05-29 12:55:00-05:00,794.00,nan,nan
2020-05-29 13:00:00-05:00,588.00,704.00,346.00
2020-05-29 13:05:00-05:00,0.41,nan,nan
2020-05-29 13:10:00-05:00,572.00,nan,nan
2020-05-29 13:15:00-05:00,1180.00,681.00,346.00
2020-05-29 13:20:00-05:00,918.00,nan,nan
2020-05-29 13:25:00-05:00,484.00,nan,nan
2020-05-29 13:30:00-05:00,139.00,672.00,345.00
2020-05-29 13:35:00-05:00,191.00,nan,nan
2020-05-29 13:40:00-05:00,364.00,nan,nan
2020-05-29 13:45:00-05:00,122.00,649.00,343.00
2020-05-29 13:50:00-05:00,-556.00,nan,nan
2020-05-29 13:55:00-05:00,-418.00,nan,nan
2020-05-29 14:00:00-05:00,-122.00,650.00,343.00
2020-05-29 14:05:00-05:00,-140.00,nan,nan
2020-05-29 14:10:00-05:00,140.00,nan,nan
2020-05-29 14:15:00-05:00,646.00,688.00,342.00
2020-05-29 14:20:00-05:00,1690.00,nan,nan
2020-05-29 14:25:00-05:00,1390.00,nan,nan
2020-05-29 14:30:00-05:00,726.00,729.00,342.00
2020-05-29 14:35:00-05:00,-328.00,nan,nan
2020-05-29 14:40:00-05:00,156.00,nan,nan
2020-05-29 14:45:00-05:00,848.00,770.00,345.00
2020-05-29 14:50:00-05:00,174.00,nan,nan
2020-05-29 14:55:00-05:00,-486.00,nan,nan
2020-05-29 15:00:00-05:00,382.00,764.00,348.00
2020-05-29 15:05:00-05:00,1870.00,nan,nan
2020-05-29 15:10:00-05:00,1500.00,nan,nan
2020-05-29 15:15:00-05:00,1530.00,766.00,349.00
2020-05-29 15:20:00-05:00,964.00,nan,nan
2020-05-29 15:25:00-05:00,1120.00,nan,nan
2020-05-29 15:30:00-05:00,741.00,776.00,349.00
2020-05-29 15:35:00-05:00,172.00,nan,nan
2020-05-29 15:40:00-05:00,328.00,nan,nan
2020-05-29 15:45:00-05:00,156.00,784.00,350.00
2020-05-29 15:50:00-05:00,156.00,nan,nan
2020-05-29 15:55:00-05:00,313.00,nan,nan
2020-05-29 16:00:00-05:00,658.00,789.00,350.00
2020-05-29 16:05:00-05:00,763.00,nan,nan
2020-05-29 16:10:00-05:00,1000.00,nan,nan
2020-05-29 16:15:00-05:00,1330.00,783.00,349.00
2020-05-29 16:20:00-05:00,864.00,nan,nan
2020-05-29 16:25:00-05:00,52.30,nan,nan
2020-05-29 16:30:00-05:00,587.00,776.00,348.00
2020-05-29 16:35:00-05:00,656.00,nan,nan
2020-05-29 16:40:00-05:00,-556.00,nan,nan
2020-05-29 16:45:00-05:00,-940.00,777.00,346.00
2020-05-29 16:50:00-05:00,122.00,nan,nan
2020-05-29 16:55:00-05:00,733.00,nan,nan
2020-05-29 17:00:00-05:00,1200.00,809.00,346.00
2020-05-29 17:05:00-05:00,1530.00,nan,nan
2020-05-29 17:10:00-05:00,2000.00,nan,nan
2020-05-29 17:15:00-05:00,2100.00,826.00,345.00
2020-05-29 17:20:00-05:00,1470.00,nan,nan
2020-05-29 17:25:00-05:00,360.00,nan,nan
2020-05-29 17:30:00-05:00,-16.80,816.00,346.00
2020-05-29 17:35:00-05:00,-481.00,nan,nan
2020-05-29 17:40:00-05:00,-519.00,nan,nan
2020-05-29 17:45:00-05:00,-504.00,813.00,348.00
2020-05-29 17:50:00-05:00,453.00,nan,nan
2020-05-29 17:55:00-05:00,436.00,nan,nan
2020-05-29 18:00:00-05:00,262.00,803.00,346.00
2020-05-29 18:05:00-05:00,487.00,nan,nan
2020-05-29 18:10:00-05:00,435.00,nan,nan
2020-05-29 18:15:00-05:00,835.00,789.00,345.00
2020-05-29 18:20:00-05:00,1000.00,nan,nan
2020-05-29 18:25:00-05:00,849.00,nan,nan
2020-05-29 18:30:00-05:00,365.00,777.00,345.00
2020-05-29 18:35:00-05:00,657.00,nan,nan
2020-05-29 18:40:00-05:00,830.00,nan,nan
2020-05-29 18:45:00-05:00,105.00,753.00,346.00
2020-05-29 18:50:00-05:00,87.20,nan,nan
2020-05-29 18:55:00-05:00,814.00,nan,nan
2020-05-29 19:00:00-05:00,678.00,745.00,346.00
2020-05-29 19:05:00-05:00,313.00,nan,nan
2020-05-29 19:10:00-05:00,780.00,nan,nan
2020-05-29 19:15:00-05:00,1730.00,758.00,348.00
2020-05-29 19:20:00-05:00,1050.00,nan,nan
2020-05-29 19:25:00-05:00,605.00,nan,nan
2020-05-29 19:30:00-05:00,-137.00,762.00,348.00
2020-05-29 19:35:00-05:00,-68.80,nan,nan
2020-05-29 19:40:00-05:00,191.00,nan,nan
2020-05-29 19:45:00-05:00,538.00,747.00,348.00
2020-05-29 19:50:00-05:00,538.00,nan,nan
2020-05-29 19:55:00-05:00,296.00,nan,nan
2020-05-29 20:00:00-05:00,296.00,740.00,348.00
2020-05-29 20:05:00-05:00,1080.00,nan,nan
2020-05-29 20:10:00-05:00,1850.00,nan,nan
2020-05-29 20:15:00-05:00,2010.00,746.00,346.00
2020-05-29 20:20:00-05:00,965.00,nan,nan
2020-05-29 20:25:00-05:00,586.00,nan,nan
2020-05-29 20:30:00-05:00,913.00,787.00,346.00
2020-05-29 20:35:00-05:00,931.00,nan,nan
2020-05-29 20:40:00-05:00,276.00,nan,nan
2020-05-29 20:45:00-05:00,-276.00,823.00,346.00
2020-05-29 20:50:00-05:00,-450.00,nan,nan
2020-05-29 20:55:00-05:00,244.00,nan,nan
2020-05-29 21:00:00-05:00,1250.00,789.00,346.00
2020-05-29 21:05:00-05:00,1370.00,nan,nan
2020-05-29 21:10:00-05:00,1300.00,nan,nan
2020-05-29 21:15:00-05:00,1620.00,750.00,345.00
2020-05-29 21:20:00-05:00,1580.00,nan,nan
2020-05-29 21:25:00-05:00,1130.00,nan,nan
2020-05-29 21:30:00-05:00,412.00,714.00,343.00
2020-05-29 21:35:00-05:00,-810.00,nan,nan
2020-05-29 21:40:00-05:00,-1790.00,nan,nan
2020-05-29 21:45:00-05:00,-1040.00,716.00,343.00
2020-05-29 21:50:00-05:00,-384.00,nan,nan
2020-05-29 21:55:00-05:00,438.00,nan,nan
2020-05-29 22:00:00-05:00,682.00,721.00,342.00
2020-05-29 22:05:00-05:00,1370.00,nan,nan
2020-05-29 22:10:00-05:00,1200.00,nan,nan
2020-05-29 22:15:00-05:00,1250.00,714.00,340.00
2020-05-29 22:20:00-05:00,1410.00,nan,nan
2020-05-29 22:25:00-05:00,998.00,nan,nan
2020-05-29 22:30:00-05:00,17.60,704.00,342.00
2020-05-29 22:35:00-05:00,-224.00,nan,nan
2020-05-29 22:40:00-05:00,52.30,nan,nan
2020-05-29 22:45:00-05:00,226.00,679.00,343.00
2020-05-29 22:50:00-05:00,573.00,nan,nan
2020-05-29 22:55:00-05:00,383.00,nan,nan
2020-05-29 23:00:00-05:00,418.00,679.00,345.00
2020-05-29 23:05:00-05:00,539.00,nan,nan
2020-05-29 23:10:00-05:00,1110.00,nan,nan
2020-05-29 23:15:00-05:00,642.00,686.00,343.00
2020-05-29 23:20:00-05:00,537.00,nan,nan
2020-05-29 23:25:00-05:00,416.00,nan,nan
2020-05-29 23:30:00-05:00,-173.00,683.00,345.00
2020-05-29 23:35:00-05:00,-313.00,nan,nan
2020-05-29 23:40:00-05:00,139.00,nan,nan
2020-05-29 23:45:00-05:00,192.00,687.00,345.00
2020-05-29 23:50:00-05:00,-227.00,nan,nan
2020-05-29 23:55:00-05:00,140.00,nan,nan
2020-05-30 00:00:00-05:00,1390.00,687.00,345.00
2020-05-30 00:05:00-05:00,1870.00,nan,nan
2020-05-30 00:10:00-05:00,1070.00,nan,nan
2020-05-30 00:15:00-05:00,-16.90,677.00,345.00
2020-05-30 00:20:00-05:00,225.00,nan,nan
2020-05-30 00:25:00-05:00,934.00,nan,nan
2020-05-30 00:30:00-05:00,745.00,658.00,346.00
2020-05-30 00:35:00-05:00,278.00,nan,nan
2020-05-30 00:40:00-05:00,191.00,nan,nan
2020-05-30 00:45:00-05:00,1380.00,658.00,348.00
2020-05-30 00:50:00-05:00,1870.00,nan,nan
2020-05-30 00:55:00-05:00,1550.00,nan,nan
2020-05-30 01:00:00-05:00,1260.00,685.00,346.00
2020-05-30 01:05:00-05:00,1590.00,nan,nan
2020-05-30 01:10:00-05:00,1540.00,nan,nan
2020-05-30 01:15:00-05:00,857.00,695.00,346.00
2020-05-30 01:20:00-05:00,531.00,nan,nan
2020-05-30 01:25:00-05:00,-274.00,nan,nan
2020-05-30 01:30:00-05:00,-604.00,689.00,345.00
2020-05-30 01:35:00-05:00,-277.00,nan,nan
2020-05-30 01:40:00-05:00,226.00,nan,nan
2020-05-30 01:45:00-05:00,818.00,696.00,343.00
2020-05-30 01:50:00-05:00,539.00,nan,nan
2020-05-30 01:55:00-05:00,643.00,nan,nan
2020-05-30 02:00:00-05:00,901.00,699.00,340.00
2020-05-30 02:05:00-05:00,1670.00,nan,nan
2020-05-30 02:10:00-05:00,1570.00,nan,nan
2020-05-30 02:15:00-05:00,843.00,699.00,337.00
2020-05-30 02:20:00-05:00,69.20,nan,nan
2020-05-30 02:25:00-05:00,-587.00,nan,nan
2020-05-30 02:30:00-05:00,-121.00,694.00,339.00
2020-05-30 02:35:00-05:00,0.41,nan,nan
2020-05-30 02:40:00-05:00,-471.00,nan,nan
2020-05-30 02:45:00-05:00,-51.90,684.00,339.00
2020-05-30 02:50:00-05:00,870.00,nan,nan
2020-05-30 02:55:00-05:00,1460.00,nan,nan
2020-05-30 03:00:00-05:00,1730.00,686.00,337.00
2020-05-30 03:05:00-05:00,1290.00,nan,nan
2020-05-30 03:10:00-05:00,929.00,nan,nan
2020-05-30 03:15:00-05:00,808.00,679.00,337.00
2020-05-30 03:20:00-05:00,859.00,nan,nan
2020-05-30 03:25:00-05:00,842.00,nan,nan
2020-05-30 03:30:00-05:00,979.00,669.00,339.00
2020-05-30 03:35:00-05:00,619.00,nan,nan
2020-05-30 03:40:00-05:00,-16.80,nan,nan
2020-05-30 03:45:00-05:00,293.00,665.00,339.00
2020-05-30 03:50:00-05:00,707.00,nan,nan
2020-05-30 03:55:00-05:00,364.00,nan,nan
2020-05-30 04:00:00-05:00,398.00,681.00,337.00
2020-05-30 04:05:00-05:00,208.00,nan,nan
2020-05-30 04:10:00-05:00,226.00,nan,nan
2020-05-30 04:15:00-05:00,295.00,713.00,336.00
2020-05-30 04:20:00-05:00,399.00,nan,nan
2020-05-30 04:25:00-05:00,191.00,nan,nan
2020-05-30 04:30:00-05:00,538.00,706.00,335.00
2020-05-30 04:35:00-05:00,676.00,nan,nan
2020-05-30 04:40:00-05:00,882.00,nan,nan
2020-05-30 04:45:00-05:00,812.00,690.00,333.00
2020-05-30 04:50:00-05:00,1090.00,nan,nan
2020-05-30 04:55:00-05:00,17.70,nan,nan
2020-05-30 05:00:00-05:00,-380.00,685.00,333.00
2020-05-30 05:05:00-05:00,-276.00,nan,nan
2020-05-30 05:10:00-05:00,-243.00,nan,nan
2020-05-30 05:15:00-05:00,-121.00,683.00,335.00
2020-05-30 05:20:00-05:00,-365.00,nan,nan
2020-05-30 05:25:00-05:00,157.00,nan,nan
2020-05-30 05:30:00-05:00,523.00,694.00,333.00
2020-05-30 05:35:00-05:00,696.00,nan,nan
2020-05-30 05:40:00-05:00,279.00,nan,nan
2020-05-30 05:45:00-05:00,434.00,697.00,333.00
2020-05-30 05:50:00-05:00,607.00,nan,nan
2020-05-30 05:55:00-05:00,832.00,nan,nan
2020-05-30 06:00:00-05:00,416.00,691.00,335.00
2020-05-30 06:05:00-05:00,35.00,nan,nan
2020-05-30 06:10:00-05:00,-86.30,nan,nan
2020-05-30 06:15:00-05:00,313.00,680.00,336.00
2020-05-30 06:20:00-05:00,953.00,nan,nan
2020-05-30 06:25:00-05:00,1510.00,nan,nan
2020-05-30 06:30:00-05:00,606.00,669.00,337.00
2020-05-30 06:35:00-05:00,727.00,nan,nan
2020-05-30 06:40:00-05:00,1270.00,nan,nan
2020-05-30 06:45:00-05:00,1290.00,690.00,339.00
2020-05-30 06:50:00-05:00,1480.00,nan,nan
2020-05-30 06:55:00-05:00,-16.80,nan,nan
2020-05-30 07:00:00-05:00,-1210.00,692.00,339.00
2020-05-30 07:05:00-05:00,-519.00,nan,nan
2020-05-30 07:10:00-05:00,1110.00,nan,nan
2020-05-30 07:15:00-05:00,1420.00,694.00,339.00
2020-05-30 07:20:00-05:00,676.00,nan,nan
2020-05-30 07:25:00-05:00,1280.00,nan,nan
2020-05-30 07:30:00-05:00,1380.00,709.00,337.00
2020-05-30 07:35:00-05:00,501.00,nan,nan
2020-05-30 07:40:00-05:00,-414.00,nan,nan
2020-05-30 07:45:00-05:00,-518.00,698.00,336.00
2020-05-30 07:50:00-05:00,-1100.00,nan,nan
2020-05-30 07:55:00-05:00,-594.00,nan,nan
2020-05-30 08:00:00-05:00,611.00,689.00,336.00
2020-05-30 08:05:00-05:00,1790.00,nan,nan
2020-05-30 08:10:00-05:00,1320.00,nan,nan
2020-05-30 08:15:00-05:00,745.00,702.00,336.00
2020-05-30 08:20:00-05:00,656.00,nan,nan
2020-05-30 08:25:00-05:00,932.00,nan,nan
2020-05-30 08:30:00-05:00,811.00,707.00,336.00
2020-05-30 08:35:00-05:00,-432.00,nan,nan
2020-05-30 08:40:00-05:00,-763.00,nan,nan
2020-05-30 08:45:00-05:00,-104.00,682.00,337.00
2020-05-30 08:50:00-05:00,540.00,nan,nan
2020-05-30 08:55:00-05:00,349.00,nan,nan
2020-05-30 09:00:00-05:00,591.00,672.00,339.00
2020-05-30 09:05:00-05:00,1610.00,nan,nan
2020-05-30 09:10:00-05:00,1630.00,nan,nan
2020-05-30 09:15:00-05:00,726.00,695.00,337.00
2020-05-30 09:20:00-05:00,0.41,nan,nan
2020-05-30 09:25:00-05:00,-276.00,nan,nan
2020-05-30 09:30:00-05:00,-451.00,724.00,337.00
2020-05-30 09:35:00-05:00,-139.00,nan,nan
2020-05-30 09:40:00-05:00,295.00,nan,nan
2020-05-30 09:45:00-05:00,626.00,748.00,339.00
2020-05-30 09:50:00-05:00,1250.00,nan,nan
2020-05-30 09:55:00-05:00,1110.00,nan,nan
2020-05-30 10:00:00-05:00,694.00,747.00,339.00
2020-05-30 10:05:00-05:00,381.00,nan,nan
2020-05-30 10:10:00-05:00,536.00,nan,nan
2020-05-30 10:15:00-05:00,35.10,761.00,339.00
2020-05-30 10:20:00-05:00,-661.00,nan,nan
2020-05-30 10:25:00-05:00,-191.00,nan,nan
2020-05-30 10:30:00-05:00,418.00,768.00,339.00
2020-05-30 10:35:00-05:00,732.00,nan,nan
2020-05-30 10:40:00-05:00,921.00,nan,nan
2020-05-30 10:45:00-05:00,1680.00,755.00,339.00
2020-05-30 10:50:00-05:00,2030.00,nan,nan
2020-05-30 10:55:00-05:00,2010.00,nan,nan
2020-05-30 11:00:00-05:00,1220.00,768.00,339.00
2020-05-30 11:05:00-05:00,257.00,nan,nan
2020-05-30 11:10:00-05:00,309.00,nan,nan
2020-05-30 11:15:00-05:00,275.00,773.00,340.00
2020-05-30 11:20:00-05:00,69.40,nan,nan
2020-05-30 11:25:00-05:00,17.70,nan,nan
2020-05-30 11:30:00-05:00,553.00,765.00,340.00
2020-05-30 11:35:00-05:00,934.00,nan,nan
2020-05-30 11:40:00-05:00,1550.00,nan,nan
2020-05-30 11:45:00-05:00,1770.00,769.00,339.00
2020-05-30 11:50:00-05:00,1180.00,nan,nan
2020-05-30 11:55:00-05:00,189.00,nan,nan
2020-05-30 12:00:00-05:00,-137.00,767.00,336.00
2020-05-30 12:05:00-05:00,-448.00,nan,nan
2020-05-30 12:10:00-05:00,-242.00,nan,nan
2020-05-30 12:15:00-05:00,105.00,778.00,335.00
2020-05-30 12:20:00-05:00,-51.90,nan,nan
2020-05-30 12:25:00-05:00,-139.00,nan,nan
2020-05-30 12:30:00-05:00,401.00,773.00,333.00
2020-05-30 12:35:00-05:00,1410.00,nan,nan
2020-05-30 12:40:00-05:00,1330.00,nan,nan
2020-05-30 12:45:00-05:00,761.00,767.00,332.00
2020-05-30 12:50:00-05:00,793.00,nan,nan
2020-05-30 12:55:00-05:00,1020.00,nan,nan
2020-05-30 13:00:00-05:00,1010.00,815.00,330.00
2020-05-30 13:05:00-05:00,-34.00,nan,nan
2020-05-30 13:10:00-05:00,-570.00,nan,nan
2020-05-30 13:15:00-05:00,-224.00,843.00,333.00
2020-05-30 13:20:00-05:00,554.00,nan,nan
2020-05-30 13:25:00-05:00,747.00,nan,nan
2020-05-30 13:30:00-05:00,503.00,810.00,335.00
2020-05-30 13:35:00-05:00,1520.00,nan,nan
2020-05-30 13:40:00-05:00,1720.00,nan,nan
2020-05-30 13:45:00-05:00,1290.00,798.00,333.00
2020-05-30 13:50:00-05:00,361.00,nan,nan
2020-05-30 13:55:00-05:00,-568.00,nan,nan
2020-05-30 14:00:00-05:00,-813.00,832.00,333.00
2020-05-30 14:05:00-05:00,-486.00,nan,nan
2020-05-30 14:10:00-05:00,192.00,nan,nan
2020-05-30 14:15:00-05:00,349.00,849.00,332.00
2020-05-30 14:20:00-05:00,-17.00,nan,nan
2020-05-30 14:25:00-05:00,140.00,nan,nan
2020-05-30 14:30:00-05:00,-17.00,872.00,330.00
2020-05-30 14:35:00-05:00,573.00,nan,nan
2020-05-30 14:40:00-05:00,555.00,nan,nan
2020-05-30 14:45:00-05:00,468.00,909.00,330.00
2020-05-30 14:50:00-05:00,-225.00,nan,nan
2020-05-30 14:55:00-05:00,-242.00,nan,nan
2020-05-30 15:00:00-05:00,87.20,895.00,332.00
2020-05-30 15:05:00-05:00,-16.90,nan,nan
2020-05-30 15:10:00-05:00,139.00,nan,nan
2020-05-30 15:15:00-05:00,-104.00,882.00,335.00
2020-05-30 15:20:00-05:00,35.20,nan,nan
2020-05-30 15:25:00-05:00,1180.00,nan,nan
2020-05-30 15:30:00-05:00,1620.00,879.00,335.00
2020-05-30 15:35:00-05:00,968.00,nan,nan
2020-05-30 15:40:00-05:00,242.00,nan,nan
2020-05-30 15:45:00-05:00,396.00,861.00,336.00
2020-05-30 15:50:00-05:00,397.00,nan,nan
2020-05-30 15:55:00-05:00,-398.00,nan,nan
2020-05-30 16:00:00-05:00,-468.00,845.00,337.00
2020-05-30 16:05:00-05:00,364.00,nan,nan
2020-05-30 16:10:00-05:00,1200.00,nan,nan
2020-05-30 16:15:00-05:00,1190.00,917.00,337.00
2020-05-30 16:20:00-05:00,830.00,nan,nan
2020-05-30 16:25:00-05:00,311.00,nan,nan
2020-05-30 16:30:00-05:00,294.00,967.00,337.00
2020-05-30 16:35:00-05:00,104.00,nan,nan
2020-05-30 16:40:00-05:00,-381.00,nan,nan
2020-05-30 16:45:00-05:00,-659.00,964.00,337.00
2020-05-30 16:50:00-05:00,-347.00,nan,nan
2020-05-30 16:55:00-05:00,-51.90,nan,nan
2020-05-30 17:00:00-05:00,70.30,920.00,337.00
2020-05-30 17:05:00-05:00,-157.00,nan,nan
2020-05-30 17:10:00-05:00,766.00,nan,nan
2020-05-30 17:15:00-05:00,1470.00,908.00,337.00
2020-05-30 17:20:00-05:00,900.00,nan,nan
2020-05-30 17:25:00-05:00,225.00,nan,nan
2020-05-30 17:30:00-05:00,-121.00,885.00,337.00
2020-05-30 17:35:00-05:00,86.90,nan,nan
2020-05-30 17:40:00-05:00,-295.00,nan,nan
2020-05-30 17:45:00-05:00,-104.00,871.00,340.00
2020-05-30 17:50:00-05:00,537.00,nan,nan
2020-05-30 17:55:00-05:00,1040.00,nan,nan
2020-05-30 18:00:00-05:00,1130.00,855.00,342.00
2020-05-30 18:05:00-05:00,208.00,nan,nan
2020-05-30 18:10:00-05:00,-51.50,nan,nan
2020-05-30 18:15:00-05:00,226.00,836.00,342.00
2020-05-30 18:20:00-05:00,624.00,nan,nan
2020-05-30 18:25:00-05:00,555.00,nan,nan
2020-05-30 18:30:00-05:00,69.80,839.00,342.00
2020-05-30 18:35:00-05:00,658.00,nan,nan
2020-05-30 18:40:00-05:00,555.00,nan,nan
2020-05-30 18:45:00-05:00,590.00,778.00,342.00
2020-05-30 18:50:00-05:00,675.00,nan,nan
2020-05-30 18:55:00-05:00,-104.00,nan,nan
2020-05-30 19:00:00-05:00,-747.00,778.00,342.00
2020-05-30 19:05:00-05:00,-278.00,nan,nan
2020-05-30 19:10:00-05:00,348.00,nan,nan
2020-05-30 19:15:00-05:00,610.00,787.00,342.00
2020-05-30 19:20:00-05:00,279.00,nan,nan
2020-05-30 19:25:00-05:00,486.00,nan,nan
2020-05-30 19:30:00-05:00,244.00,775.00,342.00
2020-05-30 19:35:00-05:00,-139.00,nan,nan
2020-05-30 19:40:00-05:00,-278.00,nan,nan
2020-05-30 19:45:00-05:00,-51.80,767.00,342.00
2020-05-30 19:50:00-05:00,-243.00,nan,nan
2020-05-30 19:55:00-05:00,35.20,nan,nan
2020-05-30 20:00:00-05:00,-174.00,725.00,343.00
2020-05-30 20:05:00-05:00,-244.00,nan,nan
2020-05-30 20:10:00-05:00,-279.00,nan,nan
2020-05-30 20:15:00-05:00,-314.00,713.00,343.00
2020-05-30 20:20:00-05:00,-402.00,nan,nan
2020-05-30 20:25:00-05:00,-87.10,nan,nan
2020-05-30 20:30:00-05:00,315.00,731.00,345.00
2020-05-30 20:35:00-05:00,1030.00,nan,nan
2020-05-30 20:40:00-05:00,593.00,nan,nan
2020-05-30 20:45:00-05:00,-278.00,738.00,348.00
2020-05-30 20:50:00-05:00,192.00,nan,nan
2020-05-30 20:55:00-05:00,279.00,nan,nan
2020-05-30 21:00:00-05:00,175.00,756.00,349.00
2020-05-30 21:05:00-05:00,105.00,nan,nan
2020-05-30 21:10:00-05:00,297.00,nan,nan
2020-05-30 21:15:00-05:00,1200.00,734.00,352.00
2020-05-30 21:20:00-05:00,1730.00,nan,nan
2020-05-30 21:25:00-05:00,1110.00,nan,nan
2020-05-30 21:30:00-05:00,831.00,711.00,353.00
2020-05-30 21:35:00-05:00,1910.00,nan,nan
2020-05-30 21:40:00-05:00,2030.00,nan,nan
2020-05-30 21:45:00-05:00,791.00,734.00,355.00
2020-05-30 21:50:00-05:00,-585.00,nan,nan
2020-05-30 21:55:00-05:00,-518.00,nan,nan
2020-05-30 22:00:00-05:00,521.00,774.00,355.00
2020-05-30 22:05:00-05:00,122.00,nan,nan
2020-05-30 22:10:00-05:00,-69.40,nan,nan
2020-05-30 22:15:00-05:00,-104.00,759.00,353.00
2020-05-30 22:20:00-05:00,524.00,nan,nan
2020-05-30 22:25:00-05:00,1170.00,nan,nan
2020-05-30 22:30:00-05:00,1550.00,724.00,350.00
2020-05-30 22:35:00-05:00,780.00,nan,nan
2020-05-30 22:40:00-05:00,-295.00,nan,nan
2020-05-30 22:45:00-05:00,-626.00,721.00,349.00
2020-05-30 22:50:00-05:00,-69.20,nan,nan
2020-05-30 22:55:00-05:00,314.00,nan,nan
2020-05-30 23:00:00-05:00,663.00,701.00,350.00
2020-05-30 23:05:00-05:00,175.00,nan,nan
2020-05-30 23:10:00-05:00,0.42,nan,nan
2020-05-30 23:15:00-05:00,401.00,691.00,350.00
2020-05-30 23:20:00-05:00,1060.00,nan,nan
2020-05-30 23:25:00-05:00,818.00,nan,nan
2020-05-30 23:30:00-05:00,140.00,709.00,350.00
2020-05-30 23:35:00-05:00,-86.50,nan,nan
2020-05-30 23:40:00-05:00,470.00,nan,nan
2020-05-30 23:45:00-05:00,939.00,709.00,352.00
2020-05-30 23:50:00-05:00,869.00,nan,nan
2020-05-30 23:55:00-05:00,1060.00,nan,nan
2020-05-31 00:00:00-05:00,901.00,692.00,352.00
2020-05-31 00:05:00-05:00,589.00,nan,nan
2020-05-31 00:10:00-05:00,174.00,nan,nan
2020-05-31 00:15:00-05:00,52.50,683.00,353.00
2020-05-31 00:20:00-05:00,-121.00,nan,nan
2020-05-31 00:25:00-05:00,0.42,nan,nan
2020-05-31 00:30:00-05:00,-17.00,683.00,353.00
2020-05-31 00:35:00-05:00,245.00,nan,nan
2020-05-31 00:40:00-05:00,715.00,nan,nan
2020-05-31 00:45:00-05:00,1200.00,698.00,352.00
2020-05-31 00:50:00-05:00,905.00,nan,nan
2020-05-31 00:55:00-05:00,695.00,nan,nan
2020-05-31 01:00:00-05:00,469.00,717.00,352.00
2020-05-31 01:05:00-05:00,105.00,nan,nan
2020-05-31 01:10:00-05:00,244.00,nan,nan
2020-05-31 01:15:00-05:00,17.80,705.00,352.00
2020-05-31 01:20:00-05:00,418.00,nan,nan
2020-05-31 01:25:00-05:00,661.00,nan,nan
2020-05-31 01:30:00-05:00,939.00,687.00,352.00
2020-05-31 01:35:00-05:00,869.00,nan,nan
2020-05-31 01:40:00-05:00,850.00,nan,nan
2020-05-31 01:45:00-05:00,434.00,687.00,352.00
2020-05-31 01:50:00-05:00,-156.00,nan,nan
2020-05-31 01:55:00-05:00,-400.00,nan,nan
2020-05-31 02:00:00-05:00,227.00,699.00,352.00
2020-05-31 02:05:00-05:00,941.00,nan,nan
2020-05-31 02:10:00-05:00,1240.00,nan,nan
2020-05-31 02:15:00-05:00,1200.00,703.00,352.00
2020-05-31 02:20:00-05:00,1470.00,nan,nan
2020-05-31 02:25:00-05:00,1180.00,nan,nan
2020-05-31 02:30:00-05:00,915.00,706.00,350.00
2020-05-31 02:35:00-05:00,104.00,nan,nan
2020-05-31 02:40:00-05:00,-850.00,nan,nan
2020-05-31 02:45:00-05:00,-434.00,709.00,352.00
2020-05-31 02:50:00-05:00,-209.00,nan,nan
2020-05-31 02:55:00-05:00,298.00,nan,nan
2020-05-31 03:00:00-05:00,-69.60,704.00,350.00
2020-05-31 03:05:00-05:00,489.00,nan,nan
2020-05-31 03:10:00-05:00,1080.00,nan,nan
2020-05-31 03:15:00-05:00,1200.00,720.00,349.00
2020-05-31 03:20:00-05:00,955.00,nan,nan
2020-05-31 03:25:00-05:00,503.00,nan,nan
2020-05-31 03:30:00-05:00,-225.00,730.00,349.00
2020-05-31 03:35:00-05:00,-417.00,nan,nan
2020-05-31 03:40:00-05:00,17.80,nan,nan
2020-05-31 03:45:00-05:00,227.00,731.00,350.00
2020-05-31 03:50:00-05:00,525.00,nan,nan
2020-05-31 03:55:00-05:00,1100.00,nan,nan
2020-05-31 04:00:00-05:00,1200.00,780.00,350.00
2020-05-31 04:05:00-05:00,557.00,nan,nan
2020-05-31 04:10:00-05:00,486.00,nan,nan
2020-05-31 04:15:00-05:00,538.00,817.00,350.00
2020-05-31 04:20:00-05:00,35.20,nan,nan
2020-05-31 04:25:00-05:00,-331.00,nan,nan
2020-05-31 04:30:00-05:00,0.42,887.00,352.00
2020-05-31 04:35:00-05:00,263.00,nan,nan
2020-05-31 04:40:00-05:00,245.00,nan,nan
2020-05-31 04:45:00-05:00,802.00,1010.00,352.00
2020-05-31 04:50:00-05:00,1560.00,nan,nan
2020-05-31 04:55:00-05:00,1560.00,nan,nan
2020-05-31 05:00:00-05:00,1330.00,1010.00,352.00
2020-05-31 05:05:00-05:00,1000.00,nan,nan
2020-05-31 05:10:00-05:00,742.00,nan,nan
2020-05-31 05:15:00-05:00,346.00,1020.00,352.00
2020-05-31 05:20:00-05:00,104.00,nan,nan
2020-05-31 05:25:00-05:00,-69.00,nan,nan
2020-05-31 05:30:00-05:00,192.00,1040.00,353.00
2020-05-31 05:35:00-05:00,594.00,nan,nan
2020-05-31 05:40:00-05:00,1240.00,nan,nan
2020-05-31 05:45:00-05:00,1700.00,956.00,352.00
2020-05-31 05:50:00-05:00,1130.00,nan,nan
2020-05-31 05:55:00-05:00,1280.00,nan,nan
2020-05-31 06:00:00-05:00,1330.00,935.00,350.00
2020-05-31 06:05:00-05:00,812.00,nan,nan
2020-05-31 06:10:00-05:00,-138.00,nan,nan
2020-05-31 06:15:00-05:00,104.00,994.00,350.00
2020-05-31 06:20:00-05:00,330.00,nan,nan
2020-05-31 06:25:00-05:00,261.00,nan,nan
2020-05-31 06:30:00-05:00,1160.00,973.00,350.00
2020-05-31 06:35:00-05:00,746.00,nan,nan
2020-05-31 06:40:00-05:00,956.00,nan,nan
2020-05-31 06:45:00-05:00,677.00,1000.00,349.00
2020-05-31 06:50:00-05:00,1140.00,nan,nan
2020-05-31 06:55:00-05:00,17.80,nan,nan
2020-05-31 07:00:00-05:00,0.41,1030.00,348.00
2020-05-31 07:05:00-05:00,554.00,nan,nan
2020-05-31 07:10:00-05:00,851.00,nan,nan
2020-05-31 07:15:00-05:00,643.00,1050.00,348.00
2020-05-31 07:20:00-05:00,1380.00,nan,nan
2020-05-31 07:25:00-05:00,1640.00,nan,nan
2020-05-31 07:30:00-05:00,1120.00,1070.00,348.00
2020-05-31 07:35:00-05:00,1100.00,nan,nan
2020-05-31 07:40:00-05:00,893.00,nan,nan
2020-05-31 07:45:00-05:00,-431.00,1040.00,346.00
2020-05-31 07:50:00-05:00,-553.00,nan,nan
2020-05-31 07:55:00-05:00,-346.00,nan,nan
2020-05-31 08:00:00-05:00,-226.00,1020.00,346.00
2020-05-31 08:05:00-05:00,-34.50,nan,nan
2020-05-31 08:10:00-05:00,471.00,nan,nan
2020-05-31 08:15:00-05:00,1270.00,1010.00,343.00
2020-05-31 08:20:00-05:00,1490.00,nan,nan
2020-05-31 08:25:00-05:00,1060.00,nan,nan
2020-05-31 08:30:00-05:00,640.00,977.00,342.00
2020-05-31 08:35:00-05:00,415.00,nan,nan
2020-05-31 08:40:00-05:00,86.90,nan,nan
2020-05-31 08:45:00-05:00,-416.00,944.00,342.00
2020-05-31 08:50:00-05:00,-452.00,nan,nan
2020-05-31 08:55:00-05:00,52.70,nan,nan
2020-05-31 09:00:00-05:00,924.00,917.00,343.00
2020-05-31 09:05:00-05:00,1250.00,nan,nan
2020-05-31 09:10:00-05:00,972.00,nan,nan
2020-05-31 09:15:00-05:00,831.00,838.00,342.00
2020-05-31 09:20:00-05:00,1470.00,nan,nan
2020-05-31 09:25:00-05:00,1050.00,nan,nan
2020-05-31 09:30:00-05:00,121.00,823.00,343.00
2020-05-31 09:35:00-05:00,-605.00,nan,nan
2020-05-31 09:40:00-05:00,-485.00,nan,nan
2020-05-31 09:45:00-05:00,0.42,810.00,345.00
2020-05-31 09:50:00-05:00,297.00,nan,nan
2020-05-31 09:55:00-05:00,488.00,nan,nan
2020-05-31 10:00:00-05:00,818.00,737.00,345.00
2020-05-31 10:05:00-05:00,1320.00,nan,nan
2020-05-31 10:10:00-05:00,1260.00,nan,nan
2020-05-31 10:15:00-05:00,640.00,731.00,343.00
2020-05-31 10:20:00-05:00,69.70,nan,nan
2020-05-31 10:25:00-05:00,225.00,nan,nan
2020-05-31 10:30:00-05:00,-225.00,748.00,343.00
2020-05-31 10:35:00-05:00,-104.00,nan,nan
2020-05-31 10:40:00-05:00,140.00,nan,nan
2020-05-31 10:45:00-05:00,749.00,772.00,343.00
2020-05-31 10:50:00-05:00,1360.00,nan,nan
2020-05-31 10:55:00-05:00,1680.00,nan,nan
2020-05-31 11:00:00-05:00,882.00,772.00,343.00
2020-05-31 11:05:00-05:00,467.00,nan,nan
2020-05-31 11:10:00-05:00,277.00,nan,nan
2020-05-31 11:15:00-05:00,398.00,774.00,343.00
2020-05-31 11:20:00-05:00,-729.00,nan,nan
2020-05-31 11:25:00-05:00,-783.00,nan,nan
2020-05-31 11:30:00-05:00,418.00,777.00,343.00
2020-05-31 11:35:00-05:00,1310.00,nan,nan
2020-05-31 11:40:00-05:00,1220.00,nan,nan
2020-05-31 11:45:00-05:00,503.00,771.00,343.00
2020-05-31 11:50:00-05:00,831.00,nan,nan
2020-05-31 11:55:00-05:00,1640.00,nan,nan
2020-05-31 12:00:00-05:00,1410.00,718.00,342.00
2020-05-31 12:05:00-05:00,0.41,nan,nan
2020-05-31 12:10:00-05:00,241.00,nan,nan
2020-05-31 12:15:00-05:00,569.00,691.00,342.00
2020-05-31 12:20:00-05:00,812.00,nan,nan
2020-05-31 12:25:00-05:00,-121.00,nan,nan
2020-05-31 12:30:00-05:00,-103.00,709.00,342.00
2020-05-31 12:35:00-05:00,831.00,nan,nan
2020-05-31 12:40:00-05:00,1250.00,nan,nan
2020-05-31 12:45:00-05:00,849.00,735.00,340.00
2020-05-31 12:50:00-05:00,69.60,nan,nan
2020-05-31 12:55:00-05:00,795.00,nan,nan
2020-05-31 13:00:00-05:00,1040.00,752.00,339.00
2020-05-31 13:05:00-05:00,657.00,nan,nan
2020-05-31 13:10:00-05:00,191.00,nan,nan
2020-05-31 13:15:00-05:00,346.00,771.00,337.00
2020-05-31 13:20:00-05:00,778.00,nan,nan
2020-05-31 13:25:00-05:00,986.00,nan,nan
2020-05-31 13:30:00-05:00,1070.00,763.00,336.00
2020-05-31 13:35:00-05:00,1260.00,nan,nan
2020-05-31 13:40:00-05:00,1220.00,nan,nan
2020-05-31 13:45:00-05:00,637.00,737.00,335.00
2020-05-31 13:50:00-05:00,516.00,nan,nan
2020-05-31 13:55:00-05:00,465.00,nan,nan
2020-05-31 14:00:00-05:00,0.41,721.00,333.00
2020-05-31 14:05:00-05:00,-311.00,nan,nan
2020-05-31 14:10:00-05:00,0.41,nan,nan
2020-05-31 14:15:00-05:00,676.00,722.00,332.00
2020-05-31 14:20:00-05:00,537.00,nan,nan
2020-05-31 14:25:00-05:00,312.00,nan,nan
2020-05-31 14:30:00-05:00,1240.00,744.00,330.00
2020-05-31 14:35:00-05:00,1050.00,nan,nan
2020-05-31 14:40:00-05:00,-502.00,nan,nan
2020-05-31 14:45:00-05:00,-675.00,769.00,329.00
2020-05-31 14:50:00-05:00,1120.00,nan,nan
2020-05-31 14:55:00-05:00,1450.00,nan,nan
2020-05-31 15:00:00-05:00,243.00,766.00,328.00
2020-05-31 15:05:00-05:00,483.00,nan,nan
2020-05-31 15:10:00-05:00,1650.00,nan,nan
2020-05-31 15:15:00-05:00,1770.00,763.00,328.00
2020-05-31 15:20:00-05:00,893.00,nan,nan
2020-05-31 15:25:00-05:00,582.00,nan,nan
2020-05-31 15:30:00-05:00,857.00,778.00,329.00
2020-05-31 15:35:00-05:00,618.00,nan,nan
2020-05-31 15:40:00-05:00,86.30,nan,nan
2020-05-31 15:45:00-05:00,275.00,804.00,329.00
2020-05-31 15:50:00-05:00,1150.00,nan,nan
2020-05-31 15:55:00-05:00,1300.00,nan,nan
2020-05-31 16:00:00-05:00,-275.00,806.00,329.00
2020-05-31 16:05:00-05:00,-275.00,nan,nan
2020-05-31 16:10:00-05:00,413.00,nan,nan
2020-05-31 16:15:00-05:00,881.00,778.00,328.00
2020-05-31 16:20:00-05:00,432.00,nan,nan
2020-05-31 16:25:00-05:00,861.00,nan,nan
2020-05-31 16:30:00-05:00,2130.00,766.00,326.00
2020-05-31 16:35:00-05:00,1930.00,nan,nan
2020-05-31 16:40:00-05:00,428.00,nan,nan
2020-05-31 16:45:00-05:00,-479.00,785.00,325.00
2020-05-31 16:50:00-05:00,17.60,nan,nan
2020-05-31 16:55:00-05:00,910.00,nan,nan
2020-05-31 17:00:00-05:00,121.00,811.00,323.00
2020-05-31 17:05:00-05:00,-795.00,nan,nan
2020-05-31 17:10:00-05:00,86.60,nan,nan
2020-05-31 17:15:00-05:00,1410.00,806.00,323.00
2020-05-31 17:20:00-05:00,1530.00,nan,nan
2020-05-31 17:25:00-05:00,190.00,nan,nan
2020-05-31 17:30:00-05:00,-189.00,810.00,322.00
2020-05-31 17:35:00-05:00,0.41,nan,nan
2020-05-31 17:40:00-05:00,1310.00,nan,nan
2020-05-31 17:45:00-05:00,1270.00,814.00,321.00
2020-05-31 17:50:00-05:00,-68.60,nan,nan
2020-05-31 17:55:00-05:00,0.41,nan,nan
2020-05-31 18:00:00-05:00,1220.00,787.00,322.00
2020-05-31 18:05:00-05:00,1340.00,nan,nan
2020-05-31 18:10:00-05:00,568.00,nan,nan
2020-05-31 18:15:00-05:00,566.00,762.00,321.00
2020-05-31 18:20:00-05:00,361.00,nan,nan
2020-05-31 18:25:00-05:00,-34.00,nan,nan
2020-05-31 18:30:00-05:00,-794.00,754.00,322.00
2020-05-31 18:35:00-05:00,-51.40,nan,nan
2020-05-31 18:40:00-05:00,433.00,nan,nan
2020-05-31 18:45:00-05:00,416.00,729.00,322.00
2020-05-31 18:50:00-05:00,-242.00,nan,nan
2020-05-31 18:55:00-05:00,242.00,nan,nan
2020-05-31 19:00:00-05:00,829.00,718.00,321.00
2020-05-31 19:05:00-05:00,1050.00,nan,nan
2020-05-31 19:10:00-05:00,690.00,nan,nan
2020-05-31 19:15:00-05:00,722.00,719.00,321.00
2020-05-31 19:20:00-05:00,756.00,nan,nan
2020-05-31 19:25:00-05:00,533.00,nan,nan
2020-05-31 19:30:00-05:00,481.00,699.00,322.00
2020-05-31 19:35:00-05:00,138.00,nan,nan
2020-05-31 19:40:00-05:00,-484.00,nan,nan
2020-05-31 19:45:00-05:00,-935.00,660.00,323.00
2020-05-31 19:50:00-05:00,-312.00,nan,nan
2020-05-31 19:55:00-05:00,-69.30,nan,nan
2020-05-31 20:00:00-05:00,245.00,645.00,323.00
2020-05-31 20:05:00-05:00,713.00,nan,nan
2020-05-31 20:10:00-05:00,1070.00,nan,nan
2020-05-31 20:15:00-05:00,1160.00,666.00,323.00
2020-05-31 20:20:00-05:00,1200.00,nan,nan
2020-05-31 20:25:00-05:00,996.00,nan,nan
2020-05-31 20:30:00-05:00,994.00,666.00,323.00
2020-05-31 20:35:00-05:00,0.41,nan,nan
2020-05-31 20:40:00-05:00,-568.00,nan,nan
2020-05-31 20:45:00-05:00,-743.00,659.00,326.00
2020-05-31 20:50:00-05:00,191.00,nan,nan
2020-05-31 20:55:00-05:00,1110.00,nan,nan
2020-05-31 21:00:00-05:00,451.00,649.00,328.00
2020-05-31 21:05:00-05:00,-191.00,nan,nan
2020-05-31 21:10:00-05:00,1400.00,nan,nan
2020-05-31 21:15:00-05:00,1350.00,653.00,328.00
2020-05-31 21:20:00-05:00,104.00,nan,nan
2020-05-31 21:25:00-05:00,-172.00,nan,nan
2020-05-31 21:30:00-05:00,276.00,670.00,328.00
2020-05-31 21:35:00-05:00,226.00,nan,nan
2020-05-31 21:40:00-05:00,416.00,nan,nan
2020-05-31 21:45:00-05:00,863.00,670.00,329.00
2020-05-31 21:50:00-05:00,1450.00,nan,nan
2020-05-31 21:55:00-05:00,931.00,nan,nan
2020-05-31 22:00:00-05:00,1290.00,664.00,329.00
2020-05-31 22:05:00-05:00,705.00,nan,nan
2020-05-31 22:10:00-05:00,1050.00,nan,nan
2020-05-31 22:15:00-05:00,703.00,669.00,329.00
2020-05-31 22:20:00-05:00,-223.00,nan,nan
2020-05-31 22:25:00-05:00,-967.00,nan,nan
2020-05-31 22:30:00-05:00,69.50,677.00,330.00
2020-05-31 22:35:00-05:00,485.00,nan,nan
2020-05-31 22:40:00-05:00,470.00,nan,nan
2020-05-31 22:45:00-05:00,1110.00,670.00,330.00
2020-05-31 22:50:00-05:00,1480.00,nan,nan
2020-05-31 22:55:00-05:00,657.00,nan,nan
2020-05-31 23:00:00-05:00,431.00,672.00,329.00
2020-05-31 23:05:00-05:00,259.00,nan,nan
2020-05-31 23:10:00-05:00,-293.00,nan,nan
2020-05-31 23:15:00-05:00,-328.00,679.00,329.00
2020-05-31 23:20:00-05:00,191.00,nan,nan
2020-05-31 23:25:00-05:00,606.00,nan,nan
2020-05-31 23:30:00-05:00,1250.00,669.00,329.00
2020-05-31 23:35:00-05:00,1770.00,nan,nan
2020-05-31 23:40:00-05:00,1550.00,nan,nan
2020-05-31 23:45:00-05:00,533.00,672.00,329.00
2020-05-31 23:50:00-05:00,-205.00,nan,nan
2020-05-31 23:55:00-05:00,86.30,nan,nan
2020-06-01 00:00:00-05:00,-16.80,687.00,329.00
2020-06-01 00:05:00-05:00,-16.90,nan,nan
2020-06-01 00:10:00-05:00,380.00,nan,nan
2020-06-01 00:15:00-05:00,173.00,683.00,329.00
2020-06-01 00:20:00-05:00,519.00,nan,nan
2020-06-01 00:25:00-05:00,674.00,nan,nan
2020-06-01 00:30:00-05:00,1210.00,681.00,328.00
2020-06-01 00:35:00-05:00,879.00,nan,nan
2020-06-01 00:40:00-05:00,293.00,nan,nan
2020-06-01 00:45:00-05:00,380.00,684.00,328.00
2020-06-01 00:50:00-05:00,1170.00,nan,nan
2020-06-01 00:55:00-05:00,1190.00,nan,nan
2020-06-01 01:00:00-05:00,-103.00,680.00,328.00
2020-06-01 01:05:00-05:00,155.00,nan,nan
2020-06-01 01:10:00-05:00,1030.00,nan,nan
2020-06-01 01:15:00-05:00,880.00,675.00,328.00
2020-06-01 01:20:00-05:00,-16.80,nan,nan
2020-06-01 01:25:00-05:00,225.00,nan,nan
2020-06-01 01:30:00-05:00,1340.00,685.00,328.00
2020-06-01 01:35:00-05:00,1620.00,nan,nan
2020-06-01 01:40:00-05:00,1080.00,nan,nan
2020-06-01 01:45:00-05:00,618.00,682.00,326.00
2020-06-01 01:50:00-05:00,189.00,nan,nan
2020-06-01 01:55:00-05:00,944.00,nan,nan
2020-06-01 02:00:00-05:00,1470.00,671.00,325.00
2020-06-01 02:05:00-05:00,516.00,nan,nan
2020-06-01 02:10:00-05:00,103.00,nan,nan
2020-06-01 02:15:00-05:00,1370.00,675.00,325.00
2020-06-01 02:20:00-05:00,2150.00,nan,nan
2020-06-01 02:25:00-05:00,1180.00,nan,nan
2020-06-01 02:30:00-05:00,-393.00,680.00,323.00
2020-06-01 02:35:00-05:00,51.80,nan,nan
2020-06-01 02:40:00-05:00,327.00,nan,nan
2020-06-01 02:45:00-05:00,-155.00,687.00,322.00
2020-06-01 02:50:00-05:00,-311.00,nan,nan
2020-06-01 02:55:00-05:00,483.00,nan,nan
2020-06-01 03:00:00-05:00,1550.00,676.00,321.00
2020-06-01 03:05:00-05:00,776.00,nan,nan
2020-06-01 03:10:00-05:00,500.00,nan,nan
2020-06-01 03:15:00-05:00,1110.00,668.00,319.00
2020-06-01 03:20:00-05:00,1060.00,nan,nan
2020-06-01 03:25:00-05:00,-68.50,nan,nan
2020-06-01 03:30:00-05:00,-343.00,677.00,318.00
2020-06-01 03:35:00-05:00,172.00,nan,nan
2020-06-01 03:40:00-05:00,571.00,nan,nan
2020-06-01 03:45:00-05:00,1340.00,674.00,318.00
2020-06-01 03:50:00-05:00,1560.00,nan,nan
2020-06-01 03:55:00-05:00,790.00,nan,nan
2020-06-01 04:00:00-05:00,994.00,664.00,318.00
2020-06-01 04:05:00-05:00,1360.00,nan,nan
2020-06-01 04:10:00-05:00,1010.00,nan,nan
2020-06-01 04:15:00-05:00,240.00,666.00,318.00
2020-06-01 04:20:00-05:00,240.00,nan,nan
2020-06-01 04:25:00-05:00,86.00,nan,nan
2020-06-01 04:30:00-05:00,-68.40,680.00,318.00
2020-06-01 04:35:00-05:00,723.00,nan,nan
2020-06-01 04:40:00-05:00,1220.00,nan,nan
2020-06-01 04:45:00-05:00,362.00,682.00,316.00
2020-06-01 04:50:00-05:00,293.00,nan,nan
2020-06-01 04:55:00-05:00,686.00,nan,nan
2020-06-01 05:00:00-05:00,1290.00,685.00,315.00
2020-06-01 05:05:00-05:00,430.00,nan,nan
2020-06-01 05:10:00-05:00,155.00,nan,nan
2020-06-01 05:15:00-05:00,86.30,686.00,314.00
2020-06-01 05:20:00-05:00,328.00,nan,nan
2020-06-01 05:25:00-05:00,1270.00,nan,nan
2020-06-01 05:30:00-05:00,1370.00,682.00,314.00
2020-06-01 05:35:00-05:00,481.00,nan,nan
2020-06-01 05:40:00-05:00,309.00,nan,nan
2020-06-01 05:45:00-05:00,548.00,678.00,312.00
2020-06-01 05:50:00-05:00,17.60,nan,nan
2020-06-01 05:55:00-05:00,-327.00,nan,nan
2020-06-01 06:00:00-05:00,448.00,673.00,312.00
2020-06-01 06:05:00-05:00,225.00,nan,nan
2020-06-01 06:10:00-05:00,242.00,nan,nan
2020-06-01 06:15:00-05:00,638.00,674.00,312.00
2020-06-01 06:20:00-05:00,1150.00,nan,nan
2020-06-01 06:25:00-05:00,845.00,nan,nan
2020-06-01 06:30:00-05:00,1130.00,671.00,311.00
2020-06-01 06:35:00-05:00,1330.00,nan,nan
2020-06-01 06:40:00-05:00,754.00,nan,nan
2020-06-01 06:45:00-05:00,257.00,655.00,311.00
2020-06-01 06:50:00-05:00,529.00,nan,nan
2020-06-01 06:55:00-05:00,258.00,nan,nan
2020-06-01 07:00:00-05:00,223.00,656.00,311.00
2020-06-01 07:05:00-05:00,120.00,nan,nan
2020-06-01 07:10:00-05:00,224.00,nan,nan
2020-06-01 07:15:00-05:00,-34.10,666.00,312.00
2020-06-01 07:20:00-05:00,516.00,nan,nan
2020-06-01 07:25:00-05:00,259.00,nan,nan
2020-06-01 07:30:00-05:00,121.00,671.00,311.00
2020-06-01 07:35:00-05:00,-51.40,nan,nan
2020-06-01 07:40:00-05:00,708.00,nan,nan
2020-06-01 07:45:00-05:00,1390.00,675.00,311.00
2020-06-01 07:50:00-05:00,1370.00,nan,nan
2020-06-01 07:55:00-05:00,1340.00,nan,nan
2020-06-01 08:00:00-05:00,820.00,672.00,311.00
2020-06-01 08:05:00-05:00,907.00,nan,nan
2020-06-01 08:10:00-05:00,836.00,nan,nan
2020-06-01 08:15:00-05:00,786.00,662.00,311.00
2020-06-01 08:20:00-05:00,636.00,nan,nan
2020-06-01 08:25:00-05:00,600.00,nan,nan
2020-06-01 08:30:00-05:00,241.00,662.00,311.00
2020-06-01 08:35:00-05:00,-120.00,nan,nan
2020-06-01 08:40:00-05:00,-103.00,nan,nan
2020-06-01 08:45:00-05:00,-604.00,672.00,311.00
2020-06-01 08:50:00-05:00,-277.00,nan,nan
2020-06-01 08:55:00-05:00,1310.00,nan,nan
2020-06-01 09:00:00-05:00,966.00,694.00,309.00
2020-06-01 09:05:00-05:00,-883.00,nan,nan
2020-06-01 09:10:00-05:00,-743.00,nan,nan
2020-06-01 09:15:00-05:00,982.00,690.00,309.00
2020-06-01 09:20:00-05:00,797.00,nan,nan
2020-06-01 09:25:00-05:00,173.00,nan,nan
2020-06-01 09:30:00-05:00,637.00,646.00,309.00
2020-06-01 09:35:00-05:00,708.00,nan,nan
2020-06-01 09:40:00-05:00,878.00,nan,nan
2020-06-01 09:45:00-05:00,190.00,642.00,311.00
2020-06-01 09:50:00-05:00,69.30,nan,nan
2020-06-01 09:55:00-05:00,-172.00,nan,nan
2020-06-01 10:00:00-05:00,311.00,684.00,312.00
2020-06-01 10:05:00-05:00,-173.00,nan,nan
2020-06-01 10:10:00-05:00,260.00,nan,nan
2020-06-01 10:15:00-05:00,35.00,667.00,314.00
2020-06-01 10:20:00-05:00,1210.00,nan,nan
2020-06-01 10:25:00-05:00,1410.00,nan,nan
2020-06-01 10:30:00-05:00,1240.00,630.00,314.00
2020-06-01 10:35:00-05:00,670.00,nan,nan
2020-06-01 10:40:00-05:00,652.00,nan,nan
2020-06-01 10:45:00-05:00,617.00,628.00,315.00
2020-06-01 10:50:00-05:00,-464.00,nan,nan
2020-06-01 10:55:00-05:00,-1030.00,nan,nan
2020-06-01 11:00:00-05:00,-259.00,637.00,316.00
2020-06-01 11:05:00-05:00,1190.00,nan,nan
2020-06-01 11:10:00-05:00,745.00,nan,nan
2020-06-01 11:15:00-05:00,-103.00,642.00,316.00
2020-06-01 11:20:00-05:00,1080.00,nan,nan
2020-06-01 11:25:00-05:00,1410.00,nan,nan
2020-06-01 11:30:00-05:00,892.00,705.00,316.00
2020-06-01 11:35:00-05:00,104.00,nan,nan
2020-06-01 11:40:00-05:00,-430.00,nan,nan
2020-06-01 11:45:00-05:00,-1020.00,716.00,316.00
2020-06-01 11:50:00-05:00,-381.00,nan,nan
2020-06-01 11:55:00-05:00,1090.00,nan,nan
2020-06-01 12:00:00-05:00,1200.00,632.00,316.00
2020-06-01 12:05:00-05:00,726.00,nan,nan
2020-06-01 12:10:00-05:00,671.00,nan,nan
2020-06-01 12:15:00-05:00,1990.00,650.00,316.00
2020-06-01 12:20:00-05:00,2260.00,nan,nan
2020-06-01 12:25:00-05:00,1540.00,nan,nan
2020-06-01 12:30:00-05:00,17.50,698.00,316.00
2020-06-01 12:35:00-05:00,-393.00,nan,nan
2020-06-01 12:40:00-05:00,-274.00,nan,nan
2020-06-01 12:45:00-05:00,790.00,750.00,318.00
2020-06-01 12:50:00-05:00,843.00,nan,nan
2020-06-01 12:55:00-05:00,362.00,nan,nan
2020-06-01 13:00:00-05:00,345.00,798.00,316.00
2020-06-01 13:05:00-05:00,1180.00,nan,nan
2020-06-01 13:10:00-05:00,1870.00,nan,nan
2020-06-01 13:15:00-05:00,1270.00,857.00,315.00
2020-06-01 13:20:00-05:00,17.60,nan,nan
2020-06-01 13:25:00-05:00,86.10,nan,nan
2020-06-01 13:30:00-05:00,395.00,909.00,314.00
2020-06-01 13:35:00-05:00,980.00,nan,nan
2020-06-01 13:40:00-05:00,1680.00,nan,nan
2020-06-01 13:45:00-05:00,908.00,901.00,314.00
2020-06-01 13:50:00-05:00,736.00,nan,nan
2020-06-01 13:55:00-05:00,1040.00,nan,nan
2020-06-01 14:00:00-05:00,632.00,876.00,312.00
2020-06-01 14:05:00-05:00,-618.00,nan,nan
2020-06-01 14:10:00-05:00,-619.00,nan,nan
2020-06-01 14:15:00-05:00,224.00,835.00,311.00
2020-06-01 14:20:00-05:00,346.00,nan,nan
2020-06-01 14:25:00-05:00,777.00,nan,nan
2020-06-01 14:30:00-05:00,1580.00,775.00,309.00
2020-06-01 14:35:00-05:00,1940.00,nan,nan
2020-06-01 14:40:00-05:00,1760.00,nan,nan
2020-06-01 14:45:00-05:00,1560.00,767.00,308.00
2020-06-01 14:50:00-05:00,951.00,nan,nan
2020-06-01 14:55:00-05:00,916.00,nan,nan
2020-06-01 15:00:00-05:00,1420.00,804.00,307.00
2020-06-01 15:05:00-05:00,-391.00,nan,nan
2020-06-01 15:10:00-05:00,-872.00,nan,nan
2020-06-01 15:15:00-05:00,393.00,748.00,307.00
2020-06-01 15:20:00-05:00,1300.00,nan,nan
2020-06-01 15:25:00-05:00,-34.00,nan,nan
2020-06-01 15:30:00-05:00,-223.00,697.00,307.00
2020-06-01 15:35:00-05:00,-802.00,nan,nan
2020-06-01 15:40:00-05:00,2050.00,nan,nan
2020-06-01 15:45:00-05:00,686.00,682.00,304.00
2020-06-01 15:50:00-05:00,-445.00,nan,nan
2020-06-01 15:55:00-05:00,-68.10,nan,nan
2020-06-01 16:00:00-05:00,893.00,666.00,301.00
2020-06-01 16:05:00-05:00,876.00,nan,nan
2020-06-01 16:10:00-05:00,-16.80,nan,nan
2020-06-01 16:15:00-05:00,873.00,665.00,301.00
2020-06-01 16:20:00-05:00,2520.00,nan,nan
2020-06-01 16:25:00-05:00,1960.00,nan,nan
2020-06-01 16:30:00-05:00,-565.00,669.00,300.00
2020-06-01 16:35:00-05:00,-1010.00,nan,nan
2020-06-01 16:40:00-05:00,719.00,nan,nan
2020-06-01 16:45:00-05:00,1800.00,660.00,300.00
2020-06-01 16:50:00-05:00,-103.00,nan,nan
2020-06-01 16:55:00-05:00,-756.00,nan,nan
2020-06-01 17:00:00-05:00,1790.00,675.00,299.00
2020-06-01 17:05:00-05:00,3890.00,nan,nan
2020-06-01 17:10:00-05:00,2140.00,nan,nan
2020-06-01 17:15:00-05:00,-474.00,697.00,299.00
2020-06-01 17:20:00-05:00,-542.00,nan,nan
2020-06-01 17:25:00-05:00,1790.00,nan,nan
2020-06-01 17:30:00-05:00,1370.00,700.00,297.00
2020-06-01 17:35:00-05:00,-289.00,nan,nan
2020-06-01 17:40:00-05:00,-1380.00,nan,nan
2020-06-01 17:45:00-05:00,34.60,718.00,297.00
2020-06-01 17:50:00-05:00,755.00,nan,nan
2020-06-01 17:55:00-05:00,499.00,nan,nan
2020-06-01 18:00:00-05:00,-33.90,751.00,296.00
2020-06-01 18:05:00-05:00,651.00,nan,nan
2020-06-01 18:10:00-05:00,906.00,nan,nan
2020-06-01 18:15:00-05:00,309.00,746.00,293.00
2020-06-01 18:20:00-05:00,-945.00,nan,nan
2020-06-01 18:25:00-05:00,-791.00,nan,nan
2020-06-01 18:30:00-05:00,-691.00,707.00,293.00
2020-06-01 18:35:00-05:00,-138.00,nan,nan
2020-06-01 18:40:00-05:00,-173.00,nan,nan
2020-06-01 18:45:00-05:00,745.00,672.00,292.00
2020-06-01 18:50:00-05:00,1050.00,nan,nan
2020-06-01 18:55:00-05:00,-448.00,nan,nan
2020-06-01 19:00:00-05:00,-1880.00,638.00,292.00
2020-06-01 19:05:00-05:00,-1350.00,nan,nan
2020-06-01 19:10:00-05:00,-661.00,nan,nan
2020-06-01 19:15:00-05:00,-1220.00,627.00,295.00
2020-06-01 19:20:00-05:00,-943.00,nan,nan
2020-06-01 19:25:00-05:00,1110.00,nan,nan
2020-06-01 19:30:00-05:00,2060.00,634.00,297.00
2020-06-01 19:35:00-05:00,1110.00,nan,nan
2020-06-01 19:40:00-05:00,2330.00,nan,nan
2020-06-01 19:45:00-05:00,3120.00,602.00,300.00
2020-06-01 19:50:00-05:00,3340.00,nan,nan
2020-06-01 19:55:00-05:00,2790.00,nan,nan
2020-06-01 20:00:00-05:00,3850.00,558.00,304.00
2020-06-01 20:05:00-05:00,2130.00,nan,nan
2020-06-01 20:10:00-05:00,216.00,nan,nan
2020-06-01 20:15:00-05:00,-831.00,563.00,309.00
2020-06-01 20:20:00-05:00,-1660.00,nan,nan
2020-06-01 20:25:00-05:00,-4050.00,nan,nan
2020-06-01 20:30:00-05:00,-3420.00,655.00,311.00
2020-06-01 20:35:00-05:00,-588.00,nan,nan
2020-06-01 20:40:00-05:00,-753.00,nan,nan
2020-06-01 20:45:00-05:00,-3440.00,740.00,308.00
2020-06-01 20:50:00-05:00,-3570.00,nan,nan
2020-06-01 20:55:00-05:00,2210.00,nan,nan
2020-06-01 21:00:00-05:00,4530.00,706.00,304.00
2020-06-01 21:05:00-05:00,2160.00,nan,nan
2020-06-01 21:10:00-05:00,34.80,nan,nan
2020-06-01 21:15:00-05:00,2330.00,676.00,304.00
2020-06-01 21:20:00-05:00,3870.00,nan,nan
2020-06-01 21:25:00-05:00,289.00,nan,nan
2020-06-01 21:30:00-05:00,-3040.00,656.00,307.00
2020-06-01 21:35:00-05:00,-2930.00,nan,nan
2020-06-01 21:40:00-05:00,-1260.00,nan,nan
2020-06-01 21:45:00-05:00,-3570.00,659.00,311.00
2020-06-01 21:50:00-05:00,-3180.00,nan,nan
2020-06-01 21:55:00-05:00,511.00,nan,nan
2020-06-01 22:00:00-05:00,3330.00,658.00,312.00
2020-06-01 22:05:00-05:00,1110.00,nan,nan
2020-06-01 22:10:00-05:00,749.00,nan,nan
2020-06-01 22:15:00-05:00,2710.00,669.00,312.00
2020-06-01 22:20:00-05:00,1550.00,nan,nan
2020-06-01 22:25:00-05:00,-155.00,nan,nan
2020-06-01 22:30:00-05:00,-632.00,644.00,316.00
2020-06-01 22:35:00-05:00,-155.00,nan,nan
2020-06-01 22:40:00-05:00,-1100.00,nan,nan
2020-06-01 22:45:00-05:00,-800.00,607.00,321.00
2020-06-01 22:50:00-05:00,297.00,nan,nan
2020-06-01 22:55:00-05:00,1530.00,nan,nan
2020-06-01 23:00:00-05:00,2610.00,595.00,323.00
2020-06-01 23:05:00-05:00,2350.00,nan,nan
2020-06-01 23:10:00-05:00,1530.00,nan,nan
2020-06-01 23:15:00-05:00,2240.00,635.00,325.00
2020-06-01 23:20:00-05:00,103.00,nan,nan
2020-06-01 23:25:00-05:00,-1080.00,nan,nan
2020-06-01 23:30:00-05:00,-2300.00,661.00,328.00
2020-06-01 23:35:00-05:00,-121.00,nan,nan
2020-06-01 23:40:00-05:00,1980.00,nan,nan
2020-06-01 23:45:00-05:00,3990.00,658.00,329.00
2020-06-01 23:50:00-05:00,2480.00,nan,nan
2020-06-01 23:55:00-05:00,938.00,nan,nan
2020-06-02 00:00:00-05:00,2000.00,736.00,328.00
2020-06-02 00:05:00-05:00,2540.00,nan,nan
2020-06-02 00:10:00-05:00,560.00,nan,nan
2020-06-02 00:15:00-05:00,-1840.00,758.00,326.00
2020-06-02 00:20:00-05:00,-1760.00,nan,nan
2020-06-02 00:25:00-05:00,-120.00,nan,nan
2020-06-02 00:30:00-05:00,967.00,680.00,326.00
2020-06-02 00:35:00-05:00,518.00,nan,nan
2020-06-02 00:40:00-05:00,225.00,nan,nan
2020-06-02 00:45:00-05:00,225.00,693.00,323.00
2020-06-02 00:50:00-05:00,2350.00,nan,nan
2020-06-02 00:55:00-05:00,2040.00,nan,nan
2020-06-02 01:00:00-05:00,446.00,698.00,321.00
2020-06-02 01:05:00-05:00,665.00,nan,nan
2020-06-02 01:10:00-05:00,1600.00,nan,nan
2020-06-02 01:15:00-05:00,839.00,701.00,319.00
2020-06-02 01:20:00-05:00,-703.00,nan,nan
2020-06-02 01:25:00-05:00,342.00,nan,nan
2020-06-02 01:30:00-05:00,976.00,704.00,318.00
2020-06-02 01:35:00-05:00,69.20,nan,nan
2020-06-02 01:40:00-05:00,-482.00,nan,nan
2020-06-02 01:45:00-05:00,842.00,703.00,316.00
2020-06-02 01:50:00-05:00,1270.00,nan,nan
2020-06-02 01:55:00-05:00,1130.00,nan,nan
2020-06-02 02:00:00-05:00,1030.00,678.00,315.00
2020-06-02 02:05:00-05:00,1330.00,nan,nan
2020-06-02 02:10:00-05:00,1300.00,nan,nan
2020-06-02 02:15:00-05:00,1530.00,646.00,314.00
2020-06-02 02:20:00-05:00,1920.00,nan,nan
2020-06-02 02:25:00-05:00,1510.00,nan,nan
2020-06-02 02:30:00-05:00,-578.00,646.00,312.00
2020-06-02 02:35:00-05:00,-1380.00,nan,nan
2020-06-02 02:40:00-05:00,-1360.00,nan,nan
2020-06-02 02:45:00-05:00,-484.00,666.00,312.00
2020-06-02 02:50:00-05:00,708.00,nan,nan
2020-06-02 02:55:00-05:00,346.00,nan,nan
2020-06-02 03:00:00-05:00,1110.00,676.00,309.00
2020-06-02 03:05:00-05:00,3460.00,nan,nan
2020-06-02 03:10:00-05:00,4310.00,nan,nan
2020-06-02 03:15:00-05:00,1770.00,673.00,308.00
2020-06-02 03:20:00-05:00,-236.00,nan,nan
2020-06-02 03:25:00-05:00,-336.00,nan,nan
2020-06-02 03:30:00-05:00,-1210.00,646.00,307.00
2020-06-02 03:35:00-05:00,-2790.00,nan,nan
2020-06-02 03:40:00-05:00,-1430.00,nan,nan
2020-06-02 03:45:00-05:00,710.00,623.00,308.00
2020-06-02 03:50:00-05:00,2440.00,nan,nan
2020-06-02 03:55:00-05:00,2820.00,nan,nan
2020-06-02 04:00:00-05:00,3070.00,629.00,305.00
2020-06-02 04:05:00-05:00,2620.00,nan,nan
2020-06-02 04:10:00-05:00,1860.00,nan,nan
2020-06-02 04:15:00-05:00,-33.20,648.00,304.00
2020-06-02 04:20:00-05:00,-2150.00,nan,nan
2020-06-02 04:25:00-05:00,-2750.00,nan,nan
2020-06-02 04:30:00-05:00,-2380.00,603.00,304.00
2020-06-02 04:35:00-05:00,-1270.00,nan,nan
2020-06-02 04:40:00-05:00,420.00,nan,nan
2020-06-02 04:45:00-05:00,1570.00,555.00,303.00
2020-06-02 04:50:00-05:00,2710.00,nan,nan
2020-06-02 04:55:00-05:00,1530.00,nan,nan
2020-06-02 05:00:00-05:00,1690.00,556.00,301.00
2020-06-02 05:05:00-05:00,1530.00,nan,nan
2020-06-02 05:10:00-05:00,1310.00,nan,nan
2020-06-02 05:15:00-05:00,-577.00,563.00,301.00
2020-06-02 05:20:00-05:00,-3270.00,nan,nan
2020-06-02 05:25:00-05:00,-2920.00,nan,nan
2020-06-02 05:30:00-05:00,-659.00,577.00,304.00
2020-06-02 05:35:00-05:00,1370.00,nan,nan
2020-06-02 05:40:00-05:00,558.00,nan,nan
2020-06-02 05:45:00-05:00,1800.00,590.00,304.00
2020-06-02 05:50:00-05:00,3640.00,nan,nan
2020-06-02 05:55:00-05:00,3600.00,nan,nan
2020-06-02 06:00:00-05:00,2410.00,617.00,304.00
2020-06-02 06:05:00-05:00,804.00,nan,nan
2020-06-02 06:10:00-05:00,-1010.00,nan,nan
2020-06-02 06:15:00-05:00,-1050.00,605.00,305.00
2020-06-02 06:20:00-05:00,-1280.00,nan,nan
2020-06-02 06:25:00-05:00,-1380.00,nan,nan
2020-06-02 06:30:00-05:00,-1200.00,589.00,307.00
2020-06-02 06:35:00-05:00,-86.30,nan,nan
2020-06-02 06:40:00-05:00,366.00,nan,nan
2020-06-02 06:45:00-05:00,17.90,605.00,305.00
2020-06-02 06:50:00-05:00,556.00,nan,nan
2020-06-02 06:55:00-05:00,953.00,nan,nan
2020-06-02 07:00:00-05:00,1180.00,614.00,304.00
2020-06-02 07:05:00-05:00,1070.00,nan,nan
2020-06-02 07:10:00-05:00,-720.00,nan,nan
2020-06-02 07:15:00-05:00,-687.00,nan,304.00
2020-06-02 07:20:00-05:00,293.00,nan,nan
2020-06-02 07:25:00-05:00,998.00,nan,nan
2020-06-02 07:30:00-05:00,673.00,nan,307.00
2020-06-02 07:35:00-05:00,-240.00,nan,nan
2020-06-02 07:40:00-05:00,0.41,nan,nan
2020-06-02 07:45:00-05:00,414.00,nan,308.00
2020-06-02 07:50:00-05:00,659.00,nan,nan
2020-06-02 07:55:00-05:00,-277.00,nan,nan
2020-06-02 08:00:00-05:00,-190.00,nan,311.00
2020-06-02 08:05:00-05:00,1180.00,nan,nan
2020-06-02 08:10:00-05:00,1040.00,nan,nan
2020-06-02 08:15:00-05:00,-624.00,nan,311.00
2020-06-02 08:20:00-05:00,-899.00,nan,nan
2020-06-02 08:25:00-05:00,-816.00,nan,nan
2020-06-02 08:30:00-05:00,227.00,nan,312.00
2020-06-02 08:35:00-05:00,644.00,nan,nan
2020-06-02 08:40:00-05:00,1090.00,nan,nan
2020-06-02 08:45:00-05:00,1020.00,nan,314.00
2020-06-02 08:50:00-05:00,1760.00,nan,nan
2020-06-02 08:55:00-05:00,1610.00,nan,nan
2020-06-02 09:00:00-05:00,258.00,nan,315.00
2020-06-02 09:05:00-05:00,-549.00,nan,nan
2020-06-02 09:10:00-05:00,-688.00,nan,nan
2020-06-02 09:15:00-05:00,-1060.00,nan,316.00
2020-06-02 09:20:00-05:00,-1450.00,nan,nan
2020-06-02 09:25:00-05:00,-802.00,nan,nan
2020-06-02 09:30:00-05:00,-385.00,nan,318.00
2020-06-02 09:35:00-05:00,-543.00,nan,nan
2020-06-02 09:40:00-05:00,437.00,nan,nan
2020-06-02 09:45:00-05:00,2010.00,nan,318.00
2020-06-02 09:50:00-05:00,1910.00,nan,nan
2020-06-02 09:55:00-05:00,1020.00,nan,nan
2020-06-02 10:00:00-05:00,619.00,nan,318.00
2020-06-02 10:05:00-05:00,-206.00,nan,nan
2020-06-02 10:10:00-05:00,-604.00,nan,nan
2020-06-02 10:15:00-05:00,190.00,nan,321.00
2020-06-02 10:20:00-05:00,1020.00,nan,nan
2020-06-02 10:25:00-05:00,0.41,nan,nan
2020-06-02 10:30:00-05:00,-921.00,nan,323.00
2020-06-02 10:35:00-05:00,-278.00,nan,nan
2020-06-02 10:40:00-05:00,1440.00,nan,nan
2020-06-02 10:45:00-05:00,1670.00,nan,323.00
2020-06-02 10:50:00-05:00,1470.00,nan,nan
2020-06-02 10:55:00-05:00,2030.00,nan,nan
2020-06-02 11:00:00-05:00,1970.00,518.00,323.00
2020-06-02 11:05:00-05:00,872.00,nan,nan
2020-06-02 11:10:00-05:00,-103.00,nan,nan
2020-06-02 11:15:00-05:00,-274.00,528.00,323.00
2020-06-02 11:20:00-05:00,-1140.00,nan,nan
2020-06-02 11:25:00-05:00,-1710.00,nan,nan
2020-06-02 11:30:00-05:00,227.00,498.00,325.00
2020-06-02 11:35:00-05:00,2390.00,nan,nan
2020-06-02 11:40:00-05:00,1700.00,nan,nan
2020-06-02 11:45:00-05:00,829.00,511.00,323.00
2020-06-02 11:50:00-05:00,1180.00,nan,nan
2020-06-02 11:55:00-05:00,2110.00,nan,nan
2020-06-02 12:00:00-05:00,754.00,523.00,321.00
2020-06-02 12:05:00-05:00,-839.00,nan,nan
2020-06-02 12:10:00-05:00,-1950.00,nan,nan
2020-06-02 12:15:00-05:00,-1510.00,521.00,321.00
2020-06-02 12:20:00-05:00,-681.00,nan,nan
2020-06-02 12:25:00-05:00,-718.00,nan,nan
2020-06-02 12:30:00-05:00,-968.00,518.00,321.00
2020-06-02 12:35:00-05:00,-34.70,nan,nan
2020-06-02 12:40:00-05:00,2160.00,nan,nan
2020-06-02 12:45:00-05:00,2240.00,512.00,319.00
2020-06-02 12:50:00-05:00,642.00,nan,nan
2020-06-02 12:55:00-05:00,448.00,nan,nan
2020-06-02 13:00:00-05:00,1320.00,513.00,318.00
2020-06-02 13:05:00-05:00,379.00,nan,nan
2020-06-02 13:10:00-05:00,-621.00,nan,nan
2020-06-02 13:15:00-05:00,-1230.00,519.00,321.00
2020-06-02 13:20:00-05:00,-557.00,nan,nan
2020-06-02 13:25:00-05:00,697.00,nan,nan
2020-06-02 13:30:00-05:00,1760.00,528.00,323.00
2020-06-02 13:35:00-05:00,2080.00,nan,nan
2020-06-02 13:40:00-05:00,2410.00,nan,nan
2020-06-02 13:45:00-05:00,2570.00,530.00,323.00
2020-06-02 13:50:00-05:00,1820.00,nan,nan
2020-06-02 13:55:00-05:00,545.00,nan,nan
2020-06-02 14:00:00-05:00,-614.00,534.00,323.00
2020-06-02 14:05:00-05:00,-154.00,nan,nan
2020-06-02 14:10:00-05:00,-413.00,nan,nan
2020-06-02 14:15:00-05:00,967.00,542.00,325.00
2020-06-02 14:20:00-05:00,931.00,nan,nan
2020-06-02 14:25:00-05:00,571.00,nan,nan
2020-06-02 14:30:00-05:00,225.00,531.00,325.00
2020-06-02 14:35:00-05:00,844.00,nan,nan
2020-06-02 14:40:00-05:00,1330.00,nan,nan
2020-06-02 14:45:00-05:00,567.00,545.00,322.00
2020-06-02 14:50:00-05:00,995.00,nan,nan
2020-06-02 14:55:00-05:00,327.00,nan,nan
2020-06-02 15:00:00-05:00,69.20,559.00,321.00
2020-06-02 15:05:00-05:00,259.00,nan,nan
2020-06-02 15:10:00-05:00,465.00,nan,nan
2020-06-02 15:15:00-05:00,432.00,574.00,319.00
2020-06-02 15:20:00-05:00,-68.80,nan,nan
2020-06-02 15:25:00-05:00,346.00,nan,nan
2020-06-02 15:30:00-05:00,139.00,551.00,319.00
2020-06-02 15:35:00-05:00,156.00,nan,nan
2020-06-02 15:40:00-05:00,898.00,nan,nan
2020-06-02 15:45:00-05:00,1340.00,530.00,318.00
2020-06-02 15:50:00-05:00,173.00,nan,nan
2020-06-02 15:55:00-05:00,0.41,nan,nan
2020-06-02 16:00:00-05:00,104.00,509.00,316.00
2020-06-02 16:05:00-05:00,950.00,nan,nan
2020-06-02 16:10:00-05:00,898.00,nan,nan
2020-06-02 16:15:00-05:00,552.00,511.00,318.00
2020-06-02 16:20:00-05:00,-172.00,nan,nan
2020-06-02 16:25:00-05:00,-710.00,nan,nan
2020-06-02 16:30:00-05:00,-225.00,511.00,318.00
2020-06-02 16:35:00-05:00,452.00,nan,nan
2020-06-02 16:40:00-05:00,557.00,nan,nan
2020-06-02 16:45:00-05:00,591.00,512.00,318.00
2020-06-02 16:50:00-05:00,69.90,nan,nan
2020-06-02 16:55:00-05:00,764.00,nan,nan
2020-06-02 17:00:00-05:00,1470.00,513.00,318.00
2020-06-02 17:05:00-05:00,1910.00,nan,nan
2020-06-02 17:10:00-05:00,1840.00,nan,nan
2020-06-02 17:15:00-05:00,874.00,513.00,319.00
2020-06-02 17:20:00-05:00,395.00,nan,nan
2020-06-02 17:25:00-05:00,326.00,nan,nan
2020-06-02 17:30:00-05:00,464.00,501.00,321.00
2020-06-02 17:35:00-05:00,344.00,nan,nan
2020-06-02 17:40:00-05:00,998.00,nan,nan
2020-06-02 17:45:00-05:00,1420.00,490.00,322.00
2020-06-02 17:50:00-05:00,1250.00,nan,nan
2020-06-02 17:55:00-05:00,1220.00,nan,nan
2020-06-02 18:00:00-05:00,1760.00,475.00,322.00
2020-06-02 18:05:00-05:00,802.00,nan,nan
2020-06-02 18:10:00-05:00,-771.00,nan,nan
2020-06-02 18:15:00-05:00,-1050.00,514.00,322.00
2020-06-02 18:20:00-05:00,-223.00,nan,nan
2020-06-02 18:25:00-05:00,-537.00,nan,nan
2020-06-02 18:30:00-05:00,-208.00,548.00,321.00
2020-06-02 18:35:00-05:00,1000.00,nan,nan
2020-06-02 18:40:00-05:00,1640.00,nan,nan
2020-06-02 18:45:00-05:00,934.00,543.00,319.00
2020-06-02 18:50:00-05:00,173.00,nan,nan
2020-06-02 18:55:00-05:00,224.00,nan,nan
2020-06-02 19:00:00-05:00,-34.10,550.00,316.00
2020-06-02 19:05:00-05:00,-450.00,nan,nan
2020-06-02 19:10:00-05:00,-260.00,nan,nan
2020-06-02 19:15:00-05:00,209.00,559.00,316.00
2020-06-02 19:20:00-05:00,644.00,nan,nan
2020-06-02 19:25:00-05:00,521.00,nan,nan
2020-06-02 19:30:00-05:00,226.00,583.00,316.00
2020-06-02 19:35:00-05:00,191.00,nan,nan
2020-06-02 19:40:00-05:00,642.00,nan,nan
2020-06-02 19:45:00-05:00,816.00,614.00,316.00
2020-06-02 19:50:00-05:00,538.00,nan,nan
2020-06-02 19:55:00-05:00,797.00,nan,nan
2020-06-02 20:00:00-05:00,900.00,631.00,318.00
2020-06-02 20:05:00-05:00,830.00,nan,nan
2020-06-02 20:10:00-05:00,139.00,nan,nan
2020-06-02 20:15:00-05:00,-330.00,629.00,319.00
2020-06-02 20:20:00-05:00,866.00,nan,nan
2020-06-02 20:25:00-05:00,1630.00,nan,nan
2020-06-02 20:30:00-05:00,1470.00,603.00,322.00
2020-06-02 20:35:00-05:00,536.00,nan,nan
2020-06-02 20:40:00-05:00,1130.00,nan,nan
2020-06-02 20:45:00-05:00,551.00,597.00,323.00
2020-06-02 20:50:00-05:00,-155.00,nan,nan
2020-06-02 20:55:00-05:00,52.30,nan,nan
2020-06-02 21:00:00-05:00,1190.00,601.00,325.00
2020-06-02 21:05:00-05:00,953.00,nan,nan
2020-06-02 21:10:00-05:00,364.00,nan,nan
2020-06-02 21:15:00-05:00,397.00,606.00,325.00
2020-06-02 21:20:00-05:00,363.00,nan,nan
2020-06-02 21:25:00-05:00,1040.00,nan,nan
2020-06-02 21:30:00-05:00,1050.00,609.00,325.00
2020-06-02 21:35:00-05:00,432.00,nan,nan
2020-06-02 21:40:00-05:00,-51.50,nan,nan
2020-06-02 21:45:00-05:00,1000.00,613.00,325.00
2020-06-02 21:50:00-05:00,1760.00,nan,nan
2020-06-02 21:55:00-05:00,139.00,nan,nan
2020-06-02 22:00:00-05:00,-1230.00,537.00,325.00
2020-06-02 22:05:00-05:00,-467.00,nan,nan
2020-06-02 22:10:00-05:00,748.00,nan,nan
2020-06-02 22:15:00-05:00,-822.00,524.00,323.00
2020-06-02 22:20:00-05:00,-1010.00,nan,nan
2020-06-02 22:25:00-05:00,105.00,nan,nan
2020-06-02 22:30:00-05:00,1810.00,510.00,323.00
2020-06-02 22:35:00-05:00,1090.00,nan,nan
2020-06-02 22:40:00-05:00,69.80,nan,nan
2020-06-02 22:45:00-05:00,-138.00,503.00,323.00
2020-06-02 22:50:00-05:00,761.00,nan,nan
2020-06-02 22:55:00-05:00,139.00,nan,nan
2020-06-02 23:00:00-05:00,-1660.00,511.00,325.00
2020-06-02 23:05:00-05:00,-1220.00,nan,nan
2020-06-02 23:10:00-05:00,1380.00,nan,nan
2020-06-02 23:15:00-05:00,2880.00,519.00,328.00
2020-06-02 23:20:00-05:00,2420.00,nan,nan
2020-06-02 23:25:00-05:00,1170.00,nan,nan
2020-06-02 23:30:00-05:00,344.00,553.00,329.00
2020-06-02 23:35:00-05:00,908.00,nan,nan
2020-06-02 23:40:00-05:00,292.00,nan,nan
2020-06-02 23:45:00-05:00,-742.00,554.00,330.00
2020-06-02 23:50:00-05:00,-1600.00,nan,nan
2020-06-02 23:55:00-05:00,-834.00,nan,nan
2020-06-03 00:00:00-05:00,-402.00,531.00,332.00
2020-06-03 00:05:00-05:00,-948.00,nan,nan
2020-06-03 00:10:00-05:00,-2920.00,nan,nan
2020-06-03 00:15:00-05:00,-2590.00,572.00,332.00
2020-06-03 00:20:00-05:00,-925.00,nan,nan
2020-06-03 00:25:00-05:00,-497.00,nan,nan
2020-06-03 00:30:00-05:00,-2900.00,642.00,330.00
2020-06-03 00:35:00-05:00,-1020.00,nan,nan
2020-06-03 00:40:00-05:00,36.00,nan,nan
2020-06-03 00:45:00-05:00,1390.00,682.00,332.00
2020-06-03 00:50:00-05:00,1250.00,nan,nan
2020-06-03 00:55:00-05:00,1210.00,nan,nan
2020-06-03 01:00:00-05:00,2770.00,730.00,337.00
2020-06-03 01:05:00-05:00,3060.00,nan,nan
2020-06-03 01:10:00-05:00,2070.00,nan,nan
2020-06-03 01:15:00-05:00,69.00,742.00,343.00
2020-06-03 01:20:00-05:00,223.00,nan,nan
2020-06-03 01:25:00-05:00,482.00,nan,nan
2020-06-03 01:30:00-05:00,416.00,749.00,350.00
2020-06-03 01:35:00-05:00,2020.00,nan,nan
2020-06-03 01:40:00-05:00,3920.00,nan,nan
2020-06-03 01:45:00-05:00,2660.00,748.00,355.00
2020-06-03 01:50:00-05:00,3190.00,nan,nan
2020-06-03 01:55:00-05:00,4900.00,nan,nan
2020-06-03 02:00:00-05:00,2640.00,744.00,353.00
2020-06-03 02:05:00-05:00,-218.00,nan,nan
2020-06-03 02:10:00-05:00,-3980.00,nan,nan
2020-06-03 02:15:00-05:00,-4270.00,741.00,352.00
2020-06-03 02:20:00-05:00,-2640.00,nan,nan
2020-06-03 02:25:00-05:00,663.00,nan,nan
2020-06-03 02:30:00-05:00,88.00,738.00,349.00
2020-06-03 02:35:00-05:00,-1670.00,nan,nan
2020-06-03 02:40:00-05:00,-4070.00,nan,nan
2020-06-03 02:45:00-05:00,3410.00,732.00,343.00
2020-06-03 02:50:00-05:00,7100.00,nan,nan
2020-06-03 02:55:00-05:00,3310.00,nan,nan
2020-06-03 03:00:00-05:00,309.00,741.00,339.00
2020-06-03 03:05:00-05:00,4080.00,nan,nan
2020-06-03 03:10:00-05:00,4030.00,nan,nan
2020-06-03 03:15:00-05:00,-1200.00,697.00,339.00
2020-06-03 03:20:00-05:00,-2890.00,nan,nan
2020-06-03 03:25:00-05:00,1100.00,nan,nan
2020-06-03 03:30:00-05:00,-2330.00,638.00,342.00
2020-06-03 03:35:00-05:00,-5420.00,nan,nan
2020-06-03 03:40:00-05:00,-1080.00,nan,nan
2020-06-03 03:45:00-05:00,5270.00,639.00,340.00
2020-06-03 03:50:00-05:00,6720.00,nan,nan
2020-06-03 03:55:00-05:00,3340.00,nan,nan
2020-06-03 04:00:00-05:00,-1090.00,668.00,336.00
2020-06-03 04:05:00-05:00,85.00,nan,nan
2020-06-03 04:10:00-05:00,1520.00,nan,nan
2020-06-03 04:15:00-05:00,-2720.00,659.00,335.00
2020-06-03 04:20:00-05:00,-5510.00,nan,nan
2020-06-03 04:25:00-05:00,-1320.00,nan,nan
2020-06-03 04:30:00-05:00,3530.00,671.00,335.00
2020-06-03 04:35:00-05:00,3750.00,nan,nan
2020-06-03 04:40:00-05:00,1520.00,nan,nan
2020-06-03 04:45:00-05:00,2770.00,672.00,332.00
2020-06-03 04:50:00-05:00,1760.00,nan,nan
2020-06-03 04:55:00-05:00,2440.00,nan,nan
2020-06-03 05:00:00-05:00,2500.00,692.00,330.00
2020-06-03 05:05:00-05:00,1940.00,nan,nan
2020-06-03 05:10:00-05:00,-1190.00,nan,nan
2020-06-03 05:15:00-05:00,-4370.00,655.00,332.00
2020-06-03 05:20:00-05:00,-4530.00,nan,nan
2020-06-03 05:25:00-05:00,-6710.00,nan,nan
2020-06-03 05:30:00-05:00,-3640.00,643.00,330.00
2020-06-03 05:35:00-05:00,-251.00,nan,nan
2020-06-03 05:40:00-05:00,4110.00,nan,nan
2020-06-03 05:45:00-05:00,4840.00,657.00,328.00
2020-06-03 05:50:00-05:00,5230.00,nan,nan
2020-06-03 05:55:00-05:00,6350.00,nan,nan
2020-06-03 06:00:00-05:00,2010.00,658.00,325.00
2020-06-03 06:05:00-05:00,-50.60,nan,nan
2020-06-03 06:10:00-05:00,1340.00,nan,nan
2020-06-03 06:15:00-05:00,-1600.00,667.00,329.00
2020-06-03 06:20:00-05:00,-2170.00,nan,nan
2020-06-03 06:25:00-05:00,-1530.00,nan,nan
2020-06-03 06:30:00-05:00,1090.00,672.00,332.00
2020-06-03 06:35:00-05:00,1540.00,nan,nan
2020-06-03 06:40:00-05:00,3160.00,nan,nan
2020-06-03 06:45:00-05:00,6740.00,657.00,330.00
2020-06-03 06:50:00-05:00,2790.00,nan,nan
2020-06-03 06:55:00-05:00,-1770.00,nan,nan
2020-06-03 07:00:00-05:00,-3650.00,651.00,328.00
2020-06-03 07:05:00-05:00,-1010.00,nan,nan
2020-06-03 07:10:00-05:00,-555.00,nan,nan
2020-06-03 07:15:00-05:00,-852.00,654.00,328.00
2020-06-03 07:20:00-05:00,-2000.00,nan,nan
2020-06-03 07:25:00-05:00,-1120.00,nan,nan
2020-06-03 07:30:00-05:00,2510.00,628.00,325.00
2020-06-03 07:35:00-05:00,5210.00,nan,nan
2020-06-03 07:40:00-05:00,4520.00,nan,nan
2020-06-03 07:45:00-05:00,2320.00,606.00,322.00
2020-06-03 07:50:00-05:00,-1370.00,nan,nan
2020-06-03 07:55:00-05:00,-3240.00,nan,nan
2020-06-03 08:00:00-05:00,-2970.00,541.00,321.00
2020-06-03 08:05:00-05:00,-2250.00,nan,nan
2020-06-03 08:10:00-05:00,-3300.00,nan,nan
2020-06-03 08:15:00-05:00,-2810.00,491.00,323.00
2020-06-03 08:20:00-05:00,-52.70,nan,nan
2020-06-03 08:25:00-05:00,5090.00,nan,nan
2020-06-03 08:30:00-05:00,5500.00,568.00,322.00
2020-06-03 08:35:00-05:00,1650.00,nan,nan
2020-06-03 08:40:00-05:00,428.00,nan,nan
2020-06-03 08:45:00-05:00,3110.00,645.00,322.00
2020-06-03 08:50:00-05:00,-582.00,nan,nan
2020-06-03 08:55:00-05:00,-323.00,nan,nan
2020-06-03 09:00:00-05:00,85.30,573.00,325.00
2020-06-03 09:05:00-05:00,2380.00,nan,nan
2020-06-03 09:10:00-05:00,-915.00,nan,nan
2020-06-03 09:15:00-05:00,567.00,507.00,328.00
2020-06-03 09:20:00-05:00,995.00,nan,nan
2020-06-03 09:25:00-05:00,3420.00,nan,nan
2020-06-03 09:30:00-05:00,-4460.00,541.00,328.00
2020-06-03 09:35:00-05:00,-6620.00,nan,nan
2020-06-03 09:40:00-05:00,-4780.00,nan,nan
2020-06-03 09:45:00-05:00,3040.00,583.00,325.00
2020-06-03 09:50:00-05:00,5540.00,nan,nan
2020-06-03 09:55:00-05:00,2780.00,nan,nan
2020-06-03 10:00:00-05:00,-51.40,590.00,323.00
2020-06-03 10:05:00-05:00,2420.00,nan,nan
2020-06-03 10:10:00-05:00,4580.00,nan,nan
2020-06-03 10:15:00-05:00,-460.00,616.00,323.00
2020-06-03 10:20:00-05:00,-7140.00,nan,nan
2020-06-03 10:25:00-05:00,-5940.00,nan,nan
2020-06-03 10:30:00-05:00,-2030.00,736.00,326.00
2020-06-03 10:35:00-05:00,-1970.00,nan,nan
2020-06-03 10:40:00-05:00,-268.00,nan,nan
2020-06-03 10:45:00-05:00,1380.00,851.00,328.00
2020-06-03 10:50:00-05:00,3610.00,nan,nan
2020-06-03 10:55:00-05:00,5060.00,nan,nan
2020-06-03 11:00:00-05:00,5590.00,906.00,326.00
2020-06-03 11:05:00-05:00,4590.00,nan,nan
2020-06-03 11:10:00-05:00,-16.40,nan,nan
2020-06-03 11:15:00-05:00,-2230.00,876.00,330.00
2020-06-03 11:20:00-05:00,-4030.00,nan,nan
2020-06-03 11:25:00-05:00,-3120.00,nan,nan
2020-06-03 11:30:00-05:00,-613.00,802.00,336.00
2020-06-03 11:35:00-05:00,1440.00,nan,nan
2020-06-03 11:40:00-05:00,5600.00,nan,nan
2020-06-03 11:45:00-05:00,3840.00,707.00,336.00
2020-06-03 11:50:00-05:00,2300.00,nan,nan
2020-06-03 11:55:00-05:00,3250.00,nan,nan
2020-06-03 12:00:00-05:00,-641.00,611.00,335.00
2020-06-03 12:05:00-05:00,-3890.00,nan,nan
2020-06-03 12:10:00-05:00,-4780.00,nan,nan
2020-06-03 12:15:00-05:00,-2760.00,662.00,336.00
2020-06-03 12:20:00-05:00,-3360.00,nan,nan
2020-06-03 12:25:00-05:00,-3030.00,nan,nan
2020-06-03 12:30:00-05:00,839.00,647.00,335.00
2020-06-03 12:35:00-05:00,5070.00,nan,nan
2020-06-03 12:40:00-05:00,6050.00,nan,nan
2020-06-03 12:45:00-05:00,5560.00,660.00,332.00
2020-06-03 12:50:00-05:00,3650.00,nan,nan
2020-06-03 12:55:00-05:00,2890.00,nan,nan
2020-06-03 13:00:00-05:00,118.00,632.00,333.00
2020-06-03 13:05:00-05:00,-3240.00,nan,nan
2020-06-03 13:10:00-05:00,-5290.00,nan,nan
2020-06-03 13:15:00-05:00,-2290.00,599.00,339.00
2020-06-03 13:20:00-05:00,-598.00,nan,nan
2020-06-03 13:25:00-05:00,513.00,nan,nan
2020-06-03 13:30:00-05:00,1600.00,623.00,339.00
2020-06-03 13:35:00-05:00,4210.00,nan,nan
2020-06-03 13:40:00-05:00,5030.00,nan,nan
2020-06-03 13:45:00-05:00,3510.00,644.00,336.00
2020-06-03 13:50:00-05:00,-1460.00,nan,nan
2020-06-03 13:55:00-05:00,-4880.00,nan,nan
2020-06-03 14:00:00-05:00,-673.00,670.00,336.00
2020-06-03 14:05:00-05:00,1150.00,nan,nan
2020-06-03 14:10:00-05:00,351.00,nan,nan
2020-06-03 14:15:00-05:00,-787.00,652.00,337.00
2020-06-03 14:20:00-05:00,858.00,nan,nan
2020-06-03 14:25:00-05:00,2900.00,nan,nan
2020-06-03 14:30:00-05:00,2440.00,653.00,335.00
2020-06-03 14:35:00-05:00,1450.00,nan,nan
2020-06-03 14:40:00-05:00,1590.00,nan,nan
2020-06-03 14:45:00-05:00,1050.00,677.00,335.00
2020-06-03 14:50:00-05:00,1060.00,nan,nan
2020-06-03 14:55:00-05:00,926.00,nan,nan
2020-06-03 15:00:00-05:00,1050.00,668.00,336.00
2020-06-03 15:05:00-05:00,2400.00,nan,nan
2020-06-03 15:10:00-05:00,2620.00,nan,nan
2020-06-03 15:15:00-05:00,717.00,663.00,336.00
2020-06-03 15:20:00-05:00,-1030.00,nan,nan
2020-06-03 15:25:00-05:00,754.00,nan,nan
2020-06-03 15:30:00-05:00,1570.00,672.00,335.00
2020-06-03 15:35:00-05:00,-551.00,nan,nan
2020-06-03 15:40:00-05:00,-3830.00,nan,nan
2020-06-03 15:45:00-05:00,-2750.00,692.00,332.00
2020-06-03 15:50:00-05:00,-1090.00,nan,nan
2020-06-03 15:55:00-05:00,-1240.00,nan,nan
2020-06-03 16:00:00-05:00,18.10,710.00,329.00
2020-06-03 16:05:00-05:00,2960.00,nan,nan
2020-06-03 16:10:00-05:00,4100.00,nan,nan
2020-06-03 16:15:00-05:00,3560.00,725.00,326.00
2020-06-03 16:20:00-05:00,2760.00,nan,nan
2020-06-03 16:25:00-05:00,3300.00,nan,nan
2020-06-03 16:30:00-05:00,2970.00,699.00,326.00
2020-06-03 16:35:00-05:00,785.00,nan,nan
2020-06-03 16:40:00-05:00,-2300.00,nan,nan
2020-06-03 16:45:00-05:00,-3330.00,618.00,329.00
2020-06-03 16:50:00-05:00,-1240.00,nan,nan
2020-06-03 16:55:00-05:00,-1680.00,nan,nan
2020-06-03 17:00:00-05:00,-2920.00,594.00,330.00
2020-06-03 17:05:00-05:00,-970.00,nan,nan
2020-06-03 17:10:00-05:00,2390.00,nan,nan
2020-06-03 17:15:00-05:00,4150.00,665.00,328.00
2020-06-03 17:20:00-05:00,3690.00,nan,nan
2020-06-03 17:25:00-05:00,1890.00,nan,nan
2020-06-03 17:30:00-05:00,2420.00,704.00,323.00
2020-06-03 17:35:00-05:00,2670.00,nan,nan
2020-06-03 17:40:00-05:00,1380.00,nan,nan
2020-06-03 17:45:00-05:00,-1660.00,674.00,325.00
2020-06-03 17:50:00-05:00,-3170.00,nan,nan
2020-06-03 17:55:00-05:00,-2260.00,nan,nan
2020-06-03 18:00:00-05:00,-801.00,625.00,326.00
2020-06-03 18:05:00-05:00,-507.00,nan,nan
2020-06-03 18:10:00-05:00,-615.00,nan,nan
2020-06-03 18:15:00-05:00,-246.00,639.00,325.00
2020-06-03 18:20:00-05:00,1920.00,nan,nan
2020-06-03 18:25:00-05:00,3050.00,nan,nan
2020-06-03 18:30:00-05:00,3710.00,680.00,322.00
2020-06-03 18:35:00-05:00,2000.00,nan,nan
2020-06-03 18:40:00-05:00,2010.00,nan,nan
2020-06-03 18:45:00-05:00,2420.00,675.00,322.00
2020-06-03 18:50:00-05:00,3590.00,nan,nan
2020-06-03 18:55:00-05:00,771.00,nan,nan
2020-06-03 19:00:00-05:00,-3070.00,648.00,323.00
2020-06-03 19:05:00-05:00,-3530.00,nan,nan
2020-06-03 19:10:00-05:00,-2890.00,nan,nan
2020-06-03 19:15:00-05:00,-856.00,630.00,323.00
2020-06-03 19:20:00-05:00,-929.00,nan,nan
2020-06-03 19:25:00-05:00,-897.00,nan,nan
2020-06-03 19:30:00-05:00,-564.00,648.00,322.00
2020-06-03 19:35:00-05:00,2130.00,nan,nan
2020-06-03 19:40:00-05:00,4550.00,nan,nan
2020-06-03 19:45:00-05:00,3710.00,684.00,318.00
2020-06-03 19:50:00-05:00,955.00,nan,nan
2020-06-03 19:55:00-05:00,-136.00,nan,nan
2020-06-03 20:00:00-05:00,950.00,659.00,318.00
2020-06-03 20:05:00-05:00,613.00,nan,nan
2020-06-03 20:10:00-05:00,-3150.00,nan,nan
2020-06-03 20:15:00-05:00,-4810.00,604.00,321.00
2020-06-03 20:20:00-05:00,-2880.00,nan,nan
2020-06-03 20:25:00-05:00,531.00,nan,nan
2020-06-03 20:30:00-05:00,1100.00,651.00,322.00
2020-06-03 20:35:00-05:00,1970.00,nan,nan
2020-06-03 20:40:00-05:00,1760.00,nan,nan
2020-06-03 20:45:00-05:00,3420.00,726.00,321.00
2020-06-03 20:50:00-05:00,3450.00,nan,nan
2020-06-03 20:55:00-05:00,1160.00,nan,nan
2020-06-03 21:00:00-05:00,-324.00,729.00,321.00
2020-06-03 21:05:00-05:00,307.00,nan,nan
2020-06-03 21:10:00-05:00,923.00,nan,nan
2020-06-03 21:15:00-05:00,653.00,743.00,325.00
2020-06-03 21:20:00-05:00,1090.00,nan,nan
2020-06-03 21:25:00-05:00,669.00,nan,nan
2020-06-03 21:30:00-05:00,603.00,744.00,328.00
2020-06-03 21:35:00-05:00,755.00,nan,nan
2020-06-03 21:40:00-05:00,1340.00,nan,nan
2020-06-03 21:45:00-05:00,-1380.00,741.00,326.00
2020-06-03 21:50:00-05:00,-3100.00,nan,nan
2020-06-03 21:55:00-05:00,-1600.00,nan,nan
2020-06-03 22:00:00-05:00,1090.00,742.00,325.00
2020-06-03 22:05:00-05:00,1400.00,nan,nan
2020-06-03 22:10:00-05:00,838.00,nan,nan
2020-06-03 22:15:00-05:00,970.00,741.00,322.00
2020-06-03 22:20:00-05:00,2000.00,nan,nan
2020-06-03 22:25:00-05:00,3620.00,nan,nan
2020-06-03 22:30:00-05:00,1800.00,695.00,322.00
2020-06-03 22:35:00-05:00,-445.00,nan,nan
2020-06-03 22:40:00-05:00,-1080.00,nan,nan
2020-06-03 22:45:00-05:00,-189.00,642.00,323.00
2020-06-03 22:50:00-05:00,-121.00,nan,nan
2020-06-03 22:55:00-05:00,-2110.00,nan,nan
2020-06-03 23:00:00-05:00,-854.00,627.00,325.00
2020-06-03 23:05:00-05:00,560.00,nan,nan
2020-06-03 23:10:00-05:00,703.00,nan,nan
2020-06-03 23:15:00-05:00,2750.00,651.00,323.00
2020-06-03 23:20:00-05:00,3350.00,nan,nan
2020-06-03 23:25:00-05:00,3020.00,nan,nan
2020-06-03 23:30:00-05:00,1240.00,661.00,322.00
2020-06-03 23:35:00-05:00,408.00,nan,nan
2020-06-03 23:40:00-05:00,-956.00,nan,nan
2020-06-03 23:45:00-05:00,-1820.00,652.00,323.00
2020-06-03 23:50:00-05:00,-3250.00,nan,nan
2020-06-03 23:55:00-05:00,-2510.00,nan,nan
2020-06-04 00:00:00-05:00,-458.00,636.00,325.00
2020-06-04 00:05:00-05:00,1370.00,nan,nan
2020-06-04 00:10:00-05:00,2570.00,nan,nan
2020-06-04 00:15:00-05:00,2240.00,634.00,323.00
2020-06-04 00:20:00-05:00,2250.00,nan,nan
2020-06-04 00:25:00-05:00,1610.00,nan,nan
2020-06-04 00:30:00-05:00,86.00,648.00,323.00
2020-06-04 00:35:00-05:00,-1460.00,nan,nan
2020-06-04 00:40:00-05:00,-2060.00,nan,nan
2020-06-04 00:45:00-05:00,-713.00,622.00,325.00
2020-06-04 00:50:00-05:00,663.00,nan,nan
2020-06-04 00:55:00-05:00,2450.00,nan,nan
2020-06-04 01:00:00-05:00,1040.00,593.00,326.00
2020-06-04 01:05:00-05:00,-313.00,nan,nan
2020-06-04 01:10:00-05:00,277.00,nan,nan
2020-06-04 01:15:00-05:00,709.00,614.00,326.00
2020-06-04 01:20:00-05:00,-278.00,nan,nan
2020-06-04 01:25:00-05:00,-2620.00,nan,nan
2020-06-04 01:30:00-05:00,-1930.00,682.00,326.00
2020-06-04 01:35:00-05:00,-1180.00,nan,nan
2020-06-04 01:40:00-05:00,1020.00,nan,nan
2020-06-04 01:45:00-05:00,2410.00,679.00,328.00
2020-06-04 01:50:00-05:00,1100.00,nan,nan
2020-06-04 01:55:00-05:00,471.00,nan,nan
2020-06-04 02:00:00-05:00,1520.00,626.00,328.00
2020-06-04 02:05:00-05:00,1160.00,nan,nan
2020-06-04 02:10:00-05:00,243.00,nan,nan
2020-06-04 02:15:00-05:00,-120.00,603.00,330.00
2020-06-04 02:20:00-05:00,1520.00,nan,nan
2020-06-04 02:25:00-05:00,2470.00,nan,nan
2020-06-04 02:30:00-05:00,2140.00,567.00,333.00
2020-06-04 02:35:00-05:00,1710.00,nan,nan
2020-06-04 02:40:00-05:00,1300.00,nan,nan
2020-06-04 02:45:00-05:00,51.80,586.00,335.00
2020-06-04 02:50:00-05:00,-1740.00,nan,nan
2020-06-04 02:55:00-05:00,-1510.00,nan,nan
2020-06-04 03:00:00-05:00,538.00,629.00,333.00
2020-06-04 03:05:00-05:00,695.00,nan,nan
2020-06-04 03:10:00-05:00,-840.00,nan,nan
2020-06-04 03:15:00-05:00,-505.00,651.00,333.00
2020-06-04 03:20:00-05:00,2220.00,nan,nan
2020-06-04 03:25:00-05:00,3690.00,nan,nan
2020-06-04 03:30:00-05:00,1330.00,666.00,330.00
2020-06-04 03:35:00-05:00,-291.00,nan,nan
2020-06-04 03:40:00-05:00,-412.00,nan,nan
2020-06-04 03:45:00-05:00,35.00,665.00,329.00
2020-06-04 03:50:00-05:00,-641.00,nan,nan
2020-06-04 03:55:00-05:00,-1100.00,nan,nan
2020-06-04 04:00:00-05:00,-995.00,646.00,329.00
2020-06-04 04:05:00-05:00,-332.00,nan,nan
2020-06-04 04:10:00-05:00,1740.00,nan,nan
2020-06-04 04:15:00-05:00,2500.00,639.00,328.00
2020-06-04 04:20:00-05:00,3280.00,nan,nan
2020-06-04 04:25:00-05:00,2300.00,nan,nan
2020-06-04 04:30:00-05:00,614.00,646.00,328.00
2020-06-04 04:35:00-05:00,-1640.00,nan,nan
2020-06-04 04:40:00-05:00,-2170.00,nan,nan
2020-06-04 04:45:00-05:00,-1300.00,634.00,328.00
2020-06-04 04:50:00-05:00,-836.00,nan,nan
2020-06-04 04:55:00-05:00,-1230.00,nan,nan
2020-06-04 05:00:00-05:00,806.00,616.00,329.00
2020-06-04 05:05:00-05:00,4070.00,nan,nan
2020-06-04 05:10:00-05:00,3640.00,nan,nan
2020-06-04 05:15:00-05:00,-430.00,625.00,326.00
2020-06-04 05:20:00-05:00,-3190.00,nan,nan
2020-06-04 05:25:00-05:00,-1160.00,nan,nan
2020-06-04 05:30:00-05:00,1220.00,640.00,326.00
2020-06-04 05:35:00-05:00,1480.00,nan,nan
2020-06-04 05:40:00-05:00,1010.00,nan,nan
2020-06-04 05:45:00-05:00,1950.00,641.00,328.00
2020-06-04 05:50:00-05:00,3770.00,nan,nan
2020-06-04 05:55:00-05:00,3580.00,nan,nan
2020-06-04 06:00:00-05:00,796.00,636.00,326.00
2020-06-04 06:05:00-05:00,-1530.00,nan,nan
2020-06-04 06:10:00-05:00,-2520.00,nan,nan
2020-06-04 06:15:00-05:00,-2270.00,632.00,328.00
2020-06-04 06:20:00-05:00,192.00,nan,nan
2020-06-04 06:25:00-05:00,227.00,nan,nan
2020-06-04 06:30:00-05:00,-788.00,630.00,326.00
2020-06-04 06:35:00-05:00,-559.00,nan,nan
2020-06-04 06:40:00-05:00,2120.00,nan,nan
2020-06-04 06:45:00-05:00,3890.00,631.00,323.00
2020-06-04 06:50:00-05:00,3150.00,nan,nan
2020-06-04 06:55:00-05:00,2410.00,nan,nan
2020-06-04 07:00:00-05:00,1580.00,622.00,322.00
2020-06-04 07:05:00-05:00,1330.00,nan,nan
2020-06-04 07:10:00-05:00,674.00,nan,nan
2020-06-04 07:15:00-05:00,-951.00,619.00,322.00
2020-06-04 07:20:00-05:00,-3560.00,nan,nan
2020-06-04 07:25:00-05:00,-3050.00,nan,nan
2020-06-04 07:30:00-05:00,-2440.00,612.00,323.00
2020-06-04 07:35:00-05:00,-335.00,nan,nan
2020-06-04 07:40:00-05:00,230.00,nan,nan
2020-06-04 07:45:00-05:00,1470.00,644.00,321.00
2020-06-04 07:50:00-05:00,2450.00,nan,nan
2020-06-04 07:55:00-05:00,3280.00,nan,nan
2020-06-04 08:00:00-05:00,1930.00,678.00,318.00
2020-06-04 08:15:00-05:00,nan,nan,318.00
2020-06-04 08:30:00-05:00,nan,nan,319.00
