,"USGS 04092750: Indiana Harbor Canal at East Chicago, IN",USGS:04092750:00065:00000_qualifiers,"USGS 04092677: Grand Calumet River at Industrial Hwy at Gary, IN",USGS:04092677:00065:00000_qualifiers,"USGS 05536357: Grand Calumet River at Hohman Ave at Hammond, IN",USGS:05536357:00065:00000_qualifiers
2020-05-14 10:25:00-05:00,3.76,P,nan,nan,nan,nan
2020-05-14 10:30:00-05:00,3.59,P,3.99,P,2.29,P
2020-05-14 10:35:00-05:00,3.58,P,nan,nan,nan,nan
2020-05-14 10:40:00-05:00,3.39,P,nan,nan,nan,nan
2020-05-14 10:45:00-05:00,3.26,P,3.97,P,2.26,P
2020-05-14 10:50:00-05:00,3.27,P,nan,nan,nan,nan
2020-05-14 10:55:00-05:00,3.43,P,nan,nan,nan,nan
2020-05-14 11:00:00-05:00,3.43,P,3.99,P,2.27,P
2020-05-14 11:05:00-05:00,3.47,P,nan,nan,nan,nan
2020-05-14 11:10:00-05:00,3.74,P,nan,nan,nan,nan
2020-05-14 11:15:00-05:00,3.77,P,4.01,P,2.27,P
2020-05-14 11:20:00-05:00,3.42,P,nan,nan,nan,nan
2020-05-14 11:25:00-05:00,3.37,P,nan,nan,nan,nan
2020-05-14 11:30:00-05:00,3.52,P,3.98,P,2.25,P
2020-05-14 11:35:00-05:00,3.31,P,nan,nan,nan,nan
2020-05-14 11:40:00-05:00,3.43,P,nan,nan,nan,nan
2020-05-14 11:45:00-05:00,3.55,P,3.96,P,2.25,P
2020-05-14 11:50:00-05:00,3.66,P,nan,nan,nan,nan
2020-05-14 11:55:00-05:00,3.64,P,nan,nan,nan,nan
2020-05-14 12:00:00-05:00,3.71,P,3.98,P,2.25,P
2020-05-14 12:05:00-05:00,3.63,P,nan,nan,nan,nan
2020-05-14 12:10:00-05:00,3.55,P,nan,nan,nan,nan
2020-05-14 12:15:00-05:00,3.58,P,3.96,P,2.23,P
2020-05-14 12:20:00-05:00,3.55,P,nan,nan,nan,nan
2020-05-14 12:25:00-05:00,3.36,P,nan,nan,nan,nan
2020-05-14 12:30:00-05:00,3.56,P,3.95,P,2.23,P
2020-05-14 12:35:00-05:00,3.69,P,nan,nan,nan,nan
2020-05-14 12:40:00-05:00,3.65,P,nan,nan,nan,nan
2020-05-14 12:45:00-05:00,3.64,P,3.96,P,2.24,P
2020-05-14 12:50:00-05:00,3.83,P,nan,nan,nan,nan
2020-05-14 12:55:00-05:00,3.73,P,nan,nan,nan,nan
2020-05-14 13:00:00-05:00,3.50,P,3.97,P,2.26,P
2020-05-14 13:05:00-05:00,3.35,P,nan,nan,nan,nan
2020-05-14 13:10:00-05:00,3.27,P,nan,nan,nan,nan
2020-05-14 13:15:00-05:00,3.15,P,3.95,P,2.26,P
2020-05-14 13:20:00-05:00,3.11,P,nan,nan,nan,nan
2020-05-14 13:25:00-05:00,3.34,P,nan,nan,nan,nan
2020-05-14 13:30:00-05:00,3.29,P,3.97,P,2.27,P
2020-05-14 13:35:00-05:00,3.41,P,nan,nan,nan,nan
2020-05-14 13:40:00-05:00,3.67,P,nan,nan,nan,nan
2020-05-14 13:45:00-05:00,3.70,P,3.99,P,2.27,P
2020-05-14 13:50:00-05:00,3.75,P,nan,nan,nan,nan
2020-05-14 13:55:00-05:00,3.69,P,nan,nan,nan,nan
2020-05-14 14:00:00-05:00,3.66,P,3.97,P,2.23,P
2020-05-14 14:05:00-05:00,3.59,P,nan,nan,nan,nan
2020-05-14 14:10:00-05:00,3.54,P,nan,nan,nan,nan
2020-05-14 14:15:00-05:00,3.46,P,3.97,P,2.21,P
2020-05-14 14:20:00-05:00,3.51,P,nan,nan,nan,nan
2020-05-14 14:25:00-05:00,3.60,P,nan,nan,nan,nan
2020-05-14 14:30:00-05:00,3.53,P,3.98,P,2.23,P
2020-05-14 14:35:00-05:00,3.63,P,nan,nan,nan,nan
2020-05-14 14:40:00-05:00,3.66,P,nan,nan,nan,nan
2020-05-14 14:45:00-05:00,3.36,P,4.00,P,2.24,P
2020-05-14 14:50:00-05:00,3.33,P,nan,nan,nan,nan
2020-05-14 14:55:00-05:00,3.58,P,nan,nan,nan,nan
2020-05-14 15:00:00-05:00,3.52,P,3.99,P,2.25,P
2020-05-14 15:05:00-05:00,3.60,P,nan,nan,nan,nan
2020-05-14 15:10:00-05:00,3.68,P,nan,nan,nan,nan
2020-05-14 15:15:00-05:00,3.63,P,3.99,P,2.26,P
2020-05-14 15:20:00-05:00,3.90,P,nan,nan,nan,nan
2020-05-14 15:25:00-05:00,3.56,P,nan,nan,nan,nan
2020-05-14 15:30:00-05:00,3.30,P,4.01,P,2.25,P
2020-05-14 15:35:00-05:00,3.44,P,nan,nan,nan,nan
2020-05-14 15:40:00-05:00,3.61,P,nan,nan,nan,nan
2020-05-14 15:45:00-05:00,3.51,P,3.99,P,2.26,P
2020-05-14 15:50:00-05:00,3.50,P,nan,nan,nan,nan
2020-05-14 15:55:00-05:00,3.60,P,nan,nan,nan,nan
2020-05-14 16:00:00-05:00,3.63,P,4.01,P,2.26,P
2020-05-14 16:05:00-05:00,3.55,P,nan,nan,nan,nan
2020-05-14 16:10:00-05:00,3.63,P,nan,nan,nan,nan
2020-05-14 16:15:00-05:00,3.63,P,4.00,P,2.25,P
2020-05-14 16:20:00-05:00,3.66,P,nan,nan,nan,nan
2020-05-14 16:25:00-05:00,3.68,P,nan,nan,nan,nan
2020-05-14 16:30:00-05:00,3.75,P,3.99,P,2.24,P
2020-05-14 16:35:00-05:00,3.74,P,nan,nan,nan,nan
2020-05-14 16:40:00-05:00,3.67,P,nan,nan,nan,nan
2020-05-14 16:45:00-05:00,3.67,P,4.01,P,2.25,P
2020-05-14 16:50:00-05:00,3.68,P,nan,nan,nan,nan
2020-05-14 16:55:00-05:00,3.43,P,nan,nan,nan,nan
2020-05-14 17:00:00-05:00,3.20,P,4.01,P,2.26,P
2020-05-14 17:05:00-05:00,3.43,P,nan,nan,nan,nan
2020-05-14 17:10:00-05:00,3.39,P,nan,nan,nan,nan
2020-05-14 17:15:00-05:00,3.31,P,4.02,P,2.28,P
2020-05-14 17:20:00-05:00,3.39,P,nan,nan,nan,nan
2020-05-14 17:25:00-05:00,3.56,P,nan,nan,nan,nan
2020-05-14 17:30:00-05:00,3.35,P,4.04,P,2.28,P
2020-05-14 17:35:00-05:00,3.49,P,nan,nan,nan,nan
2020-05-14 17:40:00-05:00,3.71,P,nan,nan,nan,nan
2020-05-14 17:45:00-05:00,3.57,P,4.02,P,2.26,P
2020-05-14 17:50:00-05:00,3.54,P,nan,nan,nan,nan
2020-05-14 17:55:00-05:00,3.78,P,nan,nan,nan,nan
2020-05-14 18:00:00-05:00,3.71,P,4.01,P,2.24,P
2020-05-14 18:05:00-05:00,3.56,P,nan,nan,nan,nan
2020-05-14 18:10:00-05:00,3.44,P,nan,nan,nan,nan
2020-05-14 18:15:00-05:00,3.45,P,4.01,P,2.23,P
2020-05-14 18:20:00-05:00,3.39,P,nan,nan,nan,nan
2020-05-14 18:25:00-05:00,3.26,P,nan,nan,nan,nan
2020-05-14 18:30:00-05:00,3.41,P,4.01,P,2.24,P
2020-05-14 18:35:00-05:00,3.43,P,nan,nan,nan,nan
2020-05-14 18:40:00-05:00,3.39,P,nan,nan,nan,nan
2020-05-14 18:45:00-05:00,3.56,P,4.01,P,2.25,P
2020-05-14 18:50:00-05:00,3.71,P,nan,nan,nan,nan
2020-05-14 18:55:00-05:00,3.75,P,nan,nan,nan,nan
2020-05-14 19:00:00-05:00,3.90,P,4.00,P,2.25,P
2020-05-14 19:05:00-05:00,4.02,P,nan,nan,nan,nan
2020-05-14 19:10:00-05:00,4.03,P,nan,nan,nan,nan
2020-05-14 19:15:00-05:00,3.99,P,3.98,P,2.23,P
2020-05-14 19:20:00-05:00,3.80,P,nan,nan,nan,nan
2020-05-14 19:25:00-05:00,3.71,P,nan,nan,nan,nan
2020-05-14 19:30:00-05:00,3.62,P,3.98,P,2.22,P
2020-05-14 19:35:00-05:00,3.45,P,nan,nan,nan,nan
2020-05-14 19:40:00-05:00,3.61,P,nan,nan,nan,nan
2020-05-14 19:45:00-05:00,3.51,P,4.01,P,2.26,P
2020-05-14 19:50:00-05:00,3.61,P,nan,nan,nan,nan
2020-05-14 19:55:00-05:00,3.65,P,nan,nan,nan,nan
2020-05-14 20:00:00-05:00,3.65,P,4.08,P,2.29,P
2020-05-14 20:05:00-05:00,3.74,P,nan,nan,nan,nan
2020-05-14 20:10:00-05:00,3.75,P,nan,nan,nan,nan
2020-05-14 20:15:00-05:00,3.74,P,4.06,P,2.31,P
2020-05-14 20:20:00-05:00,3.81,P,nan,nan,nan,nan
2020-05-14 20:25:00-05:00,3.95,P,nan,nan,nan,nan
2020-05-14 20:30:00-05:00,3.81,P,4.05,P,2.31,P
2020-05-14 20:35:00-05:00,3.76,P,nan,nan,nan,nan
2020-05-14 20:40:00-05:00,3.64,P,nan,nan,nan,nan
2020-05-14 20:45:00-05:00,3.53,P,4.05,P,2.32,P
2020-05-14 20:50:00-05:00,3.51,P,nan,nan,nan,nan
2020-05-14 20:55:00-05:00,3.63,P,nan,nan,nan,nan
2020-05-14 21:00:00-05:00,3.62,P,4.06,P,2.34,P
2020-05-14 21:05:00-05:00,3.63,P,nan,nan,nan,nan
2020-05-14 21:10:00-05:00,3.63,P,nan,nan,nan,nan
2020-05-14 21:15:00-05:00,3.55,P,4.09,P,2.36,P
2020-05-14 21:20:00-05:00,3.60,P,nan,nan,nan,nan
2020-05-14 21:25:00-05:00,3.53,P,nan,nan,nan,nan
2020-05-14 21:30:00-05:00,3.51,P,4.07,P,2.35,P
2020-05-14 21:35:00-05:00,3.62,P,nan,nan,nan,nan
2020-05-14 21:40:00-05:00,3.75,P,nan,nan,nan,nan
2020-05-14 21:45:00-05:00,3.68,P,4.06,P,2.35,P
2020-05-14 21:50:00-05:00,3.71,P,nan,nan,nan,nan
2020-05-14 21:55:00-05:00,3.67,P,nan,nan,nan,nan
2020-05-14 22:00:00-05:00,3.53,P,4.05,P,2.34,P
2020-05-14 22:05:00-05:00,3.46,P,nan,nan,nan,nan
2020-05-14 22:10:00-05:00,3.59,P,nan,nan,nan,nan
2020-05-14 22:15:00-05:00,3.64,P,4.06,P,2.39,P
2020-05-14 22:20:00-05:00,3.66,P,nan,nan,nan,nan
2020-05-14 22:25:00-05:00,3.74,P,nan,nan,nan,nan
2020-05-14 22:30:00-05:00,3.83,P,4.08,P,2.39,P
2020-05-14 22:35:00-05:00,3.80,P,nan,nan,nan,nan
2020-05-14 22:40:00-05:00,3.86,P,nan,nan,nan,nan
2020-05-14 22:45:00-05:00,3.96,P,4.08,P,2.38,P
2020-05-14 22:50:00-05:00,3.97,P,nan,nan,nan,nan
2020-05-14 22:55:00-05:00,3.83,P,nan,nan,nan,nan
2020-05-14 23:00:00-05:00,3.79,P,4.07,P,2.38,P
2020-05-14 23:05:00-05:00,3.65,P,nan,nan,nan,nan
2020-05-14 23:10:00-05:00,3.43,P,nan,nan,nan,nan
2020-05-14 23:15:00-05:00,3.31,P,4.11,P,2.39,P
2020-05-14 23:20:00-05:00,3.32,P,nan,nan,nan,nan
2020-05-14 23:25:00-05:00,3.36,P,nan,nan,nan,nan
2020-05-14 23:30:00-05:00,3.54,P,4.15,P,2.42,P
2020-05-14 23:35:00-05:00,3.71,P,nan,nan,nan,nan
2020-05-14 23:40:00-05:00,3.79,P,nan,nan,nan,nan
2020-05-14 23:45:00-05:00,3.88,P,4.18,P,2.43,P
2020-05-14 23:50:00-05:00,3.88,P,nan,nan,nan,nan
2020-05-14 23:55:00-05:00,3.83,P,nan,nan,nan,nan
2020-05-15 00:00:00-05:00,3.79,P,4.17,P,2.41,P
2020-05-15 00:05:00-05:00,3.78,P,nan,nan,nan,nan
2020-05-15 00:10:00-05:00,3.70,P,nan,nan,nan,nan
2020-05-15 00:15:00-05:00,3.62,P,4.16,P,2.40,P
2020-05-15 00:20:00-05:00,3.51,P,nan,nan,nan,nan
2020-05-15 00:25:00-05:00,3.54,P,nan,nan,nan,nan
2020-05-15 00:30:00-05:00,3.50,P,4.20,P,2.42,P
2020-05-15 00:35:00-05:00,3.58,P,nan,nan,nan,nan
2020-05-15 00:40:00-05:00,3.67,P,nan,nan,nan,nan
2020-05-15 00:45:00-05:00,3.79,P,4.21,P,2.43,P
2020-05-15 00:50:00-05:00,3.99,P,nan,nan,nan,nan
2020-05-15 00:55:00-05:00,4.03,P,nan,nan,nan,nan
2020-05-15 01:00:00-05:00,3.91,P,4.22,P,2.43,P
2020-05-15 01:05:00-05:00,3.76,P,nan,nan,nan,nan
2020-05-15 01:10:00-05:00,3.47,P,nan,nan,nan,nan
2020-05-15 01:15:00-05:00,3.29,P,4.21,P,2.41,P
2020-05-15 01:20:00-05:00,3.15,P,nan,nan,nan,nan
2020-05-15 01:25:00-05:00,3.23,P,nan,nan,nan,nan
2020-05-15 01:30:00-05:00,3.27,P,4.23,P,2.46,P
2020-05-15 01:35:00-05:00,3.38,P,nan,nan,nan,nan
2020-05-15 01:40:00-05:00,3.47,P,nan,nan,nan,nan
2020-05-15 01:45:00-05:00,3.78,P,4.33,P,2.51,P
2020-05-15 01:50:00-05:00,3.82,P,nan,nan,nan,nan
2020-05-15 01:55:00-05:00,3.64,P,nan,nan,nan,nan
2020-05-15 02:00:00-05:00,3.72,P,4.33,P,2.49,P
2020-05-15 02:05:00-05:00,3.67,P,nan,nan,nan,nan
2020-05-15 02:10:00-05:00,3.40,P,nan,nan,nan,nan
2020-05-15 02:15:00-05:00,3.30,P,4.32,P,2.46,P
2020-05-15 02:20:00-05:00,3.15,P,nan,nan,nan,nan
2020-05-15 02:25:00-05:00,3.16,P,nan,nan,nan,nan
2020-05-15 02:30:00-05:00,3.43,P,4.34,P,2.46,P
2020-05-15 02:35:00-05:00,3.70,P,nan,nan,nan,nan
2020-05-15 02:40:00-05:00,3.93,P,nan,nan,nan,nan
2020-05-15 02:45:00-05:00,4.08,P,4.35,P,2.45,P
2020-05-15 02:50:00-05:00,4.10,P,nan,nan,nan,nan
2020-05-15 02:55:00-05:00,3.91,P,nan,nan,nan,nan
2020-05-15 03:00:00-05:00,3.44,P,4.33,P,2.42,P
2020-05-15 03:05:00-05:00,3.27,P,nan,nan,nan,nan
2020-05-15 03:10:00-05:00,3.06,P,nan,nan,nan,nan
2020-05-15 03:15:00-05:00,3.15,P,4.32,P,2.41,P
2020-05-15 03:20:00-05:00,3.27,P,nan,nan,nan,nan
2020-05-15 03:25:00-05:00,3.48,P,nan,nan,nan,nan
2020-05-15 03:30:00-05:00,3.51,P,4.35,P,2.45,P
2020-05-15 03:35:00-05:00,3.54,P,nan,nan,nan,nan
2020-05-15 03:40:00-05:00,3.52,P,nan,nan,nan,nan
2020-05-15 03:45:00-05:00,3.44,P,4.36,P,2.45,P
2020-05-15 03:50:00-05:00,3.37,P,nan,nan,nan,nan
2020-05-15 03:55:00-05:00,3.43,P,nan,nan,nan,nan
2020-05-15 04:00:00-05:00,3.42,P,4.33,P,2.41,P
2020-05-15 04:05:00-05:00,3.49,P,nan,nan,nan,nan
2020-05-15 04:10:00-05:00,3.63,P,nan,nan,nan,nan
2020-05-15 04:15:00-05:00,3.57,P,4.33,P,2.41,P
2020-05-15 04:20:00-05:00,3.49,P,nan,nan,nan,nan
2020-05-15 04:25:00-05:00,3.48,P,nan,nan,nan,nan
2020-05-15 04:30:00-05:00,3.19,P,4.32,P,2.40,P
2020-05-15 04:35:00-05:00,2.89,P,nan,nan,nan,nan
2020-05-15 04:40:00-05:00,3.24,P,nan,nan,nan,nan
2020-05-15 04:45:00-05:00,3.27,P,4.31,P,2.39,P
2020-05-15 04:50:00-05:00,3.14,P,nan,nan,nan,nan
2020-05-15 04:55:00-05:00,3.53,P,nan,nan,nan,nan
2020-05-15 05:00:00-05:00,3.82,P,4.30,P,2.39,P
2020-05-15 05:05:00-05:00,3.62,P,nan,nan,nan,nan
2020-05-15 05:10:00-05:00,3.64,P,nan,nan,nan,nan
2020-05-15 05:15:00-05:00,3.76,P,4.29,P,2.36,P
2020-05-15 05:20:00-05:00,3.40,P,nan,nan,nan,nan
2020-05-15 05:25:00-05:00,3.19,P,nan,nan,nan,nan
2020-05-15 05:30:00-05:00,3.21,P,4.27,P,2.33,P
2020-05-15 05:35:00-05:00,3.13,P,nan,nan,nan,nan
2020-05-15 05:40:00-05:00,2.91,P,nan,nan,nan,nan
2020-05-15 05:45:00-05:00,3.11,P,4.26,P,2.34,P
2020-05-15 05:50:00-05:00,3.51,P,nan,nan,nan,nan
2020-05-15 05:55:00-05:00,3.52,P,nan,nan,nan,nan
2020-05-15 06:00:00-05:00,3.78,P,4.26,P,2.34,P
2020-05-15 06:05:00-05:00,3.99,P,nan,nan,nan,nan
2020-05-15 06:10:00-05:00,3.87,P,nan,nan,nan,nan
2020-05-15 06:15:00-05:00,3.51,P,4.24,P,2.33,P
2020-05-15 06:20:00-05:00,3.41,P,nan,nan,nan,nan
2020-05-15 06:25:00-05:00,3.50,P,nan,nan,nan,nan
2020-05-15 06:30:00-05:00,3.45,P,4.22,P,2.30,P
2020-05-15 06:35:00-05:00,3.47,P,nan,nan,nan,nan
2020-05-15 06:40:00-05:00,3.79,P,nan,nan,nan,nan
2020-05-15 06:45:00-05:00,4.01,P,4.22,P,2.32,P
2020-05-15 06:50:00-05:00,4.01,P,nan,nan,nan,nan
2020-05-15 06:55:00-05:00,4.02,P,nan,nan,nan,nan
2020-05-15 07:00:00-05:00,3.84,P,4.25,P,2.33,P
2020-05-15 07:05:00-05:00,3.59,P,nan,nan,nan,nan
2020-05-15 07:10:00-05:00,3.35,P,nan,nan,nan,nan
2020-05-15 07:15:00-05:00,3.16,P,4.22,P,2.34,P
2020-05-15 07:20:00-05:00,3.31,P,nan,nan,nan,nan
2020-05-15 07:25:00-05:00,3.32,P,nan,nan,nan,nan
2020-05-15 07:30:00-05:00,3.18,P,4.23,P,2.39,P
2020-05-15 07:35:00-05:00,3.51,P,nan,nan,nan,nan
2020-05-15 07:40:00-05:00,3.75,P,nan,nan,nan,nan
2020-05-15 07:45:00-05:00,3.72,P,4.29,P,2.41,P
2020-05-15 07:50:00-05:00,3.59,P,nan,nan,nan,nan
2020-05-15 07:55:00-05:00,3.31,P,nan,nan,nan,nan
2020-05-15 08:00:00-05:00,3.35,P,4.25,P,2.38,P
2020-05-15 08:05:00-05:00,3.39,P,nan,nan,nan,nan
2020-05-15 08:10:00-05:00,3.39,P,nan,nan,nan,nan
2020-05-15 08:15:00-05:00,3.49,P,4.24,P,2.36,P
2020-05-15 08:20:00-05:00,3.81,P,nan,nan,nan,nan
2020-05-15 08:25:00-05:00,3.91,P,nan,nan,nan,nan
2020-05-15 08:30:00-05:00,3.85,P,4.24,P,2.37,P
2020-05-15 08:35:00-05:00,3.64,P,nan,nan,nan,nan
2020-05-15 08:40:00-05:00,3.60,P,nan,nan,nan,nan
2020-05-15 08:45:00-05:00,3.30,P,4.23,P,2.35,P
2020-05-15 08:50:00-05:00,3.21,P,nan,nan,nan,nan
2020-05-15 08:55:00-05:00,3.48,P,nan,nan,nan,nan
2020-05-15 09:00:00-05:00,3.69,P,4.21,P,2.35,P
2020-05-15 09:05:00-05:00,3.75,P,nan,nan,nan,nan
2020-05-15 09:10:00-05:00,3.91,P,nan,nan,nan,nan
2020-05-15 09:15:00-05:00,3.95,P,4.23,P,2.37,P
2020-05-15 09:20:00-05:00,3.79,P,nan,nan,nan,nan
2020-05-15 09:25:00-05:00,3.52,P,nan,nan,nan,nan
2020-05-15 09:30:00-05:00,3.43,P,4.22,P,2.35,P
2020-05-15 09:35:00-05:00,3.59,P,nan,nan,nan,nan
2020-05-15 09:40:00-05:00,3.44,P,nan,nan,nan,nan
2020-05-15 09:45:00-05:00,3.52,P,4.20,P,2.37,P
2020-05-15 09:50:00-05:00,3.72,P,nan,nan,nan,nan
2020-05-15 09:55:00-05:00,3.47,P,nan,nan,nan,nan
2020-05-15 10:00:00-05:00,3.26,P,4.24,P,2.38,P
2020-05-15 10:05:00-05:00,3.27,P,nan,nan,nan,nan
2020-05-15 10:10:00-05:00,3.28,P,nan,nan,nan,nan
2020-05-15 10:15:00-05:00,3.08,P,4.21,P,2.38,P
2020-05-15 10:20:00-05:00,3.11,P,nan,nan,nan,nan
2020-05-15 10:25:00-05:00,3.30,P,nan,nan,nan,nan
2020-05-15 10:30:00-05:00,3.47,P,4.20,P,2.37,P
2020-05-15 10:35:00-05:00,3.65,P,nan,nan,nan,nan
2020-05-15 10:40:00-05:00,3.67,P,nan,nan,nan,nan
2020-05-15 10:45:00-05:00,3.98,P,4.19,P,2.34,P
2020-05-15 10:50:00-05:00,4.27,P,nan,nan,nan,nan
2020-05-15 10:55:00-05:00,4.28,P,nan,nan,nan,nan
2020-05-15 11:00:00-05:00,4.26,P,4.16,P,2.30,P
2020-05-15 11:05:00-05:00,4.02,P,nan,nan,nan,nan
2020-05-15 11:10:00-05:00,3.72,P,nan,nan,nan,nan
2020-05-15 11:15:00-05:00,3.39,P,4.14,P,2.29,P
2020-05-15 11:20:00-05:00,3.25,P,nan,nan,nan,nan
2020-05-15 11:25:00-05:00,3.22,P,nan,nan,nan,nan
2020-05-15 11:30:00-05:00,3.23,P,4.15,P,2.33,P
2020-05-15 11:35:00-05:00,3.22,P,nan,nan,nan,nan
2020-05-15 11:40:00-05:00,3.56,P,nan,nan,nan,nan
2020-05-15 11:45:00-05:00,3.71,P,4.27,P,2.38,P
2020-05-15 11:50:00-05:00,3.61,P,nan,nan,nan,nan
2020-05-15 11:55:00-05:00,3.55,P,nan,nan,nan,nan
2020-05-15 12:00:00-05:00,3.52,P,4.23,P,2.38,P
2020-05-15 12:05:00-05:00,3.30,P,nan,nan,nan,nan
2020-05-15 12:10:00-05:00,3.03,P,nan,nan,nan,nan
2020-05-15 12:15:00-05:00,3.03,P,4.19,P,2.35,P
2020-05-15 12:20:00-05:00,3.02,P,nan,nan,nan,nan
2020-05-15 12:25:00-05:00,2.86,P,nan,nan,nan,nan
2020-05-15 12:30:00-05:00,3.11,P,4.19,P,2.35,P
2020-05-15 12:35:00-05:00,3.38,P,nan,nan,nan,nan
2020-05-15 12:40:00-05:00,3.55,P,nan,nan,nan,nan
2020-05-15 12:45:00-05:00,3.83,P,4.19,P,2.32,P
2020-05-15 12:50:00-05:00,4.06,P,nan,nan,nan,nan
2020-05-15 12:55:00-05:00,3.87,P,nan,nan,nan,nan
2020-05-15 13:00:00-05:00,3.78,P,4.15,P,2.28,P
2020-05-15 13:05:00-05:00,3.56,P,nan,nan,nan,nan
2020-05-15 13:10:00-05:00,3.32,P,nan,nan,nan,nan
2020-05-15 13:15:00-05:00,3.18,P,4.13,P,2.25,P
2020-05-15 13:20:00-05:00,3.15,P,nan,nan,nan,nan
2020-05-15 13:25:00-05:00,3.22,P,nan,nan,nan,nan
2020-05-15 13:30:00-05:00,3.17,P,4.13,P,2.27,P
2020-05-15 13:35:00-05:00,3.13,P,nan,nan,nan,nan
2020-05-15 13:40:00-05:00,3.15,P,nan,nan,nan,nan
2020-05-15 13:45:00-05:00,3.30,P,4.17,P,2.29,P
2020-05-15 13:50:00-05:00,3.22,P,nan,nan,nan,nan
2020-05-15 13:55:00-05:00,3.34,P,nan,nan,nan,nan
2020-05-15 14:00:00-05:00,3.42,P,4.13,P,2.27,P
2020-05-15 14:05:00-05:00,3.74,P,nan,nan,nan,nan
2020-05-15 14:10:00-05:00,3.76,P,nan,nan,nan,nan
2020-05-15 14:15:00-05:00,3.66,P,4.10,P,2.24,P
2020-05-15 14:20:00-05:00,3.31,P,nan,nan,nan,nan
2020-05-15 14:25:00-05:00,3.47,P,nan,nan,nan,nan
2020-05-15 14:30:00-05:00,3.24,P,4.08,P,2.22,P
2020-05-15 14:35:00-05:00,3.20,P,nan,nan,nan,nan
2020-05-15 14:40:00-05:00,3.28,P,nan,nan,nan,nan
2020-05-15 14:45:00-05:00,3.48,P,4.07,P,2.22,P
2020-05-15 14:50:00-05:00,3.56,P,nan,nan,nan,nan
2020-05-15 14:55:00-05:00,3.68,P,nan,nan,nan,nan
2020-05-15 15:00:00-05:00,3.73,P,4.08,P,2.24,P
2020-05-15 15:05:00-05:00,3.56,P,nan,nan,nan,nan
2020-05-15 15:10:00-05:00,3.47,P,nan,nan,nan,nan
2020-05-15 15:15:00-05:00,3.48,P,4.04,P,2.23,P
2020-05-15 15:20:00-05:00,3.27,P,nan,nan,nan,nan
2020-05-15 15:25:00-05:00,3.24,P,nan,nan,nan,nan
2020-05-15 15:30:00-05:00,3.40,P,4.03,P,2.23,P
2020-05-15 15:35:00-05:00,3.47,P,nan,nan,nan,nan
2020-05-15 15:40:00-05:00,3.52,P,nan,nan,nan,nan
2020-05-15 15:45:00-05:00,3.67,P,4.05,P,2.24,P
2020-05-15 15:50:00-05:00,3.63,P,nan,nan,nan,nan
2020-05-15 15:55:00-05:00,3.48,P,nan,nan,nan,nan
2020-05-15 16:00:00-05:00,3.49,P,4.03,P,2.24,P
2020-05-15 16:05:00-05:00,3.31,P,nan,nan,nan,nan
2020-05-15 16:10:00-05:00,3.10,P,nan,nan,nan,nan
2020-05-15 16:15:00-05:00,3.27,P,4.02,P,2.23,P
2020-05-15 16:20:00-05:00,3.50,P,nan,nan,nan,nan
2020-05-15 16:25:00-05:00,3.46,P,nan,nan,nan,nan
2020-05-15 16:30:00-05:00,3.71,P,4.03,P,2.24,P
2020-05-15 16:35:00-05:00,3.83,P,nan,nan,nan,nan
2020-05-15 16:40:00-05:00,3.82,P,nan,nan,nan,nan
2020-05-15 16:45:00-05:00,3.67,P,4.03,P,2.23,P
2020-05-15 16:50:00-05:00,3.62,P,nan,nan,nan,nan
2020-05-15 16:55:00-05:00,3.34,P,nan,nan,nan,nan
2020-05-15 17:00:00-05:00,3.30,P,4.00,P,2.22,P
2020-05-15 17:05:00-05:00,3.28,P,nan,nan,nan,nan
2020-05-15 17:10:00-05:00,3.20,P,nan,nan,nan,nan
2020-05-15 17:15:00-05:00,3.27,P,4.01,P,2.24,P
2020-05-15 17:20:00-05:00,3.62,P,nan,nan,nan,nan
2020-05-15 17:25:00-05:00,3.63,P,nan,nan,nan,nan
2020-05-15 17:30:00-05:00,3.75,P,4.03,P,2.26,P
2020-05-15 17:35:00-05:00,3.94,P,nan,nan,nan,nan
2020-05-15 17:40:00-05:00,3.99,P,nan,nan,nan,nan
2020-05-15 17:45:00-05:00,3.70,P,4.01,P,2.24,P
2020-05-15 17:50:00-05:00,3.58,P,nan,nan,nan,nan
2020-05-15 17:55:00-05:00,3.55,P,nan,nan,nan,nan
2020-05-15 18:00:00-05:00,3.48,P,3.99,P,2.23,P
2020-05-15 18:05:00-05:00,3.42,P,nan,nan,nan,nan
2020-05-15 18:10:00-05:00,3.54,P,nan,nan,nan,nan
2020-05-15 18:15:00-05:00,3.71,P,4.02,P,2.26,P
2020-05-15 18:20:00-05:00,3.86,P,nan,nan,nan,nan
2020-05-15 18:25:00-05:00,3.94,P,nan,nan,nan,nan
2020-05-15 18:30:00-05:00,3.89,P,4.06,P,2.28,P
2020-05-15 18:35:00-05:00,3.90,P,nan,nan,nan,nan
2020-05-15 18:40:00-05:00,3.86,P,nan,nan,nan,nan
2020-05-15 18:45:00-05:00,3.69,P,4.04,P,2.29,P
2020-05-15 18:50:00-05:00,3.58,P,nan,nan,nan,nan
2020-05-15 18:55:00-05:00,3.47,P,nan,nan,nan,nan
2020-05-15 19:00:00-05:00,3.29,P,4.03,P,2.31,P
2020-05-15 19:05:00-05:00,3.36,P,nan,nan,nan,nan
2020-05-15 19:10:00-05:00,3.52,P,nan,nan,nan,nan
2020-05-15 19:15:00-05:00,3.55,P,4.10,P,2.34,P
2020-05-15 19:20:00-05:00,3.59,P,nan,nan,nan,nan
2020-05-15 19:25:00-05:00,3.71,P,nan,nan,nan,nan
2020-05-15 19:30:00-05:00,3.71,P,4.10,P,2.36,P
2020-05-15 19:35:00-05:00,3.61,P,nan,nan,nan,nan
2020-05-15 19:40:00-05:00,3.58,P,nan,nan,nan,nan
2020-05-15 19:45:00-05:00,3.69,P,4.08,P,2.34,P
2020-05-15 19:50:00-05:00,3.50,P,nan,nan,nan,nan
2020-05-15 19:55:00-05:00,3.35,P,nan,nan,nan,nan
2020-05-15 20:00:00-05:00,3.48,P,4.07,P,2.33,P
2020-05-15 20:05:00-05:00,3.47,P,nan,nan,nan,nan
2020-05-15 20:10:00-05:00,3.15,P,nan,nan,nan,nan
2020-05-15 20:15:00-05:00,3.30,P,4.08,P,2.33,P
2020-05-15 20:20:00-05:00,3.66,P,nan,nan,nan,nan
2020-05-15 20:25:00-05:00,3.61,P,nan,nan,nan,nan
2020-05-15 20:30:00-05:00,3.66,P,4.06,P,2.32,P
2020-05-15 20:35:00-05:00,3.99,P,nan,nan,nan,nan
2020-05-15 20:40:00-05:00,4.03,P,nan,nan,nan,nan
2020-05-15 20:45:00-05:00,3.98,P,4.05,P,2.30,P
2020-05-15 20:50:00-05:00,4.04,P,nan,nan,nan,nan
2020-05-15 20:55:00-05:00,4.11,P,nan,nan,nan,nan
2020-05-15 21:00:00-05:00,3.99,P,4.03,P,2.27,P
2020-05-15 21:05:00-05:00,3.76,P,nan,nan,nan,nan
2020-05-15 21:10:00-05:00,3.58,P,nan,nan,nan,nan
2020-05-15 21:15:00-05:00,3.38,P,4.03,P,2.29,P
2020-05-15 21:20:00-05:00,3.30,P,nan,nan,nan,nan
2020-05-15 21:25:00-05:00,3.33,P,nan,nan,nan,nan
2020-05-15 21:30:00-05:00,3.36,P,4.09,P,2.33,P
2020-05-15 21:35:00-05:00,3.51,P,nan,nan,nan,nan
2020-05-15 21:40:00-05:00,3.64,P,nan,nan,nan,nan
2020-05-15 21:45:00-05:00,3.69,P,4.15,P,2.36,P
2020-05-15 21:50:00-05:00,3.61,P,nan,nan,nan,nan
2020-05-15 21:55:00-05:00,3.51,P,nan,nan,nan,nan
2020-05-15 22:00:00-05:00,3.46,P,4.12,P,2.35,P
2020-05-15 22:05:00-05:00,3.57,P,nan,nan,nan,nan
2020-05-15 22:10:00-05:00,3.58,P,nan,nan,nan,nan
2020-05-15 22:15:00-05:00,3.63,P,4.09,P,2.33,P
2020-05-15 22:20:00-05:00,3.71,P,nan,nan,nan,nan
2020-05-15 22:25:00-05:00,3.79,P,nan,nan,nan,nan
2020-05-15 22:30:00-05:00,3.67,P,4.09,P,2.33,P
2020-05-15 22:35:00-05:00,3.63,P,nan,nan,nan,nan
2020-05-15 22:40:00-05:00,3.59,P,nan,nan,nan,nan
2020-05-15 22:45:00-05:00,3.43,P,4.07,P,2.32,P
2020-05-15 22:50:00-05:00,3.45,P,nan,nan,nan,nan
2020-05-15 22:55:00-05:00,3.47,P,nan,nan,nan,nan
2020-05-15 23:00:00-05:00,3.56,P,4.06,P,2.32,P
2020-05-15 23:05:00-05:00,3.64,P,nan,nan,nan,nan
2020-05-15 23:10:00-05:00,3.80,P,nan,nan,nan,nan
2020-05-15 23:15:00-05:00,3.70,P,4.06,P,2.33,P
2020-05-15 23:20:00-05:00,3.72,P,nan,nan,nan,nan
2020-05-15 23:25:00-05:00,3.59,P,nan,nan,nan,nan
2020-05-15 23:30:00-05:00,3.39,P,4.05,P,2.31,P
2020-05-15 23:35:00-05:00,3.23,P,nan,nan,nan,nan
2020-05-15 23:40:00-05:00,3.15,P,nan,nan,nan,nan
2020-05-15 23:45:00-05:00,3.15,P,4.03,P,2.31,P
2020-05-15 23:50:00-05:00,3.31,P,nan,nan,nan,nan
2020-05-15 23:55:00-05:00,3.51,P,nan,nan,nan,nan
2020-05-16 00:00:00-05:00,3.76,P,4.06,P,2.32,P
2020-05-16 00:05:00-05:00,3.88,P,nan,nan,nan,nan
2020-05-16 00:10:00-05:00,3.91,P,nan,nan,nan,nan
2020-05-16 00:15:00-05:00,3.76,P,4.05,P,2.31,P
2020-05-16 00:20:00-05:00,3.70,P,nan,nan,nan,nan
2020-05-16 00:25:00-05:00,3.46,P,nan,nan,nan,nan
2020-05-16 00:30:00-05:00,3.27,P,4.02,P,2.27,P
2020-05-16 00:35:00-05:00,3.29,P,nan,nan,nan,nan
2020-05-16 00:40:00-05:00,3.47,P,nan,nan,nan,nan
2020-05-16 00:45:00-05:00,3.55,P,4.02,P,2.29,P
2020-05-16 00:50:00-05:00,3.74,P,nan,nan,nan,nan
2020-05-16 00:55:00-05:00,3.91,P,nan,nan,nan,nan
2020-05-16 01:00:00-05:00,3.91,P,4.06,P,2.30,P
2020-05-16 01:05:00-05:00,3.83,P,nan,nan,nan,nan
2020-05-16 01:10:00-05:00,3.71,P,nan,nan,nan,nan
2020-05-16 01:15:00-05:00,3.55,P,4.03,P,2.28,P
2020-05-16 01:20:00-05:00,3.40,P,nan,nan,nan,nan
2020-05-16 01:25:00-05:00,3.46,P,nan,nan,nan,nan
2020-05-16 01:30:00-05:00,3.54,P,4.01,P,2.28,P
2020-05-16 01:35:00-05:00,3.63,P,nan,nan,nan,nan
2020-05-16 01:40:00-05:00,3.83,P,nan,nan,nan,nan
2020-05-16 01:45:00-05:00,3.94,P,4.07,P,2.31,P
2020-05-16 01:50:00-05:00,3.93,P,nan,nan,nan,nan
2020-05-16 01:55:00-05:00,3.86,P,nan,nan,nan,nan
2020-05-16 02:00:00-05:00,3.74,P,4.05,P,2.31,P
2020-05-16 02:05:00-05:00,3.55,P,nan,nan,nan,nan
2020-05-16 02:10:00-05:00,3.37,P,nan,nan,nan,nan
2020-05-16 02:15:00-05:00,3.37,P,4.03,P,2.31,P
2020-05-16 02:20:00-05:00,3.47,P,nan,nan,nan,nan
2020-05-16 02:25:00-05:00,3.59,P,nan,nan,nan,nan
2020-05-16 02:30:00-05:00,3.80,P,4.07,P,2.33,P
2020-05-16 02:35:00-05:00,3.95,P,nan,nan,nan,nan
2020-05-16 02:40:00-05:00,3.91,P,nan,nan,nan,nan
2020-05-16 02:45:00-05:00,3.79,P,4.08,P,2.34,P
2020-05-16 02:50:00-05:00,3.60,P,nan,nan,nan,nan
2020-05-16 02:55:00-05:00,3.31,P,nan,nan,nan,nan
2020-05-16 03:00:00-05:00,3.24,P,4.05,P,2.32,P
2020-05-16 03:05:00-05:00,3.38,P,nan,nan,nan,nan
2020-05-16 03:10:00-05:00,3.43,P,nan,nan,nan,nan
2020-05-16 03:15:00-05:00,3.59,P,4.05,P,2.34,P
2020-05-16 03:20:00-05:00,3.76,P,nan,nan,nan,nan
2020-05-16 03:25:00-05:00,3.85,P,nan,nan,nan,nan
2020-05-16 03:30:00-05:00,3.83,P,4.10,P,2.34,P
2020-05-16 03:35:00-05:00,3.80,P,nan,nan,nan,nan
2020-05-16 03:40:00-05:00,3.67,P,nan,nan,nan,nan
2020-05-16 03:45:00-05:00,3.54,P,4.05,P,2.32,P
2020-05-16 03:50:00-05:00,3.38,P,nan,nan,nan,nan
2020-05-16 03:55:00-05:00,3.32,P,nan,nan,nan,nan
2020-05-16 04:00:00-05:00,3.28,P,4.04,P,2.32,P
2020-05-16 04:05:00-05:00,3.36,P,nan,nan,nan,nan
2020-05-16 04:10:00-05:00,3.51,P,nan,nan,nan,nan
2020-05-16 04:15:00-05:00,3.64,P,4.08,P,2.33,P
2020-05-16 04:20:00-05:00,3.75,P,nan,nan,nan,nan
2020-05-16 04:25:00-05:00,3.78,P,nan,nan,nan,nan
2020-05-16 04:30:00-05:00,3.74,P,4.06,P,2.32,P
2020-05-16 04:35:00-05:00,3.67,P,nan,nan,nan,nan
2020-05-16 04:40:00-05:00,3.50,P,nan,nan,nan,nan
2020-05-16 04:45:00-05:00,3.38,P,4.03,P,2.29,P
2020-05-16 04:50:00-05:00,3.35,P,nan,nan,nan,nan
2020-05-16 04:55:00-05:00,3.45,P,nan,nan,nan,nan
2020-05-16 05:00:00-05:00,3.48,P,4.03,P,2.29,P
2020-05-16 05:05:00-05:00,3.59,P,nan,nan,nan,nan
2020-05-16 05:10:00-05:00,3.68,P,nan,nan,nan,nan
2020-05-16 05:15:00-05:00,3.71,P,4.06,P,2.30,P
2020-05-16 05:20:00-05:00,3.71,P,nan,nan,nan,nan
2020-05-16 05:25:00-05:00,3.75,P,nan,nan,nan,nan
2020-05-16 05:30:00-05:00,3.63,P,4.03,P,2.28,P
2020-05-16 05:35:00-05:00,3.47,P,nan,nan,nan,nan
2020-05-16 05:40:00-05:00,3.55,P,nan,nan,nan,nan
2020-05-16 05:45:00-05:00,3.52,P,4.01,P,2.27,P
2020-05-16 05:50:00-05:00,3.51,P,nan,nan,nan,nan
2020-05-16 05:55:00-05:00,3.54,P,nan,nan,nan,nan
2020-05-16 06:00:00-05:00,3.53,P,4.03,P,2.28,P
2020-05-16 06:05:00-05:00,3.50,P,nan,nan,nan,nan
2020-05-16 06:10:00-05:00,3.42,P,nan,nan,nan,nan
2020-05-16 06:15:00-05:00,3.42,P,4.02,P,2.28,P
2020-05-16 06:20:00-05:00,3.45,P,nan,nan,nan,nan
2020-05-16 06:25:00-05:00,3.54,P,nan,nan,nan,nan
2020-05-16 06:30:00-05:00,3.56,P,4.00,P,2.27,P
2020-05-16 06:35:00-05:00,3.60,P,nan,nan,nan,nan
2020-05-16 06:40:00-05:00,3.63,P,nan,nan,nan,nan
2020-05-16 06:45:00-05:00,3.58,P,4.01,P,2.26,P
2020-05-16 06:50:00-05:00,3.49,P,nan,nan,nan,nan
2020-05-16 06:55:00-05:00,3.51,P,nan,nan,nan,nan
2020-05-16 07:00:00-05:00,3.58,P,3.99,P,2.24,P
2020-05-16 07:05:00-05:00,3.54,P,nan,nan,nan,nan
2020-05-16 07:10:00-05:00,3.61,P,nan,nan,nan,nan
2020-05-16 07:15:00-05:00,3.67,P,3.98,P,2.24,P
2020-05-16 07:20:00-05:00,3.66,P,nan,nan,nan,nan
2020-05-16 07:25:00-05:00,3.59,P,nan,nan,nan,nan
2020-05-16 07:30:00-05:00,3.52,P,3.99,P,2.23,P
2020-05-16 07:35:00-05:00,3.54,P,nan,nan,nan,nan
2020-05-16 07:40:00-05:00,3.50,P,nan,nan,nan,nan
2020-05-16 07:45:00-05:00,3.32,P,3.96,P,2.23,P
2020-05-16 07:50:00-05:00,3.33,P,nan,nan,nan,nan
2020-05-16 07:55:00-05:00,3.42,P,nan,nan,nan,nan
2020-05-16 08:00:00-05:00,3.34,P,3.97,P,2.24,P
2020-05-16 08:05:00-05:00,3.34,P,nan,nan,nan,nan
2020-05-16 08:10:00-05:00,3.55,P,nan,nan,nan,nan
2020-05-16 08:15:00-05:00,3.64,P,3.97,P,2.24,P
2020-05-16 08:20:00-05:00,3.66,P,nan,nan,nan,nan
2020-05-16 08:25:00-05:00,3.86,P,nan,nan,nan,nan
2020-05-16 08:30:00-05:00,3.97,P,3.95,P,2.22,P
2020-05-16 08:35:00-05:00,3.81,P,nan,nan,nan,nan
2020-05-16 08:40:00-05:00,3.70,P,nan,nan,nan,nan
2020-05-16 08:45:00-05:00,3.71,P,3.94,P,2.20,P
2020-05-16 08:50:00-05:00,3.52,P,nan,nan,nan,nan
2020-05-16 08:55:00-05:00,3.46,P,nan,nan,nan,nan
2020-05-16 09:00:00-05:00,3.55,P,3.94,P,2.21,P
2020-05-16 09:05:00-05:00,3.63,P,nan,nan,nan,nan
2020-05-16 09:10:00-05:00,3.71,P,nan,nan,nan,nan
2020-05-16 09:15:00-05:00,3.86,P,3.99,P,2.24,P
2020-05-16 09:20:00-05:00,3.99,P,nan,nan,nan,nan
2020-05-16 09:25:00-05:00,3.90,P,nan,nan,nan,nan
2020-05-16 09:30:00-05:00,3.71,P,4.00,P,2.26,P
2020-05-16 09:35:00-05:00,3.69,P,nan,nan,nan,nan
2020-05-16 09:40:00-05:00,3.60,P,nan,nan,nan,nan
2020-05-16 09:45:00-05:00,3.49,P,3.98,P,2.27,P
2020-05-16 09:50:00-05:00,3.62,P,nan,nan,nan,nan
2020-05-16 09:55:00-05:00,3.78,P,nan,nan,nan,nan
2020-05-16 10:00:00-05:00,3.82,P,4.01,P,2.30,P
2020-05-16 10:05:00-05:00,3.90,P,nan,nan,nan,nan
2020-05-16 10:10:00-05:00,3.94,P,nan,nan,nan,nan
2020-05-16 10:15:00-05:00,3.87,P,4.06,P,2.32,P
2020-05-16 10:20:00-05:00,3.67,P,nan,nan,nan,nan
2020-05-16 10:25:00-05:00,3.65,P,nan,nan,nan,nan
2020-05-16 10:30:00-05:00,3.55,P,4.02,P,2.32,P
2020-05-16 10:35:00-05:00,3.36,P,nan,nan,nan,nan
2020-05-16 10:40:00-05:00,3.36,P,nan,nan,nan,nan
2020-05-16 10:45:00-05:00,3.58,P,4.05,P,2.35,P
2020-05-16 10:50:00-05:00,3.71,P,nan,nan,nan,nan
2020-05-16 10:55:00-05:00,3.83,P,nan,nan,nan,nan
2020-05-16 11:00:00-05:00,4.02,P,4.09,P,2.36,P
2020-05-16 11:05:00-05:00,4.21,P,nan,nan,nan,nan
2020-05-16 11:10:00-05:00,4.07,P,nan,nan,nan,nan
2020-05-16 11:15:00-05:00,3.89,P,4.06,P,2.35,P
2020-05-16 11:20:00-05:00,3.95,P,nan,nan,nan,nan
2020-05-16 11:25:00-05:00,3.83,P,nan,nan,nan,nan
2020-05-16 11:30:00-05:00,3.61,P,4.04,P,2.34,P
2020-05-16 11:35:00-05:00,3.68,P,nan,nan,nan,nan
2020-05-16 11:40:00-05:00,3.76,P,nan,nan,nan,nan
2020-05-16 11:45:00-05:00,3.74,P,4.09,P,2.37,P
2020-05-16 11:50:00-05:00,3.88,P,nan,nan,nan,nan
2020-05-16 11:55:00-05:00,4.07,P,nan,nan,nan,nan
2020-05-16 12:00:00-05:00,4.04,P,4.14,P,2.40,P
2020-05-16 12:05:00-05:00,4.07,P,nan,nan,nan,nan
2020-05-16 12:10:00-05:00,4.10,P,nan,nan,nan,nan
2020-05-16 12:15:00-05:00,3.97,P,4.11,P,2.41,P
2020-05-16 12:20:00-05:00,3.76,P,nan,nan,nan,nan
2020-05-16 12:25:00-05:00,3.71,P,nan,nan,nan,nan
2020-05-16 12:30:00-05:00,3.72,P,4.13,P,2.43,P
2020-05-16 12:35:00-05:00,3.63,P,nan,nan,nan,nan
2020-05-16 12:40:00-05:00,3.64,P,nan,nan,nan,nan
2020-05-16 12:45:00-05:00,3.64,P,4.18,P,2.47,P
2020-05-16 12:50:00-05:00,3.53,P,nan,nan,nan,nan
2020-05-16 12:55:00-05:00,3.47,P,nan,nan,nan,nan
2020-05-16 13:00:00-05:00,3.46,P,4.21,P,2.49,P
2020-05-16 13:05:00-05:00,3.42,P,nan,nan,nan,nan
2020-05-16 13:10:00-05:00,3.55,P,nan,nan,nan,nan
2020-05-16 13:15:00-05:00,3.71,P,4.18,P,2.48,P
2020-05-16 13:20:00-05:00,3.84,P,nan,nan,nan,nan
2020-05-16 13:25:00-05:00,3.83,P,nan,nan,nan,nan
2020-05-16 13:30:00-05:00,3.95,P,4.17,P,2.45,P
2020-05-16 13:35:00-05:00,3.83,P,nan,nan,nan,nan
2020-05-16 13:40:00-05:00,3.72,P,nan,nan,nan,nan
2020-05-16 13:45:00-05:00,3.60,P,4.15,P,2.42,P
2020-05-16 13:50:00-05:00,3.71,P,nan,nan,nan,nan
2020-05-16 13:55:00-05:00,3.55,P,nan,nan,nan,nan
2020-05-16 14:00:00-05:00,3.66,P,4.13,P,2.41,P
2020-05-16 14:05:00-05:00,3.82,P,nan,nan,nan,nan
2020-05-16 14:10:00-05:00,3.60,P,nan,nan,nan,nan
2020-05-16 14:15:00-05:00,3.46,P,4.15,P,2.41,P
2020-05-16 14:20:00-05:00,3.56,P,nan,nan,nan,nan
2020-05-16 14:25:00-05:00,3.47,P,nan,nan,nan,nan
2020-05-16 14:30:00-05:00,3.39,P,4.13,P,2.41,P
2020-05-16 14:35:00-05:00,3.47,P,nan,nan,nan,nan
2020-05-16 14:40:00-05:00,3.67,P,nan,nan,nan,nan
2020-05-16 14:45:00-05:00,3.68,P,4.11,P,2.41,P
2020-05-16 14:50:00-05:00,3.88,P,nan,nan,nan,nan
2020-05-16 14:55:00-05:00,4.00,P,nan,nan,nan,nan
2020-05-16 15:00:00-05:00,3.80,P,4.11,P,2.39,P
2020-05-16 15:05:00-05:00,3.66,P,nan,nan,nan,nan
2020-05-16 15:10:00-05:00,3.64,P,nan,nan,nan,nan
2020-05-16 15:15:00-05:00,3.47,P,4.08,P,2.36,P
2020-05-16 15:20:00-05:00,3.47,P,nan,nan,nan,nan
2020-05-16 15:25:00-05:00,3.60,P,nan,nan,nan,nan
2020-05-16 15:30:00-05:00,3.63,P,4.08,P,2.36,P
2020-05-16 15:35:00-05:00,3.74,P,nan,nan,nan,nan
2020-05-16 15:40:00-05:00,3.92,P,nan,nan,nan,nan
2020-05-16 15:45:00-05:00,3.93,P,4.12,P,2.37,P
2020-05-16 15:50:00-05:00,3.91,P,nan,nan,nan,nan
2020-05-16 15:55:00-05:00,3.87,P,nan,nan,nan,nan
2020-05-16 16:00:00-05:00,3.72,P,4.08,P,2.36,P
2020-05-16 16:05:00-05:00,3.58,P,nan,nan,nan,nan
2020-05-16 16:10:00-05:00,3.50,P,nan,nan,nan,nan
2020-05-16 16:15:00-05:00,3.55,P,4.08,P,2.35,P
2020-05-16 16:20:00-05:00,3.40,P,nan,nan,nan,nan
2020-05-16 16:25:00-05:00,3.46,P,nan,nan,nan,nan
2020-05-16 16:30:00-05:00,3.55,P,4.11,P,2.38,P
2020-05-16 16:35:00-05:00,3.60,P,nan,nan,nan,nan
2020-05-16 16:40:00-05:00,3.63,P,nan,nan,nan,nan
2020-05-16 16:45:00-05:00,3.64,P,4.12,P,2.38,P
2020-05-16 16:50:00-05:00,3.74,P,nan,nan,nan,nan
2020-05-16 16:55:00-05:00,3.71,P,nan,nan,nan,nan
2020-05-16 17:00:00-05:00,3.66,P,4.09,P,2.36,P
2020-05-16 17:05:00-05:00,3.60,P,nan,nan,nan,nan
2020-05-16 17:10:00-05:00,3.62,P,nan,nan,nan,nan
2020-05-16 17:15:00-05:00,3.55,P,4.07,P,2.34,P
2020-05-16 17:20:00-05:00,3.71,P,nan,nan,nan,nan
2020-05-16 17:25:00-05:00,3.74,P,nan,nan,nan,nan
2020-05-16 17:30:00-05:00,3.68,P,4.08,P,2.33,P
2020-05-16 17:35:00-05:00,3.75,P,nan,nan,nan,nan
2020-05-16 17:40:00-05:00,3.71,P,nan,nan,nan,nan
2020-05-16 17:45:00-05:00,3.62,P,4.07,P,2.33,P
2020-05-16 17:50:00-05:00,3.54,P,nan,nan,nan,nan
2020-05-16 17:55:00-05:00,3.58,P,nan,nan,nan,nan
2020-05-16 18:00:00-05:00,3.72,P,4.07,P,2.33,P
2020-05-16 18:05:00-05:00,3.76,P,nan,nan,nan,nan
2020-05-16 18:10:00-05:00,3.88,P,nan,nan,nan,nan
2020-05-16 18:15:00-05:00,3.99,P,4.07,P,2.34,P
2020-05-16 18:20:00-05:00,3.98,P,nan,nan,nan,nan
2020-05-16 18:25:00-05:00,3.85,P,nan,nan,nan,nan
2020-05-16 18:30:00-05:00,3.72,P,4.07,P,2.34,P
2020-05-16 18:35:00-05:00,3.66,P,nan,nan,nan,nan
2020-05-16 18:40:00-05:00,3.62,P,nan,nan,nan,nan
2020-05-16 18:45:00-05:00,3.67,P,4.06,P,2.34,P
2020-05-16 18:50:00-05:00,3.72,P,nan,nan,nan,nan
2020-05-16 18:55:00-05:00,3.83,P,nan,nan,nan,nan
2020-05-16 19:00:00-05:00,3.89,P,4.10,P,2.37,P
2020-05-16 19:05:00-05:00,3.91,P,nan,nan,nan,nan
2020-05-16 19:10:00-05:00,3.88,P,nan,nan,nan,nan
2020-05-16 19:15:00-05:00,3.85,P,4.12,P,2.37,P
2020-05-16 19:20:00-05:00,3.80,P,nan,nan,nan,nan
2020-05-16 19:25:00-05:00,3.78,P,nan,nan,nan,nan
2020-05-16 19:30:00-05:00,3.78,P,4.10,P,2.38,P
2020-05-16 19:35:00-05:00,3.88,P,nan,nan,nan,nan
2020-05-16 19:40:00-05:00,3.94,P,nan,nan,nan,nan
2020-05-16 19:45:00-05:00,3.90,P,4.13,P,2.41,P
2020-05-16 19:50:00-05:00,3.94,P,nan,nan,nan,nan
2020-05-16 19:55:00-05:00,4.02,P,nan,nan,nan,nan
2020-05-16 20:00:00-05:00,4.01,P,4.14,P,2.42,P
2020-05-16 20:05:00-05:00,3.94,P,nan,nan,nan,nan
2020-05-16 20:10:00-05:00,3.95,P,nan,nan,nan,nan
2020-05-16 20:15:00-05:00,3.98,P,4.14,P,2.43,P
2020-05-16 20:20:00-05:00,3.87,P,nan,nan,nan,nan
2020-05-16 20:25:00-05:00,3.87,P,nan,nan,nan,nan
2020-05-16 20:30:00-05:00,3.95,P,4.16,P,2.45,P
2020-05-16 20:35:00-05:00,3.94,P,nan,nan,nan,nan
2020-05-16 20:40:00-05:00,3.88,P,nan,nan,nan,nan
2020-05-16 20:45:00-05:00,3.98,P,4.19,P,2.48,P
2020-05-16 20:50:00-05:00,4.04,P,nan,nan,nan,nan
2020-05-16 20:55:00-05:00,3.88,P,nan,nan,nan,nan
2020-05-16 21:00:00-05:00,3.78,P,4.21,P,2.50,P
2020-05-16 21:05:00-05:00,3.78,P,nan,nan,nan,nan
2020-05-16 21:10:00-05:00,3.63,P,nan,nan,nan,nan
2020-05-16 21:15:00-05:00,3.55,P,4.22,P,2.51,P
2020-05-16 21:20:00-05:00,3.70,P,nan,nan,nan,nan
2020-05-16 21:25:00-05:00,3.81,P,nan,nan,nan,nan
2020-05-16 21:30:00-05:00,3.91,P,4.23,P,2.53,P
2020-05-16 21:35:00-05:00,4.07,P,nan,nan,nan,nan
2020-05-16 21:40:00-05:00,4.23,P,nan,nan,nan,nan
2020-05-16 21:45:00-05:00,4.25,P,4.25,P,2.52,P
2020-05-16 21:50:00-05:00,4.10,P,nan,nan,nan,nan
2020-05-16 21:55:00-05:00,3.96,P,nan,nan,nan,nan
2020-05-16 22:00:00-05:00,3.80,P,4.22,P,2.49,P
2020-05-16 22:05:00-05:00,3.67,P,nan,nan,nan,nan
2020-05-16 22:10:00-05:00,3.65,P,nan,nan,nan,nan
2020-05-16 22:15:00-05:00,3.73,P,4.22,P,2.50,P
2020-05-16 22:20:00-05:00,3.83,P,nan,nan,nan,nan
2020-05-16 22:25:00-05:00,3.94,P,nan,nan,nan,nan
2020-05-16 22:30:00-05:00,4.11,P,nan,nan,2.52,P
2020-05-16 22:35:00-05:00,4.10,P,nan,nan,nan,nan
2020-05-16 22:40:00-05:00,3.99,P,nan,nan,nan,nan
2020-05-16 22:45:00-05:00,3.98,P,4.28,P,2.52,P
2020-05-16 22:50:00-05:00,3.88,P,nan,nan,nan,nan
2020-05-16 22:55:00-05:00,3.66,P,nan,nan,nan,nan
2020-05-16 23:00:00-05:00,3.62,P,4.25,P,2.51,P
2020-05-16 23:05:00-05:00,3.55,P,nan,nan,nan,nan
2020-05-16 23:10:00-05:00,3.48,P,nan,nan,nan,nan
2020-05-16 23:15:00-05:00,3.56,P,4.27,P,2.53,P
2020-05-16 23:20:00-05:00,3.64,P,nan,nan,nan,nan
2020-05-16 23:25:00-05:00,3.68,P,nan,nan,nan,nan
2020-05-16 23:30:00-05:00,3.78,P,4.29,P,2.53,P
2020-05-16 23:35:00-05:00,3.87,P,nan,nan,nan,nan
2020-05-16 23:40:00-05:00,3.90,P,nan,nan,nan,nan
2020-05-16 23:45:00-05:00,3.93,P,4.26,P,2.51,P
2020-05-16 23:50:00-05:00,3.96,P,nan,nan,nan,nan
2020-05-16 23:55:00-05:00,3.91,P,nan,nan,nan,nan
2020-05-17 00:00:00-05:00,3.83,P,4.23,P,2.47,P
2020-05-17 00:05:00-05:00,3.83,P,nan,nan,nan,nan
2020-05-17 00:10:00-05:00,3.78,P,nan,nan,nan,nan
2020-05-17 00:15:00-05:00,3.68,P,4.24,P,2.46,P
2020-05-17 00:20:00-05:00,3.61,P,nan,nan,nan,nan
2020-05-17 00:25:00-05:00,3.62,P,nan,nan,nan,nan
2020-05-17 00:30:00-05:00,3.64,P,4.24,P,2.47,P
2020-05-17 00:35:00-05:00,3.67,P,nan,nan,nan,nan
2020-05-17 00:40:00-05:00,3.68,P,nan,nan,nan,nan
2020-05-17 00:45:00-05:00,3.76,P,4.25,P,2.48,P
2020-05-17 00:50:00-05:00,3.80,P,nan,nan,nan,nan
2020-05-17 00:55:00-05:00,3.78,P,nan,nan,nan,nan
2020-05-17 01:00:00-05:00,3.78,P,4.23,P,2.46,P
2020-05-17 01:05:00-05:00,3.80,P,nan,nan,nan,nan
2020-05-17 01:10:00-05:00,3.72,P,nan,nan,nan,nan
2020-05-17 01:15:00-05:00,3.67,P,4.22,P,2.44,P
2020-05-17 01:20:00-05:00,3.74,P,nan,nan,nan,nan
2020-05-17 01:25:00-05:00,3.71,P,nan,nan,nan,nan
2020-05-17 01:30:00-05:00,3.69,P,4.21,P,2.44,P
2020-05-17 01:35:00-05:00,3.85,P,nan,nan,nan,nan
2020-05-17 01:40:00-05:00,3.92,P,nan,nan,nan,nan
2020-05-17 01:45:00-05:00,3.85,P,4.21,P,2.46,P
2020-05-17 01:50:00-05:00,3.87,P,nan,nan,nan,nan
2020-05-17 01:55:00-05:00,3.87,P,nan,nan,nan,nan
2020-05-17 02:00:00-05:00,3.76,P,4.20,P,2.45,P
2020-05-17 02:05:00-05:00,3.71,P,nan,nan,nan,nan
2020-05-17 02:10:00-05:00,3.70,P,nan,nan,nan,nan
2020-05-17 02:15:00-05:00,3.69,P,4.19,P,2.45,P
2020-05-17 02:20:00-05:00,3.74,P,nan,nan,nan,nan
2020-05-17 02:25:00-05:00,3.79,P,nan,nan,nan,nan
2020-05-17 02:30:00-05:00,3.83,P,4.21,P,2.46,P
2020-05-17 02:35:00-05:00,3.89,P,nan,nan,nan,nan
2020-05-17 02:40:00-05:00,3.93,P,nan,nan,nan,nan
2020-05-17 02:45:00-05:00,3.87,P,4.20,P,2.46,P
2020-05-17 02:50:00-05:00,3.83,P,nan,nan,nan,nan
2020-05-17 02:55:00-05:00,3.72,P,nan,nan,nan,nan
2020-05-17 03:00:00-05:00,3.67,P,4.18,P,2.45,P
2020-05-17 03:05:00-05:00,3.67,P,nan,nan,nan,nan
2020-05-17 03:10:00-05:00,3.71,P,nan,nan,nan,nan
2020-05-17 03:15:00-05:00,3.71,P,4.19,P,2.46,P
2020-05-17 03:20:00-05:00,3.75,P,nan,nan,nan,nan
2020-05-17 03:25:00-05:00,3.81,P,nan,nan,nan,nan
2020-05-17 03:30:00-05:00,3.83,P,4.20,P,2.46,P
2020-05-17 03:35:00-05:00,3.85,P,nan,nan,nan,nan
2020-05-17 03:40:00-05:00,3.94,P,nan,nan,nan,nan
2020-05-17 03:45:00-05:00,4.00,P,4.19,P,2.45,P
2020-05-17 03:50:00-05:00,4.05,P,nan,nan,nan,nan
2020-05-17 03:55:00-05:00,3.98,P,nan,nan,nan,nan
2020-05-17 04:00:00-05:00,3.93,P,4.18,P,2.45,P
2020-05-17 04:05:00-05:00,3.91,P,nan,nan,nan,nan
2020-05-17 04:10:00-05:00,3.76,P,nan,nan,nan,nan
2020-05-17 04:15:00-05:00,3.63,P,4.19,P,2.45,P
2020-05-17 04:20:00-05:00,3.71,P,nan,nan,nan,nan
2020-05-17 04:25:00-05:00,3.75,P,nan,nan,nan,nan
2020-05-17 04:30:00-05:00,3.70,P,4.19,P,2.47,P
2020-05-17 04:35:00-05:00,3.80,P,nan,nan,nan,nan
2020-05-17 04:40:00-05:00,3.85,P,nan,nan,nan,nan
2020-05-17 04:45:00-05:00,3.76,P,4.23,P,2.49,P
2020-05-17 04:50:00-05:00,3.79,P,nan,nan,nan,nan
2020-05-17 04:55:00-05:00,3.80,P,nan,nan,nan,nan
2020-05-17 05:00:00-05:00,3.74,P,4.21,P,2.49,P
2020-05-17 05:05:00-05:00,3.72,P,nan,nan,nan,nan
2020-05-17 05:10:00-05:00,3.80,P,nan,nan,nan,nan
2020-05-17 05:15:00-05:00,3.80,P,4.21,P,2.48,P
2020-05-17 05:20:00-05:00,3.83,P,nan,nan,nan,nan
2020-05-17 05:25:00-05:00,3.95,P,nan,nan,nan,nan
2020-05-17 05:30:00-05:00,4.03,P,4.21,P,2.47,P
2020-05-17 05:35:00-05:00,4.00,P,nan,nan,nan,nan
2020-05-17 05:40:00-05:00,4.05,P,nan,nan,nan,nan
2020-05-17 05:45:00-05:00,4.01,P,4.21,P,2.46,P
2020-05-17 05:50:00-05:00,3.91,P,nan,nan,nan,nan
2020-05-17 05:55:00-05:00,3.83,P,nan,nan,nan,nan
2020-05-17 06:00:00-05:00,3.83,P,4.20,P,2.47,P
2020-05-17 06:05:00-05:00,3.88,P,nan,nan,nan,nan
2020-05-17 06:10:00-05:00,3.95,P,nan,nan,nan,nan
2020-05-17 06:15:00-05:00,4.06,P,nan,nan,2.49,P
2020-05-17 06:20:00-05:00,4.18,P,nan,nan,nan,nan
2020-05-17 06:25:00-05:00,4.19,P,nan,nan,nan,nan
2020-05-17 06:30:00-05:00,4.18,P,4.25,P,2.51,P
2020-05-17 06:35:00-05:00,4.08,P,nan,nan,nan,nan
2020-05-17 06:40:00-05:00,3.89,P,nan,nan,nan,nan
2020-05-17 06:45:00-05:00,3.75,P,4.24,P,2.53,P
2020-05-17 06:50:00-05:00,3.67,P,nan,nan,nan,nan
2020-05-17 06:55:00-05:00,3.56,P,nan,nan,nan,nan
2020-05-17 07:00:00-05:00,3.59,P,4.26,P,2.57,P
2020-05-17 07:05:00-05:00,3.74,P,nan,nan,nan,nan
2020-05-17 07:10:00-05:00,3.80,P,nan,nan,nan,nan
2020-05-17 07:15:00-05:00,3.93,P,4.33,P,2.60,P
2020-05-17 07:20:00-05:00,4.08,P,nan,nan,nan,nan
2020-05-17 07:25:00-05:00,4.19,P,nan,nan,nan,nan
2020-05-17 07:30:00-05:00,4.22,P,4.32,P,2.59,P
2020-05-17 07:35:00-05:00,4.19,P,nan,nan,nan,nan
2020-05-17 07:40:00-05:00,4.08,P,nan,nan,nan,nan
2020-05-17 07:45:00-05:00,3.96,P,4.29,P,2.57,P
2020-05-17 07:50:00-05:00,3.87,P,nan,nan,nan,nan
2020-05-17 07:55:00-05:00,3.70,P,nan,nan,nan,nan
2020-05-17 08:00:00-05:00,3.66,P,4.30,P,2.59,P
2020-05-17 08:05:00-05:00,3.75,P,nan,nan,nan,nan
2020-05-17 08:10:00-05:00,3.81,P,nan,nan,nan,nan
2020-05-17 08:15:00-05:00,3.88,P,4.34,P,2.62,P
2020-05-17 08:20:00-05:00,4.00,P,nan,nan,nan,nan
2020-05-17 08:25:00-05:00,4.07,P,nan,nan,nan,nan
2020-05-17 08:30:00-05:00,4.00,P,4.36,P,2.64,P
2020-05-17 08:35:00-05:00,4.00,P,nan,nan,nan,nan
2020-05-17 08:40:00-05:00,3.96,P,nan,nan,nan,nan
2020-05-17 08:45:00-05:00,3.90,P,4.34,P,2.63,P
2020-05-17 08:50:00-05:00,3.90,P,nan,nan,nan,nan
2020-05-17 08:55:00-05:00,3.89,P,nan,nan,nan,nan
2020-05-17 09:00:00-05:00,3.87,P,4.34,P,2.63,P
2020-05-17 09:05:00-05:00,3.86,P,nan,nan,nan,nan
2020-05-17 09:10:00-05:00,3.79,P,nan,nan,nan,nan
2020-05-17 09:15:00-05:00,3.73,P,4.37,P,2.64,P
2020-05-17 09:20:00-05:00,3.67,P,nan,nan,nan,nan
2020-05-17 09:25:00-05:00,3.71,P,nan,nan,nan,nan
2020-05-17 09:30:00-05:00,3.78,P,4.36,P,2.66,P
2020-05-17 09:35:00-05:00,3.83,P,nan,nan,nan,nan
2020-05-17 09:40:00-05:00,3.91,P,nan,nan,nan,nan
2020-05-17 09:45:00-05:00,4.09,P,4.36,P,2.65,P
2020-05-17 09:50:00-05:00,4.15,P,nan,nan,nan,nan
2020-05-17 09:55:00-05:00,4.11,P,nan,nan,nan,nan
2020-05-17 10:00:00-05:00,4.12,P,4.35,P,2.63,P
2020-05-17 10:05:00-05:00,4.06,P,nan,nan,nan,nan
2020-05-17 10:10:00-05:00,3.91,P,nan,nan,nan,nan
2020-05-17 10:15:00-05:00,3.82,P,4.34,P,2.61,P
2020-05-17 10:20:00-05:00,3.78,P,nan,nan,nan,nan
2020-05-17 10:25:00-05:00,3.75,P,nan,nan,nan,nan
2020-05-17 10:30:00-05:00,3.78,P,4.34,P,2.63,P
2020-05-17 10:35:00-05:00,3.83,P,nan,nan,nan,nan
2020-05-17 10:40:00-05:00,3.87,P,nan,nan,nan,nan
2020-05-17 10:45:00-05:00,3.91,P,4.38,P,2.65,P
2020-05-17 10:50:00-05:00,3.90,P,nan,nan,nan,nan
2020-05-17 10:55:00-05:00,3.92,P,nan,nan,nan,nan
2020-05-17 11:00:00-05:00,3.98,P,4.37,P,2.65,P
2020-05-17 11:05:00-05:00,3.92,P,nan,nan,nan,nan
2020-05-17 11:10:00-05:00,3.86,P,nan,nan,nan,nan
2020-05-17 11:15:00-05:00,4.00,P,4.36,P,2.63,P
2020-05-17 11:20:00-05:00,3.99,P,nan,nan,nan,nan
2020-05-17 11:25:00-05:00,3.95,P,nan,nan,nan,nan
2020-05-17 11:30:00-05:00,4.05,P,4.36,P,2.63,P
2020-05-17 11:35:00-05:00,4.09,P,nan,nan,nan,nan
2020-05-17 11:40:00-05:00,4.04,P,nan,nan,nan,nan
2020-05-17 11:45:00-05:00,3.98,P,4.35,P,2.63,P
2020-05-17 11:50:00-05:00,3.94,P,nan,nan,nan,nan
2020-05-17 11:55:00-05:00,3.84,P,nan,nan,nan,nan
2020-05-17 12:00:00-05:00,3.83,P,4.34,P,2.63,P
2020-05-17 12:05:00-05:00,3.83,P,nan,nan,nan,nan
2020-05-17 12:10:00-05:00,3.90,P,nan,nan,nan,nan
2020-05-17 12:15:00-05:00,4.00,P,4.35,P,2.64,P
2020-05-17 12:20:00-05:00,4.11,P,nan,nan,nan,nan
2020-05-17 12:25:00-05:00,4.15,P,nan,nan,nan,nan
2020-05-17 12:30:00-05:00,4.15,P,4.36,P,2.65,P
2020-05-17 12:35:00-05:00,4.11,P,nan,nan,nan,nan
2020-05-17 12:40:00-05:00,4.04,P,nan,nan,nan,nan
2020-05-17 12:45:00-05:00,3.95,P,4.35,P,2.64,P
2020-05-17 12:50:00-05:00,3.87,P,nan,nan,nan,nan
2020-05-17 12:55:00-05:00,3.84,P,nan,nan,nan,nan
2020-05-17 13:00:00-05:00,3.90,P,4.35,P,2.65,P
2020-05-17 13:05:00-05:00,3.95,P,nan,nan,nan,nan
2020-05-17 13:10:00-05:00,3.98,P,nan,nan,nan,nan
2020-05-17 13:15:00-05:00,4.10,P,4.38,P,2.66,P
2020-05-17 13:20:00-05:00,4.18,P,nan,nan,nan,nan
2020-05-17 13:25:00-05:00,4.10,P,nan,nan,nan,nan
2020-05-17 13:30:00-05:00,4.03,P,4.38,P,2.68,P
2020-05-17 13:35:00-05:00,4.08,P,nan,nan,nan,nan
2020-05-17 13:40:00-05:00,3.99,P,nan,nan,nan,nan
2020-05-17 13:45:00-05:00,3.92,P,4.35,P,2.69,P
2020-05-17 13:50:00-05:00,4.02,P,nan,nan,nan,nan
2020-05-17 13:55:00-05:00,4.07,P,nan,nan,nan,nan
2020-05-17 14:00:00-05:00,4.02,P,4.38,P,2.70,P
2020-05-17 14:05:00-05:00,4.03,P,nan,nan,nan,nan
2020-05-17 14:10:00-05:00,4.03,P,nan,nan,nan,nan
2020-05-17 14:15:00-05:00,3.87,P,4.40,P,2.77,P
2020-05-17 14:20:00-05:00,3.79,P,nan,nan,nan,nan
2020-05-17 14:25:00-05:00,3.74,P,nan,nan,nan,nan
2020-05-17 14:30:00-05:00,3.69,P,4.39,P,2.80,P
2020-05-17 14:35:00-05:00,3.74,P,nan,nan,nan,nan
2020-05-17 14:40:00-05:00,3.80,P,nan,nan,nan,nan
2020-05-17 14:45:00-05:00,3.82,P,4.39,P,2.82,P
2020-05-17 14:50:00-05:00,3.87,P,nan,nan,nan,nan
2020-05-17 14:55:00-05:00,3.98,P,nan,nan,nan,nan
2020-05-17 15:00:00-05:00,3.98,P,4.42,P,2.79,P
2020-05-17 15:05:00-05:00,3.96,P,nan,nan,nan,nan
2020-05-17 15:10:00-05:00,3.93,P,nan,nan,nan,nan
2020-05-17 15:15:00-05:00,3.91,P,4.40,P,2.75,P
2020-05-17 15:20:00-05:00,3.90,P,nan,nan,nan,nan
2020-05-17 15:25:00-05:00,3.84,P,nan,nan,nan,nan
2020-05-17 15:30:00-05:00,3.87,P,4.40,P,2.72,P
2020-05-17 15:35:00-05:00,4.05,P,nan,nan,nan,nan
2020-05-17 15:40:00-05:00,4.14,P,nan,nan,nan,nan
2020-05-17 15:45:00-05:00,4.11,P,4.40,P,2.71,P
2020-05-17 15:50:00-05:00,4.15,P,nan,nan,nan,nan
2020-05-17 15:55:00-05:00,4.15,P,nan,nan,nan,nan
2020-05-17 16:00:00-05:00,4.00,P,4.40,P,2.69,P
2020-05-17 16:05:00-05:00,3.86,P,nan,nan,nan,nan
2020-05-17 16:10:00-05:00,3.82,P,nan,nan,nan,nan
2020-05-17 16:15:00-05:00,3.72,P,4.39,P,2.68,P
2020-05-17 16:20:00-05:00,3.71,P,nan,nan,nan,nan
2020-05-17 16:25:00-05:00,3.83,P,nan,nan,nan,nan
2020-05-17 16:30:00-05:00,3.97,P,4.40,P,2.71,P
2020-05-17 16:35:00-05:00,4.04,P,nan,nan,nan,nan
2020-05-17 16:40:00-05:00,4.09,P,nan,nan,nan,nan
2020-05-17 16:45:00-05:00,4.03,P,4.42,P,2.71,P
2020-05-17 16:50:00-05:00,3.95,P,nan,nan,nan,nan
2020-05-17 16:55:00-05:00,3.82,P,nan,nan,nan,nan
2020-05-17 17:00:00-05:00,3.71,P,4.41,P,2.69,P
2020-05-17 17:05:00-05:00,3.65,P,nan,nan,nan,nan
2020-05-17 17:10:00-05:00,3.71,P,nan,nan,nan,nan
2020-05-17 17:15:00-05:00,3.80,P,4.40,P,2.69,P
2020-05-17 17:20:00-05:00,3.92,P,nan,nan,nan,nan
2020-05-17 17:25:00-05:00,4.07,P,nan,nan,nan,nan
2020-05-17 17:30:00-05:00,4.16,P,4.42,P,2.69,P
2020-05-17 17:35:00-05:00,4.20,P,nan,nan,nan,nan
2020-05-17 17:40:00-05:00,4.21,P,nan,nan,nan,nan
2020-05-17 17:45:00-05:00,4.15,P,4.40,P,2.67,P
2020-05-17 17:50:00-05:00,4.08,P,nan,nan,nan,nan
2020-05-17 17:55:00-05:00,3.97,P,nan,nan,nan,nan
2020-05-17 18:00:00-05:00,3.91,P,4.38,P,2.65,P
2020-05-17 18:05:00-05:00,3.91,P,nan,nan,nan,nan
2020-05-17 18:10:00-05:00,3.95,P,nan,nan,nan,nan
2020-05-17 18:15:00-05:00,4.01,P,4.41,P,2.67,P
2020-05-17 18:20:00-05:00,4.11,P,nan,nan,nan,nan
2020-05-17 18:25:00-05:00,4.23,P,nan,nan,nan,nan
2020-05-17 18:30:00-05:00,4.19,P,4.44,P,2.71,P
2020-05-17 18:35:00-05:00,4.08,P,nan,nan,nan,nan
2020-05-17 18:40:00-05:00,4.00,P,nan,nan,nan,nan
2020-05-17 18:45:00-05:00,3.87,P,4.44,P,2.74,P
2020-05-17 18:50:00-05:00,3.78,P,nan,nan,nan,nan
2020-05-17 18:55:00-05:00,3.75,P,nan,nan,nan,nan
2020-05-17 19:00:00-05:00,3.82,P,4.45,P,2.78,P
2020-05-17 19:05:00-05:00,3.86,P,nan,nan,nan,nan
2020-05-17 19:10:00-05:00,3.91,P,nan,nan,nan,nan
2020-05-17 19:15:00-05:00,4.02,P,4.50,P,2.87,P
2020-05-17 19:20:00-05:00,4.14,P,nan,nan,nan,nan
2020-05-17 19:25:00-05:00,4.13,P,nan,nan,nan,nan
2020-05-17 19:30:00-05:00,4.14,P,4.51,P,2.91,P
2020-05-17 19:35:00-05:00,4.13,P,nan,nan,nan,nan
2020-05-17 19:40:00-05:00,4.11,P,nan,nan,nan,nan
2020-05-17 19:45:00-05:00,4.12,P,4.53,P,2.96,P
2020-05-17 19:50:00-05:00,4.15,P,nan,nan,nan,nan
2020-05-17 19:55:00-05:00,4.18,P,nan,nan,nan,nan
2020-05-17 20:00:00-05:00,4.24,P,4.56,P,3.05,P
2020-05-17 20:05:00-05:00,4.23,P,nan,nan,nan,nan
2020-05-17 20:10:00-05:00,4.22,P,nan,nan,nan,nan
2020-05-17 20:15:00-05:00,4.16,P,4.62,P,3.21,P
2020-05-17 20:20:00-05:00,4.03,P,nan,nan,nan,nan
2020-05-17 20:25:00-05:00,3.99,P,nan,nan,nan,nan
2020-05-17 20:30:00-05:00,4.04,P,4.73,P,3.34,P
2020-05-17 20:35:00-05:00,4.04,P,nan,nan,nan,nan
2020-05-17 20:40:00-05:00,4.15,P,nan,nan,nan,nan
2020-05-17 20:45:00-05:00,4.27,P,4.79,P,3.49,P
2020-05-17 20:50:00-05:00,4.31,P,nan,nan,nan,nan
2020-05-17 20:55:00-05:00,4.37,P,nan,nan,nan,nan
2020-05-17 21:00:00-05:00,4.37,P,4.89,P,3.60,P
2020-05-17 21:05:00-05:00,4.32,P,nan,nan,nan,nan
2020-05-17 21:10:00-05:00,4.25,P,nan,nan,nan,nan
2020-05-17 21:15:00-05:00,4.26,P,4.97,P,3.64,P
2020-05-17 21:20:00-05:00,4.23,P,nan,nan,nan,nan
2020-05-17 21:25:00-05:00,4.19,P,nan,nan,nan,nan
2020-05-17 21:30:00-05:00,4.19,P,5.05,P,3.62,P
2020-05-17 21:35:00-05:00,4.24,P,nan,nan,nan,nan
2020-05-17 21:40:00-05:00,4.23,P,nan,nan,nan,nan
2020-05-17 21:45:00-05:00,4.21,P,5.17,P,3.61,P
2020-05-17 21:50:00-05:00,4.26,P,nan,nan,nan,nan
2020-05-17 21:55:00-05:00,4.24,P,nan,nan,nan,nan
2020-05-17 22:00:00-05:00,4.17,P,5.22,P,3.60,P
2020-05-17 22:05:00-05:00,4.19,P,nan,nan,nan,nan
2020-05-17 22:10:00-05:00,4.19,P,nan,nan,nan,nan
2020-05-17 22:15:00-05:00,4.17,P,5.28,P,3.60,P
2020-05-17 22:20:00-05:00,4.18,P,nan,nan,nan,nan
2020-05-17 22:25:00-05:00,4.28,P,nan,nan,nan,nan
2020-05-17 22:30:00-05:00,4.30,P,5.31,P,3.61,P
2020-05-17 22:35:00-05:00,4.39,P,nan,nan,nan,nan
2020-05-17 22:40:00-05:00,4.50,P,nan,nan,nan,nan
2020-05-17 22:45:00-05:00,4.45,P,5.33,P,3.63,P
2020-05-17 22:50:00-05:00,4.36,P,nan,nan,nan,nan
2020-05-17 22:55:00-05:00,4.39,P,nan,nan,nan,nan
2020-05-17 23:00:00-05:00,4.26,P,5.34,P,3.66,P
2020-05-17 23:05:00-05:00,4.15,P,nan,nan,nan,nan
2020-05-17 23:10:00-05:00,4.17,P,nan,nan,nan,nan
2020-05-17 23:15:00-05:00,4.19,P,5.34,P,3.71,P
2020-05-17 23:20:00-05:00,4.23,P,nan,nan,nan,nan
2020-05-17 23:25:00-05:00,4.21,P,nan,nan,nan,nan
2020-05-17 23:30:00-05:00,4.31,P,5.34,P,3.77,P
2020-05-17 23:35:00-05:00,4.23,P,nan,nan,nan,nan
2020-05-17 23:40:00-05:00,4.10,P,nan,nan,nan,nan
2020-05-17 23:45:00-05:00,4.11,P,5.33,P,3.83,P
2020-05-17 23:50:00-05:00,4.07,P,nan,nan,nan,nan
2020-05-17 23:55:00-05:00,3.93,P,nan,nan,nan,nan
2020-05-18 00:00:00-05:00,4.10,P,5.32,P,3.87,P
2020-05-18 00:05:00-05:00,4.15,P,nan,nan,nan,nan
2020-05-18 00:10:00-05:00,4.05,P,nan,nan,nan,nan
2020-05-18 00:15:00-05:00,4.11,P,5.30,P,3.92,P
2020-05-18 00:20:00-05:00,4.23,P,nan,nan,nan,nan
2020-05-18 00:25:00-05:00,4.15,P,nan,nan,nan,nan
2020-05-18 00:30:00-05:00,4.17,P,5.29,P,3.96,P
2020-05-18 00:35:00-05:00,4.25,P,nan,nan,nan,nan
2020-05-18 00:40:00-05:00,4.17,P,nan,nan,nan,nan
2020-05-18 00:45:00-05:00,4.05,P,5.27,P,4.01,P
2020-05-18 00:50:00-05:00,4.15,P,nan,nan,nan,nan
2020-05-18 00:55:00-05:00,4.21,P,nan,nan,nan,nan
2020-05-18 01:00:00-05:00,4.13,P,5.25,P,4.05,P
2020-05-18 01:05:00-05:00,4.22,P,nan,nan,nan,nan
2020-05-18 01:10:00-05:00,4.35,P,nan,nan,nan,nan
2020-05-18 01:15:00-05:00,4.29,P,5.23,P,4.09,P
2020-05-18 01:20:00-05:00,4.30,P,nan,nan,nan,nan
2020-05-18 01:25:00-05:00,4.35,P,nan,nan,nan,nan
2020-05-18 01:30:00-05:00,4.23,P,5.22,P,4.13,P
2020-05-18 01:35:00-05:00,4.07,P,nan,nan,nan,nan
2020-05-18 01:40:00-05:00,4.12,P,nan,nan,nan,nan
2020-05-18 01:45:00-05:00,4.15,P,5.20,P,4.17,P
2020-05-18 01:50:00-05:00,4.09,P,nan,nan,nan,nan
2020-05-18 01:55:00-05:00,4.08,P,nan,nan,nan,nan
2020-05-18 02:00:00-05:00,4.07,P,5.18,P,4.21,P
2020-05-18 02:05:00-05:00,4.10,P,nan,nan,nan,nan
2020-05-18 02:10:00-05:00,4.08,P,nan,nan,nan,nan
2020-05-18 02:15:00-05:00,4.09,P,5.17,P,4.22,P
2020-05-18 02:20:00-05:00,4.05,P,nan,nan,nan,nan
2020-05-18 02:25:00-05:00,3.99,P,nan,nan,nan,nan
2020-05-18 02:30:00-05:00,3.91,P,5.15,P,4.23,P
2020-05-18 02:35:00-05:00,3.91,P,nan,nan,nan,nan
2020-05-18 02:40:00-05:00,3.90,P,nan,nan,nan,nan
2020-05-18 02:45:00-05:00,3.80,P,5.13,P,4.24,P
2020-05-18 02:50:00-05:00,3.75,P,nan,nan,nan,nan
2020-05-18 02:55:00-05:00,3.84,P,nan,nan,nan,nan
2020-05-18 03:00:00-05:00,3.80,P,5.11,P,4.24,P
2020-05-18 03:05:00-05:00,3.75,P,nan,nan,nan,nan
2020-05-18 03:10:00-05:00,3.88,P,nan,nan,nan,nan
2020-05-18 03:15:00-05:00,3.95,P,5.09,P,4.23,P
2020-05-18 03:20:00-05:00,3.89,P,nan,nan,nan,nan
2020-05-18 03:25:00-05:00,3.99,P,nan,nan,nan,nan
2020-05-18 03:30:00-05:00,4.13,P,5.06,P,4.22,P
2020-05-18 03:35:00-05:00,4.13,P,nan,nan,nan,nan
2020-05-18 03:40:00-05:00,4.13,P,nan,nan,nan,nan
2020-05-18 03:45:00-05:00,4.19,P,5.04,P,4.21,P
2020-05-18 03:50:00-05:00,4.08,P,nan,nan,nan,nan
2020-05-18 03:55:00-05:00,4.04,P,nan,nan,nan,nan
2020-05-18 04:00:00-05:00,4.06,P,5.02,P,4.21,P
2020-05-18 04:05:00-05:00,3.98,P,nan,nan,nan,nan
2020-05-18 04:10:00-05:00,3.85,P,nan,nan,nan,nan
2020-05-18 04:15:00-05:00,3.95,P,5.00,P,4.22,P
2020-05-18 04:20:00-05:00,4.02,P,nan,nan,nan,nan
2020-05-18 04:25:00-05:00,3.96,P,nan,nan,nan,nan
2020-05-18 04:30:00-05:00,3.94,P,4.98,P,4.22,P
2020-05-18 04:35:00-05:00,4.03,P,nan,nan,nan,nan
2020-05-18 04:40:00-05:00,4.02,P,nan,nan,nan,nan
2020-05-18 04:45:00-05:00,3.93,P,4.97,P,4.20,P
2020-05-18 04:50:00-05:00,3.97,P,nan,nan,nan,nan
2020-05-18 04:55:00-05:00,3.91,P,nan,nan,nan,nan
2020-05-18 05:00:00-05:00,3.89,P,4.95,P,4.19,P
2020-05-18 05:05:00-05:00,3.93,P,nan,nan,nan,nan
2020-05-18 05:10:00-05:00,3.94,P,nan,nan,nan,nan
2020-05-18 05:15:00-05:00,3.83,P,4.93,P,4.19,P
2020-05-18 05:20:00-05:00,3.76,P,nan,nan,nan,nan
2020-05-18 05:25:00-05:00,3.86,P,nan,nan,nan,nan
2020-05-18 05:30:00-05:00,3.92,P,4.91,P,4.17,P
2020-05-18 05:35:00-05:00,3.95,P,nan,nan,nan,nan
2020-05-18 05:40:00-05:00,4.05,P,nan,nan,nan,nan
2020-05-18 05:45:00-05:00,4.18,P,4.89,P,4.15,P
2020-05-18 05:50:00-05:00,4.15,P,nan,nan,nan,nan
2020-05-18 05:55:00-05:00,4.12,P,nan,nan,nan,nan
2020-05-18 06:00:00-05:00,4.11,P,4.87,P,4.13,P
2020-05-18 06:05:00-05:00,4.03,P,nan,nan,nan,nan
2020-05-18 06:10:00-05:00,3.96,P,nan,nan,nan,nan
2020-05-18 06:15:00-05:00,3.95,P,4.85,P,4.12,P
2020-05-18 06:20:00-05:00,3.94,P,nan,nan,nan,nan
2020-05-18 06:25:00-05:00,3.99,P,nan,nan,nan,nan
2020-05-18 06:30:00-05:00,4.03,P,4.84,P,4.13,P
2020-05-18 06:35:00-05:00,4.06,P,nan,nan,nan,nan
2020-05-18 06:40:00-05:00,4.15,P,nan,nan,nan,nan
2020-05-18 06:45:00-05:00,4.15,P,4.83,P,4.12,P
2020-05-18 06:50:00-05:00,4.09,P,nan,nan,nan,nan
2020-05-18 06:55:00-05:00,4.12,P,nan,nan,nan,nan
2020-05-18 07:00:00-05:00,4.11,P,4.81,P,4.09,P
2020-05-18 07:05:00-05:00,4.07,P,nan,nan,nan,nan
2020-05-18 07:10:00-05:00,4.10,P,nan,nan,nan,nan
2020-05-18 07:15:00-05:00,4.15,P,4.80,P,4.09,P
2020-05-18 07:20:00-05:00,4.11,P,nan,nan,nan,nan
2020-05-18 07:25:00-05:00,4.10,P,nan,nan,nan,nan
2020-05-18 07:30:00-05:00,4.08,P,4.79,P,4.09,P
2020-05-18 07:35:00-05:00,4.05,P,nan,nan,nan,nan
2020-05-18 07:40:00-05:00,4.02,P,nan,nan,nan,nan
2020-05-18 07:45:00-05:00,4.00,P,4.78,P,4.08,P
2020-05-18 07:50:00-05:00,4.04,P,nan,nan,nan,nan
2020-05-18 07:55:00-05:00,4.07,P,nan,nan,nan,nan
2020-05-18 08:00:00-05:00,4.08,P,4.79,P,4.06,P
2020-05-18 08:05:00-05:00,4.15,P,nan,nan,nan,nan
2020-05-18 08:10:00-05:00,4.20,P,nan,nan,nan,nan
2020-05-18 08:15:00-05:00,4.16,P,4.78,P,4.05,P
2020-05-18 08:20:00-05:00,4.15,P,nan,nan,nan,nan
2020-05-18 08:25:00-05:00,4.22,P,nan,nan,nan,nan
2020-05-18 08:30:00-05:00,4.19,P,4.77,P,4.03,P
2020-05-18 08:35:00-05:00,4.15,P,nan,nan,nan,nan
2020-05-18 08:40:00-05:00,4.23,P,nan,nan,nan,nan
2020-05-18 08:45:00-05:00,4.29,P,4.76,P,4.03,P
2020-05-18 08:50:00-05:00,4.29,P,nan,nan,nan,nan
2020-05-18 08:55:00-05:00,4.34,P,nan,nan,nan,nan
2020-05-18 09:00:00-05:00,4.38,P,4.75,P,4.02,P
2020-05-18 09:05:00-05:00,4.31,P,nan,nan,nan,nan
2020-05-18 09:10:00-05:00,4.32,P,nan,nan,nan,nan
2020-05-18 09:15:00-05:00,4.31,P,4.75,P,4.02,P
2020-05-18 09:20:00-05:00,4.19,P,nan,nan,nan,nan
2020-05-18 09:25:00-05:00,4.16,P,nan,nan,nan,nan
2020-05-18 09:30:00-05:00,4.21,P,4.76,P,4.03,P
2020-05-18 09:35:00-05:00,4.22,P,nan,nan,nan,nan
2020-05-18 09:40:00-05:00,4.23,P,nan,nan,nan,nan
2020-05-18 09:45:00-05:00,4.23,P,4.77,P,4.03,P
2020-05-18 09:50:00-05:00,4.22,P,nan,nan,nan,nan
2020-05-18 09:55:00-05:00,4.19,P,nan,nan,nan,nan
2020-05-18 10:00:00-05:00,4.17,P,4.77,P,4.02,P
2020-05-18 10:05:00-05:00,4.20,P,nan,nan,nan,nan
2020-05-18 10:10:00-05:00,4.21,P,nan,nan,nan,nan
2020-05-18 10:15:00-05:00,4.19,P,4.77,P,4.00,P
2020-05-18 10:20:00-05:00,4.16,P,nan,nan,nan,nan
2020-05-18 10:25:00-05:00,4.19,P,nan,nan,nan,nan
2020-05-18 10:30:00-05:00,4.17,P,4.77,P,3.99,P
2020-05-18 10:35:00-05:00,4.19,P,nan,nan,nan,nan
2020-05-18 10:40:00-05:00,4.28,P,nan,nan,nan,nan
2020-05-18 10:45:00-05:00,4.30,P,4.77,P,3.97,P
2020-05-18 10:50:00-05:00,4.30,P,nan,nan,nan,nan
2020-05-18 10:55:00-05:00,4.36,P,nan,nan,nan,nan
2020-05-18 11:00:00-05:00,4.27,P,4.76,P,3.96,P
2020-05-18 11:05:00-05:00,4.14,P,nan,nan,nan,nan
2020-05-18 11:10:00-05:00,4.11,P,nan,nan,nan,nan
2020-05-18 11:15:00-05:00,4.07,P,4.76,P,3.95,P
2020-05-18 11:20:00-05:00,4.06,P,nan,nan,nan,nan
2020-05-18 11:25:00-05:00,4.15,P,nan,nan,nan,nan
2020-05-18 11:30:00-05:00,4.26,P,4.76,P,3.95,P
2020-05-18 11:35:00-05:00,4.27,P,nan,nan,nan,nan
2020-05-18 11:40:00-05:00,4.27,P,nan,nan,nan,nan
2020-05-18 11:45:00-05:00,4.28,P,4.77,P,3.94,P
2020-05-18 11:50:00-05:00,4.20,P,nan,nan,nan,nan
2020-05-18 11:55:00-05:00,4.13,P,nan,nan,nan,nan
2020-05-18 12:00:00-05:00,4.09,P,4.76,P,3.91,P
2020-05-18 12:05:00-05:00,4.07,P,nan,nan,nan,nan
2020-05-18 12:10:00-05:00,3.99,P,nan,nan,nan,nan
2020-05-18 12:15:00-05:00,3.98,P,4.76,P,3.90,P
2020-05-18 12:20:00-05:00,4.04,P,nan,nan,nan,nan
2020-05-18 12:25:00-05:00,4.00,P,nan,nan,nan,nan
2020-05-18 12:30:00-05:00,3.96,P,4.76,P,3.89,P
2020-05-18 12:35:00-05:00,4.06,P,nan,nan,nan,nan
2020-05-18 12:40:00-05:00,4.13,P,nan,nan,nan,nan
2020-05-18 12:45:00-05:00,4.07,P,4.75,P,3.86,P
2020-05-18 12:50:00-05:00,4.07,P,nan,nan,nan,nan
2020-05-18 12:55:00-05:00,4.17,P,nan,nan,nan,nan
2020-05-18 13:00:00-05:00,4.13,P,4.74,P,3.84,P
2020-05-18 13:05:00-05:00,3.97,P,nan,nan,nan,nan
2020-05-18 13:10:00-05:00,4.07,P,nan,nan,nan,nan
2020-05-18 13:15:00-05:00,4.11,P,4.73,P,3.82,P
2020-05-18 13:20:00-05:00,4.13,P,nan,nan,nan,nan
2020-05-18 13:25:00-05:00,4.20,P,nan,nan,nan,nan
2020-05-18 13:30:00-05:00,4.38,P,4.72,P,3.80,P
2020-05-18 13:35:00-05:00,4.43,P,nan,nan,nan,nan
2020-05-18 13:40:00-05:00,4.41,P,nan,nan,nan,nan
2020-05-18 13:45:00-05:00,4.38,P,4.71,P,3.79,P
2020-05-18 13:50:00-05:00,4.34,P,nan,nan,nan,nan
2020-05-18 13:55:00-05:00,4.12,P,nan,nan,nan,nan
2020-05-18 14:00:00-05:00,4.05,P,4.70,P,3.78,P
2020-05-18 14:05:00-05:00,3.99,P,nan,nan,nan,nan
2020-05-18 14:10:00-05:00,3.91,P,nan,nan,nan,nan
2020-05-18 14:15:00-05:00,3.90,P,4.71,P,3.81,P
2020-05-18 14:20:00-05:00,3.96,P,nan,nan,nan,nan
2020-05-18 14:25:00-05:00,3.94,P,nan,nan,nan,nan
2020-05-18 14:30:00-05:00,3.95,P,4.73,P,3.82,P
2020-05-18 14:35:00-05:00,4.03,P,nan,nan,nan,nan
2020-05-18 14:40:00-05:00,4.04,P,nan,nan,nan,nan
2020-05-18 14:45:00-05:00,3.96,P,4.72,P,3.79,P
2020-05-18 14:50:00-05:00,4.12,P,nan,nan,nan,nan
2020-05-18 14:55:00-05:00,4.07,P,nan,nan,nan,nan
2020-05-18 15:00:00-05:00,4.01,P,4.71,P,3.75,P
2020-05-18 15:05:00-05:00,4.12,P,nan,nan,nan,nan
2020-05-18 15:10:00-05:00,4.19,P,nan,nan,nan,nan
2020-05-18 15:15:00-05:00,4.15,P,4.70,P,3.73,P
2020-05-18 15:20:00-05:00,4.19,P,nan,nan,nan,nan
2020-05-18 15:25:00-05:00,4.29,P,nan,nan,nan,nan
2020-05-18 15:30:00-05:00,4.26,P,4.70,P,3.71,P
2020-05-18 15:35:00-05:00,4.20,P,nan,nan,nan,nan
2020-05-18 15:40:00-05:00,4.23,P,nan,nan,nan,nan
2020-05-18 15:45:00-05:00,4.23,P,4.69,P,3.69,P
2020-05-18 15:50:00-05:00,4.19,P,nan,nan,nan,nan
2020-05-18 15:55:00-05:00,4.20,P,nan,nan,nan,nan
2020-05-18 16:00:00-05:00,4.19,P,4.68,P,3.69,P
2020-05-18 16:05:00-05:00,4.15,P,nan,nan,nan,nan
2020-05-18 16:10:00-05:00,4.20,P,nan,nan,nan,nan
2020-05-18 16:15:00-05:00,4.23,P,4.68,P,3.70,P
2020-05-18 16:20:00-05:00,4.24,P,nan,nan,nan,nan
2020-05-18 16:25:00-05:00,4.27,P,nan,nan,nan,nan
2020-05-18 16:30:00-05:00,4.43,P,4.68,P,3.69,P
2020-05-18 16:35:00-05:00,4.43,P,nan,nan,nan,nan
2020-05-18 16:40:00-05:00,4.32,P,nan,nan,nan,nan
2020-05-18 16:45:00-05:00,4.28,P,4.68,P,3.68,P
2020-05-18 16:50:00-05:00,4.25,P,nan,nan,nan,nan
2020-05-18 16:55:00-05:00,4.13,P,nan,nan,nan,nan
2020-05-18 17:00:00-05:00,4.11,P,4.68,P,3.68,P
2020-05-18 17:05:00-05:00,4.18,P,nan,nan,nan,nan
2020-05-18 17:10:00-05:00,4.11,P,nan,nan,nan,nan
2020-05-18 17:15:00-05:00,4.14,P,4.69,P,3.69,P
2020-05-18 17:20:00-05:00,4.24,P,nan,nan,nan,nan
2020-05-18 17:25:00-05:00,4.22,P,nan,nan,nan,nan
2020-05-18 17:30:00-05:00,4.18,P,4.71,P,3.68,P
2020-05-18 17:35:00-05:00,4.26,P,nan,nan,nan,nan
2020-05-18 17:40:00-05:00,4.15,P,nan,nan,nan,nan
2020-05-18 17:45:00-05:00,4.08,P,4.70,P,3.66,P
2020-05-18 17:50:00-05:00,4.14,P,nan,nan,nan,nan
2020-05-18 17:55:00-05:00,4.10,P,nan,nan,nan,nan
2020-05-18 18:00:00-05:00,4.04,P,4.71,P,3.64,P
2020-05-18 18:05:00-05:00,4.09,P,nan,nan,nan,nan
2020-05-18 18:10:00-05:00,4.11,P,nan,nan,nan,nan
2020-05-18 18:15:00-05:00,4.10,P,4.71,P,3.63,P
2020-05-18 18:20:00-05:00,4.25,P,nan,nan,nan,nan
2020-05-18 18:25:00-05:00,4.33,P,nan,nan,nan,nan
2020-05-18 18:30:00-05:00,4.28,P,4.70,P,3.60,P
2020-05-18 18:35:00-05:00,4.37,P,nan,nan,nan,nan
2020-05-18 18:40:00-05:00,4.41,P,nan,nan,nan,nan
2020-05-18 18:45:00-05:00,4.31,P,4.69,P,3.58,P
2020-05-18 18:50:00-05:00,4.27,P,nan,nan,nan,nan
2020-05-18 18:55:00-05:00,4.30,P,nan,nan,nan,nan
2020-05-18 19:00:00-05:00,4.24,P,4.69,P,3.58,P
2020-05-18 19:05:00-05:00,4.22,P,nan,nan,nan,nan
2020-05-18 19:10:00-05:00,4.34,P,nan,nan,nan,nan
2020-05-18 19:15:00-05:00,4.37,P,4.69,P,3.58,P
2020-05-18 19:20:00-05:00,4.34,P,nan,nan,nan,nan
2020-05-18 19:25:00-05:00,4.35,P,nan,nan,nan,nan
2020-05-18 19:30:00-05:00,4.36,P,4.71,P,3.59,P
2020-05-18 19:35:00-05:00,4.31,P,nan,nan,nan,nan
2020-05-18 19:40:00-05:00,4.31,P,nan,nan,nan,nan
2020-05-18 19:45:00-05:00,4.26,P,4.70,P,3.58,P
2020-05-18 19:50:00-05:00,4.25,P,nan,nan,nan,nan
2020-05-18 19:55:00-05:00,4.27,P,nan,nan,nan,nan
2020-05-18 20:00:00-05:00,4.25,P,4.71,P,3.59,P
2020-05-18 20:05:00-05:00,4.27,P,nan,nan,nan,nan
2020-05-18 20:10:00-05:00,4.23,P,nan,nan,nan,nan
2020-05-18 20:15:00-05:00,4.20,P,4.72,P,3.58,P
2020-05-18 20:20:00-05:00,4.25,P,nan,nan,nan,nan
2020-05-18 20:25:00-05:00,4.21,P,nan,nan,nan,nan
2020-05-18 20:30:00-05:00,4.11,P,4.72,P,3.57,P
2020-05-18 20:35:00-05:00,4.13,P,nan,nan,nan,nan
2020-05-18 20:40:00-05:00,4.09,P,nan,nan,nan,nan
2020-05-18 20:45:00-05:00,3.99,P,4.72,P,3.55,P
2020-05-18 20:50:00-05:00,3.95,P,nan,nan,nan,nan
2020-05-18 20:55:00-05:00,4.02,P,nan,nan,nan,nan
2020-05-18 21:00:00-05:00,4.03,P,4.72,P,3.53,P
2020-05-18 21:05:00-05:00,4.07,P,nan,nan,nan,nan
2020-05-18 21:10:00-05:00,4.20,P,nan,nan,nan,nan
2020-05-18 21:15:00-05:00,4.23,P,4.71,P,3.51,P
2020-05-18 21:20:00-05:00,4.23,P,nan,nan,nan,nan
2020-05-18 21:25:00-05:00,4.27,P,nan,nan,nan,nan
2020-05-18 21:30:00-05:00,4.27,P,4.71,P,3.48,P
2020-05-18 21:35:00-05:00,4.22,P,nan,nan,nan,nan
2020-05-18 21:40:00-05:00,4.24,P,nan,nan,nan,nan
2020-05-18 21:45:00-05:00,4.27,P,4.69,P,3.46,P
2020-05-18 21:50:00-05:00,4.32,P,nan,nan,nan,nan
2020-05-18 21:55:00-05:00,4.34,P,nan,nan,nan,nan
2020-05-18 22:00:00-05:00,4.27,P,4.69,P,3.45,P
2020-05-18 22:05:00-05:00,4.24,P,nan,nan,nan,nan
2020-05-18 22:10:00-05:00,4.32,P,nan,nan,nan,nan
2020-05-18 22:15:00-05:00,4.29,P,4.69,P,3.45,P
2020-05-18 22:20:00-05:00,4.26,P,nan,nan,nan,nan
2020-05-18 22:25:00-05:00,4.34,P,nan,nan,nan,nan
2020-05-18 22:30:00-05:00,4.31,P,4.68,P,3.46,P
2020-05-18 22:35:00-05:00,4.26,P,nan,nan,nan,nan
2020-05-18 22:40:00-05:00,4.32,P,nan,nan,nan,nan
2020-05-18 22:45:00-05:00,4.21,P,4.70,P,3.46,P
2020-05-18 22:50:00-05:00,4.13,P,nan,nan,nan,nan
2020-05-18 22:55:00-05:00,4.16,P,nan,nan,nan,nan
2020-05-18 23:00:00-05:00,4.23,P,4.70,P,3.46,P
2020-05-18 23:05:00-05:00,4.18,P,nan,nan,nan,nan
2020-05-18 23:10:00-05:00,4.23,P,nan,nan,nan,nan
2020-05-18 23:15:00-05:00,4.34,P,4.71,P,3.45,P
2020-05-18 23:20:00-05:00,4.38,P,nan,nan,nan,nan
2020-05-18 23:25:00-05:00,4.37,P,nan,nan,nan,nan
2020-05-18 23:30:00-05:00,4.45,P,4.71,P,3.44,P
2020-05-18 23:35:00-05:00,4.44,P,nan,nan,nan,nan
2020-05-18 23:40:00-05:00,4.39,P,nan,nan,nan,nan
2020-05-18 23:45:00-05:00,4.31,P,4.71,P,3.42,P
2020-05-18 23:50:00-05:00,4.31,P,nan,nan,nan,nan
2020-05-18 23:55:00-05:00,4.21,P,nan,nan,nan,nan
2020-05-19 00:00:00-05:00,4.19,P,4.71,P,3.42,P
2020-05-19 00:05:00-05:00,4.27,P,nan,nan,nan,nan
2020-05-19 00:10:00-05:00,4.29,P,nan,nan,nan,nan
2020-05-19 00:15:00-05:00,4.29,P,4.73,P,3.43,P
2020-05-19 00:20:00-05:00,4.36,P,nan,nan,nan,nan
2020-05-19 00:25:00-05:00,4.31,P,nan,nan,nan,nan
2020-05-19 00:30:00-05:00,4.27,P,4.74,P,3.43,P
2020-05-19 00:35:00-05:00,4.30,P,nan,nan,nan,nan
2020-05-19 00:40:00-05:00,4.25,P,nan,nan,nan,nan
2020-05-19 00:45:00-05:00,4.18,P,4.73,P,3.41,P
2020-05-19 00:50:00-05:00,4.31,P,nan,nan,nan,nan
2020-05-19 00:55:00-05:00,4.39,P,nan,nan,nan,nan
2020-05-19 01:00:00-05:00,4.32,P,4.73,P,3.41,P
2020-05-19 01:05:00-05:00,4.35,P,nan,nan,nan,nan
2020-05-19 01:10:00-05:00,4.46,P,nan,nan,nan,nan
2020-05-19 01:15:00-05:00,4.42,P,4.74,P,3.40,P
2020-05-19 01:20:00-05:00,4.32,P,nan,nan,nan,nan
2020-05-19 01:25:00-05:00,4.35,P,nan,nan,nan,nan
2020-05-19 01:30:00-05:00,4.24,P,4.73,P,3.38,P
2020-05-19 01:35:00-05:00,4.19,P,nan,nan,nan,nan
2020-05-19 01:40:00-05:00,4.22,P,nan,nan,nan,nan
2020-05-19 01:45:00-05:00,4.22,P,4.73,P,3.38,P
2020-05-19 01:50:00-05:00,4.21,P,nan,nan,nan,nan
2020-05-19 01:55:00-05:00,4.26,P,nan,nan,nan,nan
2020-05-19 02:00:00-05:00,4.32,P,4.74,P,3.38,P
2020-05-19 02:05:00-05:00,4.36,P,nan,nan,nan,nan
2020-05-19 02:10:00-05:00,4.42,P,nan,nan,nan,nan
2020-05-19 02:15:00-05:00,4.42,P,4.75,P,3.36,P
2020-05-19 02:20:00-05:00,4.39,P,nan,nan,nan,nan
2020-05-19 02:25:00-05:00,4.42,P,nan,nan,nan,nan
2020-05-19 02:30:00-05:00,4.42,P,4.74,P,3.35,P
2020-05-19 02:35:00-05:00,4.34,P,nan,nan,nan,nan
2020-05-19 02:40:00-05:00,4.27,P,nan,nan,nan,nan
2020-05-19 02:45:00-05:00,4.27,P,4.75,P,3.35,P
2020-05-19 02:50:00-05:00,4.27,P,nan,nan,nan,nan
2020-05-19 02:55:00-05:00,4.31,P,nan,nan,nan,nan
2020-05-19 03:00:00-05:00,4.34,P,4.76,P,3.36,P
2020-05-19 03:05:00-05:00,4.30,P,nan,nan,nan,nan
2020-05-19 03:10:00-05:00,4.33,P,nan,nan,nan,nan
2020-05-19 03:15:00-05:00,4.30,P,4.77,P,3.36,P
2020-05-19 03:20:00-05:00,4.22,P,nan,nan,nan,nan
2020-05-19 03:25:00-05:00,4.15,P,nan,nan,nan,nan
2020-05-19 03:30:00-05:00,4.10,P,4.77,P,3.35,P
2020-05-19 03:35:00-05:00,4.07,P,nan,nan,nan,nan
2020-05-19 03:40:00-05:00,4.03,P,nan,nan,nan,nan
2020-05-19 03:45:00-05:00,4.00,P,4.76,P,3.34,P
2020-05-19 03:50:00-05:00,4.02,P,nan,nan,nan,nan
2020-05-19 03:55:00-05:00,4.02,P,nan,nan,nan,nan
2020-05-19 04:00:00-05:00,4.06,P,4.78,P,3.33,P
2020-05-19 04:05:00-05:00,4.15,P,nan,nan,nan,nan
2020-05-19 04:10:00-05:00,4.25,P,nan,nan,nan,nan
2020-05-19 04:15:00-05:00,4.31,P,4.76,P,3.31,P
2020-05-19 04:20:00-05:00,4.34,P,nan,nan,nan,nan
2020-05-19 04:25:00-05:00,4.31,P,nan,nan,nan,nan
2020-05-19 04:30:00-05:00,4.30,P,4.74,P,3.27,P
2020-05-19 04:35:00-05:00,4.24,P,nan,nan,nan,nan
2020-05-19 04:40:00-05:00,4.18,P,nan,nan,nan,nan
2020-05-19 04:45:00-05:00,4.18,P,4.73,P,3.25,P
2020-05-19 04:50:00-05:00,4.20,P,nan,nan,nan,nan
2020-05-19 04:55:00-05:00,4.21,P,nan,nan,nan,nan
2020-05-19 05:00:00-05:00,4.23,P,4.72,P,3.25,P
2020-05-19 05:05:00-05:00,4.30,P,nan,nan,nan,nan
2020-05-19 05:10:00-05:00,4.23,P,nan,nan,nan,nan
2020-05-19 05:15:00-05:00,4.16,P,4.73,P,3.25,P
2020-05-19 05:20:00-05:00,4.15,P,nan,nan,nan,nan
2020-05-19 05:25:00-05:00,4.13,P,nan,nan,nan,nan
2020-05-19 05:30:00-05:00,4.08,P,4.72,P,3.23,P
2020-05-19 05:35:00-05:00,4.13,P,nan,nan,nan,nan
2020-05-19 05:40:00-05:00,4.19,P,nan,nan,nan,nan
2020-05-19 05:45:00-05:00,4.18,P,4.71,P,3.23,P
2020-05-19 05:50:00-05:00,4.17,P,nan,nan,nan,nan
2020-05-19 05:55:00-05:00,4.21,P,nan,nan,nan,nan
2020-05-19 06:00:00-05:00,4.19,P,4.71,P,3.22,P
2020-05-19 06:05:00-05:00,4.17,P,nan,nan,nan,nan
2020-05-19 06:10:00-05:00,4.23,P,nan,nan,nan,nan
2020-05-19 06:15:00-05:00,4.27,P,4.70,P,3.19,P
2020-05-19 06:20:00-05:00,4.27,P,nan,nan,nan,nan
2020-05-19 06:25:00-05:00,4.31,P,nan,nan,nan,nan
2020-05-19 06:30:00-05:00,4.35,P,4.69,P,3.18,P
2020-05-19 06:35:00-05:00,4.24,P,nan,nan,nan,nan
2020-05-19 06:40:00-05:00,4.18,P,nan,nan,nan,nan
2020-05-19 06:45:00-05:00,4.17,P,4.69,P,3.17,P
2020-05-19 06:50:00-05:00,4.07,P,nan,nan,nan,nan
2020-05-19 06:55:00-05:00,3.99,P,nan,nan,nan,nan
2020-05-19 07:00:00-05:00,4.04,P,4.68,P,3.17,P
2020-05-19 07:05:00-05:00,4.08,P,nan,nan,nan,nan
2020-05-19 07:10:00-05:00,4.07,P,nan,nan,nan,nan
2020-05-19 07:15:00-05:00,4.15,P,4.68,P,3.17,P
2020-05-19 07:20:00-05:00,4.24,P,nan,nan,nan,nan
2020-05-19 07:25:00-05:00,4.26,P,nan,nan,nan,nan
2020-05-19 07:30:00-05:00,4.27,P,4.68,P,3.15,P
2020-05-19 07:35:00-05:00,4.32,P,nan,nan,nan,nan
2020-05-19 07:40:00-05:00,4.27,P,nan,nan,nan,nan
2020-05-19 07:45:00-05:00,4.21,P,4.66,P,3.12,P
2020-05-19 07:50:00-05:00,4.23,P,nan,nan,nan,nan
2020-05-19 07:55:00-05:00,4.26,P,nan,nan,nan,nan
2020-05-19 08:00:00-05:00,4.20,P,4.66,P,3.11,P
2020-05-19 08:05:00-05:00,4.19,P,nan,nan,nan,nan
2020-05-19 08:10:00-05:00,4.27,P,nan,nan,nan,nan
2020-05-19 08:15:00-05:00,4.23,P,4.66,P,3.11,P
2020-05-19 08:20:00-05:00,4.13,P,nan,nan,nan,nan
2020-05-19 08:25:00-05:00,4.13,P,nan,nan,nan,nan
2020-05-19 08:30:00-05:00,4.09,P,4.66,P,3.11,P
2020-05-19 08:35:00-05:00,4.04,P,nan,nan,nan,nan
2020-05-19 08:40:00-05:00,4.03,P,nan,nan,nan,nan
2020-05-19 08:45:00-05:00,4.04,P,4.65,P,3.11,P
2020-05-19 08:50:00-05:00,4.07,P,nan,nan,nan,nan
2020-05-19 08:55:00-05:00,4.09,P,nan,nan,nan,nan
2020-05-19 09:00:00-05:00,4.19,P,4.66,P,3.10,P
2020-05-19 09:05:00-05:00,4.26,P,nan,nan,nan,nan
2020-05-19 09:10:00-05:00,4.30,P,nan,nan,nan,nan
2020-05-19 09:15:00-05:00,4.32,P,4.65,P,3.08,P
2020-05-19 09:20:00-05:00,4.35,P,nan,nan,nan,nan
2020-05-19 09:25:00-05:00,4.35,P,nan,nan,nan,nan
2020-05-19 09:30:00-05:00,4.27,P,4.64,P,3.05,P
2020-05-19 09:35:00-05:00,4.20,P,nan,nan,nan,nan
2020-05-19 09:40:00-05:00,4.23,P,nan,nan,nan,nan
2020-05-19 09:45:00-05:00,4.23,P,4.63,P,3.05,P
2020-05-19 09:50:00-05:00,4.21,P,nan,nan,nan,nan
2020-05-19 09:55:00-05:00,4.24,P,nan,nan,nan,nan
2020-05-19 10:00:00-05:00,4.32,P,4.64,P,3.06,P
2020-05-19 10:05:00-05:00,4.30,P,nan,nan,nan,nan
2020-05-19 10:10:00-05:00,4.31,P,nan,nan,nan,nan
2020-05-19 10:15:00-05:00,4.35,P,4.66,P,3.07,P
2020-05-19 10:20:00-05:00,4.36,P,nan,nan,nan,nan
2020-05-19 10:25:00-05:00,4.40,P,nan,nan,nan,nan
2020-05-19 10:30:00-05:00,4.43,P,4.64,P,3.07,P
2020-05-19 10:35:00-05:00,4.41,P,nan,nan,nan,nan
2020-05-19 10:40:00-05:00,4.43,P,nan,nan,nan,nan
2020-05-19 10:45:00-05:00,4.41,P,4.66,P,3.07,P
2020-05-19 10:50:00-05:00,4.33,P,nan,nan,nan,nan
2020-05-19 10:55:00-05:00,4.35,P,nan,nan,nan,nan
2020-05-19 11:00:00-05:00,4.42,P,4.66,P,3.08,P
2020-05-19 11:05:00-05:00,4.44,P,nan,nan,nan,nan
2020-05-19 11:10:00-05:00,4.44,P,nan,nan,nan,nan
2020-05-19 11:15:00-05:00,4.44,P,4.68,P,3.10,P
2020-05-19 11:20:00-05:00,4.46,P,nan,nan,nan,nan
2020-05-19 11:25:00-05:00,4.42,P,nan,nan,nan,nan
2020-05-19 11:30:00-05:00,4.32,P,4.70,P,3.11,P
2020-05-19 11:35:00-05:00,4.28,P,nan,nan,nan,nan
2020-05-19 11:40:00-05:00,4.26,P,nan,nan,nan,nan
2020-05-19 11:45:00-05:00,4.19,P,4.71,P,3.12,P
2020-05-19 11:50:00-05:00,4.22,P,nan,nan,nan,nan
2020-05-19 11:55:00-05:00,4.20,P,nan,nan,nan,nan
2020-05-19 12:00:00-05:00,4.27,P,4.73,P,3.14,P
2020-05-19 12:05:00-05:00,4.30,P,nan,nan,nan,nan
2020-05-19 12:10:00-05:00,4.36,P,nan,nan,nan,nan
2020-05-19 12:15:00-05:00,4.33,P,4.74,P,3.13,P
2020-05-19 12:20:00-05:00,4.37,P,nan,nan,nan,nan
2020-05-19 12:25:00-05:00,4.39,P,nan,nan,nan,nan
2020-05-19 12:30:00-05:00,4.39,P,4.74,P,3.11,P
2020-05-19 12:35:00-05:00,4.30,P,nan,nan,nan,nan
2020-05-19 12:40:00-05:00,4.28,P,nan,nan,nan,nan
2020-05-19 12:45:00-05:00,4.30,P,4.72,P,3.10,P
2020-05-19 12:50:00-05:00,4.28,P,nan,nan,nan,nan
2020-05-19 12:55:00-05:00,4.26,P,nan,nan,nan,nan
2020-05-19 13:00:00-05:00,4.26,P,4.73,P,3.10,P
2020-05-19 13:05:00-05:00,4.25,P,nan,nan,nan,nan
2020-05-19 13:10:00-05:00,4.21,P,nan,nan,nan,nan
2020-05-19 13:15:00-05:00,4.18,P,4.73,P,3.10,P
2020-05-19 13:20:00-05:00,4.13,P,nan,nan,nan,nan
2020-05-19 13:25:00-05:00,4.14,P,nan,nan,nan,nan
2020-05-19 13:30:00-05:00,4.10,P,4.72,P,3.09,P
2020-05-19 13:35:00-05:00,4.12,P,nan,nan,nan,nan
2020-05-19 13:40:00-05:00,4.18,P,nan,nan,nan,nan
2020-05-19 13:45:00-05:00,4.19,P,4.72,P,3.08,P
2020-05-19 13:50:00-05:00,4.23,P,nan,nan,nan,nan
2020-05-19 13:55:00-05:00,4.29,P,nan,nan,nan,nan
2020-05-19 14:00:00-05:00,4.33,P,4.70,P,3.05,P
2020-05-19 14:05:00-05:00,4.31,P,nan,nan,nan,nan
2020-05-19 14:10:00-05:00,4.35,P,nan,nan,nan,nan
2020-05-19 14:15:00-05:00,4.35,P,4.71,P,3.03,P
2020-05-19 14:20:00-05:00,4.32,P,nan,nan,nan,nan
2020-05-19 14:25:00-05:00,4.34,P,nan,nan,nan,nan
2020-05-19 14:30:00-05:00,4.37,P,4.70,P,3.01,P
2020-05-19 14:35:00-05:00,4.31,P,nan,nan,nan,nan
2020-05-19 14:40:00-05:00,4.28,P,nan,nan,nan,nan
2020-05-19 14:45:00-05:00,4.34,P,4.69,P,3.01,P
2020-05-19 14:50:00-05:00,4.31,P,nan,nan,nan,nan
2020-05-19 14:55:00-05:00,4.23,P,nan,nan,nan,nan
2020-05-19 15:00:00-05:00,4.23,P,4.69,P,3.02,P
2020-05-19 15:05:00-05:00,4.29,P,nan,nan,nan,nan
2020-05-19 15:10:00-05:00,4.27,P,nan,nan,nan,nan
2020-05-19 15:15:00-05:00,4.22,P,4.69,P,3.03,P
2020-05-19 15:20:00-05:00,4.23,P,nan,nan,nan,nan
2020-05-19 15:25:00-05:00,4.29,P,nan,nan,nan,nan
2020-05-19 15:30:00-05:00,4.19,P,4.70,P,3.03,P
2020-05-19 15:35:00-05:00,4.15,P,nan,nan,nan,nan
2020-05-19 15:40:00-05:00,4.19,P,nan,nan,nan,nan
2020-05-19 15:45:00-05:00,4.15,P,4.71,P,3.02,P
2020-05-19 15:50:00-05:00,4.14,P,nan,nan,nan,nan
2020-05-19 15:55:00-05:00,4.20,P,nan,nan,nan,nan
2020-05-19 16:00:00-05:00,4.21,P,4.70,P,3.02,P
2020-05-19 16:05:00-05:00,4.23,P,nan,nan,nan,nan
2020-05-19 16:10:00-05:00,4.34,P,nan,nan,nan,nan
2020-05-19 16:15:00-05:00,4.39,P,4.69,P,3.01,P
2020-05-19 16:20:00-05:00,4.33,P,nan,nan,nan,nan
2020-05-19 16:25:00-05:00,4.36,P,nan,nan,nan,nan
2020-05-19 16:30:00-05:00,4.37,P,4.68,P,2.99,P
2020-05-19 16:35:00-05:00,4.28,P,nan,nan,nan,nan
2020-05-19 16:40:00-05:00,4.20,P,nan,nan,nan,nan
2020-05-19 16:45:00-05:00,4.18,P,4.67,P,2.98,P
2020-05-19 16:50:00-05:00,4.12,P,nan,nan,nan,nan
2020-05-19 16:55:00-05:00,4.15,P,nan,nan,nan,nan
2020-05-19 17:00:00-05:00,4.20,P,4.68,P,2.98,P
2020-05-19 17:05:00-05:00,4.23,P,nan,nan,nan,nan
2020-05-19 17:10:00-05:00,4.27,P,nan,nan,nan,nan
2020-05-19 17:15:00-05:00,4.33,P,4.69,P,2.99,P
2020-05-19 17:20:00-05:00,4.32,P,nan,nan,nan,nan
2020-05-19 17:25:00-05:00,4.27,P,nan,nan,nan,nan
2020-05-19 17:30:00-05:00,4.25,P,4.68,P,2.98,P
2020-05-19 17:35:00-05:00,4.21,P,nan,nan,nan,nan
2020-05-19 17:40:00-05:00,4.13,P,nan,nan,nan,nan
2020-05-19 17:45:00-05:00,4.13,P,4.67,P,2.97,P
2020-05-19 17:50:00-05:00,4.16,P,nan,nan,nan,nan
2020-05-19 17:55:00-05:00,4.17,P,nan,nan,nan,nan
2020-05-19 18:00:00-05:00,4.18,P,4.68,P,2.97,P
2020-05-19 18:05:00-05:00,4.21,P,nan,nan,nan,nan
2020-05-19 18:10:00-05:00,4.18,P,nan,nan,nan,nan
2020-05-19 18:15:00-05:00,4.12,P,4.67,P,2.96,P
2020-05-19 18:20:00-05:00,4.09,P,nan,nan,nan,nan
2020-05-19 18:25:00-05:00,4.04,P,nan,nan,nan,nan
2020-05-19 18:30:00-05:00,3.96,P,4.67,P,2.94,P
2020-05-19 18:35:00-05:00,3.91,P,nan,nan,nan,nan
2020-05-19 18:40:00-05:00,3.93,P,nan,nan,nan,nan
2020-05-19 18:45:00-05:00,3.93,P,4.67,P,2.93,P
2020-05-19 18:50:00-05:00,3.94,P,nan,nan,nan,nan
2020-05-19 18:55:00-05:00,3.97,P,nan,nan,nan,nan
2020-05-19 19:00:00-05:00,4.02,P,4.66,P,2.91,P
2020-05-19 19:05:00-05:00,4.03,P,nan,nan,nan,nan
2020-05-19 19:10:00-05:00,4.04,P,nan,nan,nan,nan
2020-05-19 19:15:00-05:00,4.07,P,4.64,P,2.89,P
2020-05-19 19:20:00-05:00,4.04,P,nan,nan,nan,nan
2020-05-19 19:25:00-05:00,4.01,P,nan,nan,nan,nan
2020-05-19 19:30:00-05:00,4.00,P,4.62,P,2.85,P
2020-05-19 19:35:00-05:00,3.96,P,nan,nan,nan,nan
2020-05-19 19:40:00-05:00,3.95,P,nan,nan,nan,nan
2020-05-19 19:45:00-05:00,3.99,P,4.61,P,2.84,P
2020-05-19 19:50:00-05:00,4.03,P,nan,nan,nan,nan
2020-05-19 19:55:00-05:00,4.08,P,nan,nan,nan,nan
2020-05-19 20:00:00-05:00,4.09,P,4.60,P,2.83,P
2020-05-19 20:05:00-05:00,4.07,P,nan,nan,nan,nan
2020-05-19 20:10:00-05:00,4.07,P,nan,nan,nan,nan
2020-05-19 20:15:00-05:00,4.07,P,4.59,P,2.81,P
2020-05-19 20:20:00-05:00,4.06,P,nan,nan,nan,nan
2020-05-19 20:25:00-05:00,4.08,P,nan,nan,nan,nan
2020-05-19 20:30:00-05:00,4.16,P,4.58,P,2.79,P
2020-05-19 20:35:00-05:00,4.20,P,nan,nan,nan,nan
2020-05-19 20:40:00-05:00,4.25,P,nan,nan,nan,nan
2020-05-19 20:45:00-05:00,4.31,P,4.57,P,2.79,P
2020-05-19 20:50:00-05:00,4.31,P,nan,nan,nan,nan
2020-05-19 20:55:00-05:00,4.23,P,nan,nan,nan,nan
2020-05-19 21:00:00-05:00,4.19,P,4.56,P,2.78,P
2020-05-19 21:05:00-05:00,4.19,P,nan,nan,nan,nan
2020-05-19 21:10:00-05:00,4.20,P,nan,nan,nan,nan
2020-05-19 21:15:00-05:00,4.14,P,4.56,P,2.79,P
2020-05-19 21:20:00-05:00,4.15,P,nan,nan,nan,nan
2020-05-19 21:25:00-05:00,4.15,P,nan,nan,nan,nan
2020-05-19 21:30:00-05:00,4.10,P,4.58,P,2.81,P
2020-05-19 21:35:00-05:00,4.06,P,nan,nan,nan,nan
2020-05-19 21:40:00-05:00,4.02,P,nan,nan,nan,nan
2020-05-19 21:45:00-05:00,4.00,P,4.59,P,2.83,P
2020-05-19 21:50:00-05:00,4.02,P,nan,nan,nan,nan
2020-05-19 21:55:00-05:00,4.04,P,nan,nan,nan,nan
2020-05-19 22:00:00-05:00,4.15,P,4.59,P,2.83,P
2020-05-19 22:05:00-05:00,4.22,P,nan,nan,nan,nan
2020-05-19 22:10:00-05:00,4.27,P,nan,nan,nan,nan
2020-05-19 22:15:00-05:00,4.30,P,4.58,P,2.82,P
2020-05-19 22:20:00-05:00,4.30,P,nan,nan,nan,nan
2020-05-19 22:25:00-05:00,4.31,P,nan,nan,nan,nan
2020-05-19 22:30:00-05:00,4.30,P,4.58,P,2.79,P
2020-05-19 22:35:00-05:00,4.27,P,nan,nan,nan,nan
2020-05-19 22:40:00-05:00,4.19,P,nan,nan,nan,nan
2020-05-19 22:45:00-05:00,4.18,P,4.57,P,2.79,P
2020-05-19 22:50:00-05:00,4.17,P,nan,nan,nan,nan
2020-05-19 22:55:00-05:00,4.09,P,nan,nan,nan,nan
2020-05-19 23:00:00-05:00,4.04,P,4.59,P,2.80,P
2020-05-19 23:05:00-05:00,4.03,P,nan,nan,nan,nan
2020-05-19 23:10:00-05:00,4.03,P,nan,nan,nan,nan
2020-05-19 23:15:00-05:00,4.03,P,4.60,P,2.81,P
2020-05-19 23:20:00-05:00,4.07,P,nan,nan,nan,nan
2020-05-19 23:25:00-05:00,4.12,P,nan,nan,nan,nan
2020-05-19 23:30:00-05:00,4.14,P,4.60,P,2.82,P
2020-05-19 23:35:00-05:00,4.12,P,nan,nan,nan,nan
2020-05-19 23:40:00-05:00,4.13,P,nan,nan,nan,nan
2020-05-19 23:45:00-05:00,4.14,P,4.59,P,2.80,P
2020-05-19 23:50:00-05:00,4.10,P,nan,nan,nan,nan
2020-05-19 23:55:00-05:00,4.06,P,nan,nan,nan,nan
2020-05-20 00:00:00-05:00,4.08,P,4.59,P,2.79,P
2020-05-20 00:05:00-05:00,4.12,P,nan,nan,nan,nan
2020-05-20 00:10:00-05:00,4.12,P,nan,nan,nan,nan
2020-05-20 00:15:00-05:00,4.16,P,4.60,P,2.78,P
2020-05-20 00:20:00-05:00,4.20,P,nan,nan,nan,nan
2020-05-20 00:25:00-05:00,4.21,P,nan,nan,nan,nan
2020-05-20 00:30:00-05:00,4.23,P,4.58,P,2.77,P
2020-05-20 00:35:00-05:00,4.24,P,nan,nan,nan,nan
2020-05-20 00:40:00-05:00,4.21,P,nan,nan,nan,nan
2020-05-20 00:45:00-05:00,4.19,P,4.59,P,2.76,P
2020-05-20 00:50:00-05:00,4.23,P,nan,nan,nan,nan
2020-05-20 00:55:00-05:00,4.24,P,nan,nan,nan,nan
2020-05-20 01:00:00-05:00,4.24,P,4.59,P,2.77,P
2020-05-20 01:05:00-05:00,4.25,P,nan,nan,nan,nan
2020-05-20 01:10:00-05:00,4.24,P,nan,nan,nan,nan
2020-05-20 01:15:00-05:00,4.23,P,4.59,P,2.77,P
2020-05-20 01:20:00-05:00,4.18,P,nan,nan,nan,nan
2020-05-20 01:25:00-05:00,4.14,P,nan,nan,nan,nan
2020-05-20 01:30:00-05:00,4.12,P,4.60,P,2.78,P
2020-05-20 01:35:00-05:00,4.11,P,nan,nan,nan,nan
2020-05-20 01:40:00-05:00,4.11,P,nan,nan,nan,nan
2020-05-20 01:45:00-05:00,4.13,P,4.60,P,2.79,P
2020-05-20 01:50:00-05:00,4.19,P,nan,nan,nan,nan
2020-05-20 01:55:00-05:00,4.24,P,nan,nan,nan,nan
2020-05-20 02:00:00-05:00,4.23,P,4.61,P,2.80,P
2020-05-20 02:05:00-05:00,4.31,P,nan,nan,nan,nan
2020-05-20 02:10:00-05:00,4.34,P,nan,nan,nan,nan
2020-05-20 02:15:00-05:00,4.29,P,4.60,P,2.79,P
2020-05-20 02:20:00-05:00,4.26,P,nan,nan,nan,nan
2020-05-20 02:25:00-05:00,4.23,P,nan,nan,nan,nan
2020-05-20 02:30:00-05:00,4.13,P,4.59,P,2.78,P
2020-05-20 02:35:00-05:00,4.06,P,nan,nan,nan,nan
2020-05-20 02:40:00-05:00,4.08,P,nan,nan,nan,nan
2020-05-20 02:45:00-05:00,4.07,P,4.60,P,2.79,P
2020-05-20 02:50:00-05:00,4.01,P,nan,nan,nan,nan
2020-05-20 02:55:00-05:00,4.03,P,nan,nan,nan,nan
2020-05-20 03:00:00-05:00,4.06,P,4.61,P,2.80,P
2020-05-20 03:05:00-05:00,3.99,P,nan,nan,nan,nan
2020-05-20 03:10:00-05:00,3.99,P,nan,nan,nan,nan
2020-05-20 03:15:00-05:00,4.07,P,4.61,P,2.79,P
2020-05-20 03:20:00-05:00,4.07,P,nan,nan,nan,nan
2020-05-20 03:25:00-05:00,4.08,P,nan,nan,nan,nan
2020-05-20 03:30:00-05:00,4.13,P,4.60,P,2.78,P
2020-05-20 03:35:00-05:00,4.14,P,nan,nan,nan,nan
2020-05-20 03:40:00-05:00,4.07,P,nan,nan,nan,nan
2020-05-20 03:45:00-05:00,4.06,P,4.59,P,2.76,P
2020-05-20 03:50:00-05:00,4.04,P,nan,nan,nan,nan
2020-05-20 03:55:00-05:00,3.95,P,nan,nan,nan,nan
2020-05-20 04:00:00-05:00,3.95,P,4.58,P,2.74,P
2020-05-20 04:05:00-05:00,3.97,P,nan,nan,nan,nan
2020-05-20 04:10:00-05:00,3.96,P,nan,nan,nan,nan
2020-05-20 04:15:00-05:00,3.95,P,4.57,P,2.73,P
2020-05-20 04:20:00-05:00,3.94,P,nan,nan,nan,nan
2020-05-20 04:25:00-05:00,3.94,P,nan,nan,nan,nan
2020-05-20 04:30:00-05:00,3.88,P,4.57,P,2.72,P
2020-05-20 04:35:00-05:00,3.90,P,nan,nan,nan,nan
2020-05-20 04:40:00-05:00,3.91,P,nan,nan,nan,nan
2020-05-20 04:45:00-05:00,3.86,P,4.56,P,2.71,P
2020-05-20 04:50:00-05:00,3.87,P,nan,nan,nan,nan
2020-05-20 04:55:00-05:00,3.95,P,nan,nan,nan,nan
2020-05-20 05:00:00-05:00,3.99,P,4.54,P,2.69,P
2020-05-20 05:05:00-05:00,3.95,P,nan,nan,nan,nan
2020-05-20 05:10:00-05:00,3.92,P,nan,nan,nan,nan
2020-05-20 05:15:00-05:00,3.91,P,4.53,P,2.67,P
2020-05-20 05:20:00-05:00,3.87,P,nan,nan,nan,nan
2020-05-20 05:25:00-05:00,3.79,P,nan,nan,nan,nan
2020-05-20 05:30:00-05:00,3.78,P,4.51,P,2.64,P
2020-05-20 05:35:00-05:00,3.77,P,nan,nan,nan,nan
2020-05-20 05:40:00-05:00,3.72,P,nan,nan,nan,nan
2020-05-20 05:45:00-05:00,3.77,P,4.50,P,2.63,P
2020-05-20 05:50:00-05:00,3.82,P,nan,nan,nan,nan
2020-05-20 05:55:00-05:00,3.83,P,nan,nan,nan,nan
2020-05-20 06:00:00-05:00,3.91,P,4.49,P,2.62,P
2020-05-20 06:05:00-05:00,3.93,P,nan,nan,nan,nan
2020-05-20 06:10:00-05:00,3.89,P,nan,nan,nan,nan
2020-05-20 06:15:00-05:00,3.91,P,4.48,P,2.59,P
2020-05-20 06:20:00-05:00,3.93,P,nan,nan,nan,nan
2020-05-20 06:25:00-05:00,3.88,P,nan,nan,nan,nan
2020-05-20 06:30:00-05:00,3.87,P,4.46,P,2.57,P
2020-05-20 06:35:00-05:00,3.91,P,nan,nan,nan,nan
2020-05-20 06:40:00-05:00,3.95,P,nan,nan,nan,nan
2020-05-20 06:45:00-05:00,4.02,P,4.45,P,2.56,P
2020-05-20 06:50:00-05:00,4.05,P,nan,nan,nan,nan
2020-05-20 06:55:00-05:00,4.02,P,nan,nan,nan,nan
2020-05-20 07:00:00-05:00,4.02,P,4.45,P,2.56,P
2020-05-20 07:05:00-05:00,3.96,P,nan,nan,nan,nan
2020-05-20 07:10:00-05:00,3.86,P,nan,nan,nan,nan
2020-05-20 07:15:00-05:00,3.80,P,4.43,P,2.55,P
2020-05-20 07:20:00-05:00,3.83,P,nan,nan,nan,nan
2020-05-20 07:25:00-05:00,3.84,P,nan,nan,nan,nan
2020-05-20 07:30:00-05:00,3.85,P,4.42,P,2.56,P
2020-05-20 07:35:00-05:00,3.90,P,nan,nan,nan,nan
2020-05-20 07:40:00-05:00,3.95,P,nan,nan,nan,nan
2020-05-20 07:45:00-05:00,3.96,P,4.43,P,2.57,P
2020-05-20 07:50:00-05:00,3.94,P,nan,nan,nan,nan
2020-05-20 07:55:00-05:00,3.91,P,nan,nan,nan,nan
2020-05-20 08:00:00-05:00,3.89,P,4.43,P,2.56,P
2020-05-20 08:05:00-05:00,3.87,P,nan,nan,nan,nan
2020-05-20 08:10:00-05:00,3.88,P,nan,nan,nan,nan
2020-05-20 08:15:00-05:00,3.91,P,4.41,P,2.54,P
2020-05-20 08:20:00-05:00,3.93,P,nan,nan,nan,nan
2020-05-20 08:25:00-05:00,4.02,P,nan,nan,nan,nan
2020-05-20 08:30:00-05:00,4.15,P,4.41,P,2.55,P
2020-05-20 08:35:00-05:00,4.20,P,nan,nan,nan,nan
2020-05-20 08:40:00-05:00,4.19,P,nan,nan,nan,nan
2020-05-20 08:45:00-05:00,4.19,P,4.41,P,2.54,P
2020-05-20 08:50:00-05:00,4.15,P,nan,nan,nan,nan
2020-05-20 08:55:00-05:00,4.03,P,nan,nan,nan,nan
2020-05-20 09:00:00-05:00,3.92,P,4.40,P,2.54,P
2020-05-20 09:05:00-05:00,3.87,P,nan,nan,nan,nan
2020-05-20 09:10:00-05:00,3.80,P,nan,nan,nan,nan
2020-05-20 09:15:00-05:00,3.78,P,4.41,P,2.56,P
2020-05-20 09:20:00-05:00,3.86,P,nan,nan,nan,nan
2020-05-20 09:25:00-05:00,3.91,P,nan,nan,nan,nan
2020-05-20 09:30:00-05:00,3.97,P,4.46,P,2.59,P
2020-05-20 09:35:00-05:00,4.03,P,nan,nan,nan,nan
2020-05-20 09:40:00-05:00,4.03,P,nan,nan,nan,nan
2020-05-20 09:45:00-05:00,3.96,P,4.45,P,2.59,P
2020-05-20 09:50:00-05:00,3.99,P,nan,nan,nan,nan
2020-05-20 09:55:00-05:00,4.00,P,nan,nan,nan,nan
2020-05-20 10:00:00-05:00,3.87,P,4.44,P,2.58,P
2020-05-20 10:05:00-05:00,3.83,P,nan,nan,nan,nan
2020-05-20 10:10:00-05:00,3.99,P,nan,nan,nan,nan
2020-05-20 10:15:00-05:00,3.96,P,4.43,P,2.57,P
2020-05-20 10:20:00-05:00,3.91,P,nan,nan,nan,nan
2020-05-20 10:25:00-05:00,4.05,P,nan,nan,nan,nan
2020-05-20 10:30:00-05:00,4.07,P,4.44,P,2.58,P
2020-05-20 10:35:00-05:00,4.02,P,nan,nan,nan,nan
2020-05-20 10:40:00-05:00,4.07,P,nan,nan,nan,nan
2020-05-20 10:45:00-05:00,4.11,P,4.44,P,2.57,P
2020-05-20 10:50:00-05:00,4.03,P,nan,nan,nan,nan
2020-05-20 10:55:00-05:00,4.05,P,nan,nan,nan,nan
2020-05-20 11:00:00-05:00,4.10,P,4.44,P,2.57,P
2020-05-20 11:05:00-05:00,4.03,P,nan,nan,nan,nan
2020-05-20 11:10:00-05:00,4.03,P,nan,nan,nan,nan
2020-05-20 11:15:00-05:00,4.15,P,4.44,P,2.57,P
2020-05-20 11:20:00-05:00,4.19,P,nan,nan,nan,nan
2020-05-20 11:25:00-05:00,4.13,P,nan,nan,nan,nan
2020-05-20 11:30:00-05:00,4.15,P,4.44,P,2.58,P
2020-05-20 11:35:00-05:00,4.16,P,nan,nan,nan,nan
2020-05-20 11:40:00-05:00,4.11,P,nan,nan,nan,nan
2020-05-20 11:45:00-05:00,4.06,P,4.45,P,2.60,P
2020-05-20 11:50:00-05:00,4.04,P,nan,nan,nan,nan
2020-05-20 11:55:00-05:00,4.07,P,nan,nan,nan,nan
2020-05-20 12:00:00-05:00,4.15,P,4.46,P,2.61,P
2020-05-20 12:05:00-05:00,4.19,P,nan,nan,nan,nan
2020-05-20 12:10:00-05:00,4.24,P,nan,nan,nan,nan
2020-05-20 12:15:00-05:00,4.23,P,4.48,P,2.63,P
2020-05-20 12:20:00-05:00,4.16,P,nan,nan,nan,nan
2020-05-20 12:25:00-05:00,4.12,P,nan,nan,nan,nan
2020-05-20 12:30:00-05:00,4.03,P,4.49,P,2.64,P
2020-05-20 12:35:00-05:00,3.92,P,nan,nan,nan,nan
2020-05-20 12:40:00-05:00,3.87,P,nan,nan,nan,nan
2020-05-20 12:45:00-05:00,3.87,P,4.48,P,2.66,P
2020-05-20 12:50:00-05:00,3.87,P,nan,nan,nan,nan
2020-05-20 12:55:00-05:00,3.92,P,nan,nan,nan,nan
2020-05-20 13:00:00-05:00,4.00,P,4.51,P,2.67,P
2020-05-20 13:05:00-05:00,4.06,P,nan,nan,nan,nan
2020-05-20 13:10:00-05:00,4.05,P,nan,nan,nan,nan
2020-05-20 13:15:00-05:00,4.09,P,4.51,P,2.67,P
2020-05-20 13:20:00-05:00,4.08,P,nan,nan,nan,nan
2020-05-20 13:25:00-05:00,4.03,P,nan,nan,nan,nan
2020-05-20 13:30:00-05:00,4.01,P,4.48,P,2.65,P
2020-05-20 13:35:00-05:00,4.04,P,nan,nan,nan,nan
2020-05-20 13:40:00-05:00,4.02,P,nan,nan,nan,nan
2020-05-20 13:45:00-05:00,3.97,P,4.48,P,2.64,P
2020-05-20 13:50:00-05:00,3.94,P,nan,nan,nan,nan
2020-05-20 13:55:00-05:00,3.95,P,nan,nan,nan,nan
2020-05-20 14:00:00-05:00,3.92,P,4.48,P,2.64,P
2020-05-20 14:05:00-05:00,3.91,P,nan,nan,nan,nan
2020-05-20 14:10:00-05:00,3.94,P,nan,nan,nan,nan
2020-05-20 14:15:00-05:00,3.94,P,4.48,P,2.64,P
2020-05-20 14:20:00-05:00,3.95,P,nan,nan,nan,nan
2020-05-20 14:25:00-05:00,3.95,P,nan,nan,nan,nan
2020-05-20 14:30:00-05:00,3.95,P,4.47,P,2.63,P
2020-05-20 14:35:00-05:00,3.94,P,nan,nan,nan,nan
2020-05-20 14:40:00-05:00,3.95,P,nan,nan,nan,nan
2020-05-20 14:45:00-05:00,3.97,P,4.47,P,2.62,P
2020-05-20 14:50:00-05:00,3.95,P,nan,nan,nan,nan
2020-05-20 14:55:00-05:00,3.93,P,nan,nan,nan,nan
2020-05-20 15:00:00-05:00,3.93,P,4.47,P,2.60,P
2020-05-20 15:05:00-05:00,3.87,P,nan,nan,nan,nan
2020-05-20 15:10:00-05:00,3.83,P,nan,nan,nan,nan
2020-05-20 15:15:00-05:00,3.89,P,4.46,P,2.59,P
2020-05-20 15:20:00-05:00,3.93,P,nan,nan,nan,nan
2020-05-20 15:25:00-05:00,3.91,P,nan,nan,nan,nan
2020-05-20 15:30:00-05:00,3.93,P,4.45,P,2.59,P
2020-05-20 15:35:00-05:00,3.97,P,nan,nan,nan,nan
2020-05-20 15:40:00-05:00,3.94,P,nan,nan,nan,nan
2020-05-20 15:45:00-05:00,3.88,P,4.45,P,2.58,P
2020-05-20 15:50:00-05:00,3.87,P,nan,nan,nan,nan
2020-05-20 15:55:00-05:00,3.87,P,nan,nan,nan,nan
2020-05-20 16:00:00-05:00,3.86,P,4.42,P,2.57,P
2020-05-20 16:05:00-05:00,3.86,P,nan,nan,nan,nan
2020-05-20 16:10:00-05:00,3.92,P,nan,nan,nan,nan
2020-05-20 16:15:00-05:00,3.91,P,4.42,P,2.56,P
2020-05-20 16:20:00-05:00,3.91,P,nan,nan,nan,nan
2020-05-20 16:25:00-05:00,3.96,P,nan,nan,nan,nan
2020-05-20 16:30:00-05:00,4.03,P,4.41,P,2.56,P
2020-05-20 16:35:00-05:00,3.99,P,nan,nan,nan,nan
2020-05-20 16:40:00-05:00,4.05,P,nan,nan,nan,nan
2020-05-20 16:45:00-05:00,4.08,P,4.40,P,2.55,P
2020-05-20 16:50:00-05:00,4.05,P,nan,nan,nan,nan
2020-05-20 16:55:00-05:00,4.06,P,nan,nan,nan,nan
2020-05-20 17:00:00-05:00,4.04,P,4.40,P,2.54,P
2020-05-20 17:05:00-05:00,3.96,P,nan,nan,nan,nan
2020-05-20 17:10:00-05:00,3.86,P,nan,nan,nan,nan
2020-05-20 17:15:00-05:00,3.86,P,4.40,P,2.55,P
2020-05-20 17:20:00-05:00,3.82,P,nan,nan,nan,nan
2020-05-20 17:25:00-05:00,3.75,P,nan,nan,nan,nan
2020-05-20 17:30:00-05:00,3.75,P,4.41,P,2.56,P
2020-05-20 17:35:00-05:00,3.71,P,nan,nan,nan,nan
2020-05-20 17:40:00-05:00,3.71,P,nan,nan,nan,nan
2020-05-20 17:45:00-05:00,3.80,P,4.41,P,2.57,P
2020-05-20 17:50:00-05:00,3.88,P,nan,nan,nan,nan
2020-05-20 17:55:00-05:00,3.97,P,nan,nan,nan,nan
2020-05-20 18:00:00-05:00,4.05,P,4.41,P,2.56,P
2020-05-20 18:05:00-05:00,4.10,P,nan,nan,nan,nan
2020-05-20 18:10:00-05:00,4.08,P,nan,nan,nan,nan
2020-05-20 18:15:00-05:00,4.06,P,4.40,P,2.53,P
2020-05-20 18:20:00-05:00,4.00,P,nan,nan,nan,nan
2020-05-20 18:25:00-05:00,3.92,P,nan,nan,nan,nan
2020-05-20 18:30:00-05:00,3.82,P,4.39,P,2.52,P
2020-05-20 18:35:00-05:00,3.82,P,nan,nan,nan,nan
2020-05-20 18:40:00-05:00,3.82,P,nan,nan,nan,nan
2020-05-20 18:45:00-05:00,3.78,P,4.39,P,2.52,P
2020-05-20 18:50:00-05:00,3.78,P,nan,nan,nan,nan
2020-05-20 18:55:00-05:00,3.87,P,nan,nan,nan,nan
2020-05-20 19:00:00-05:00,3.91,P,4.41,P,2.53,P
2020-05-20 19:05:00-05:00,3.91,P,nan,nan,nan,nan
2020-05-20 19:10:00-05:00,3.94,P,nan,nan,nan,nan
2020-05-20 19:15:00-05:00,3.93,P,4.40,P,2.52,P
2020-05-20 19:20:00-05:00,3.91,P,nan,nan,nan,nan
2020-05-20 19:25:00-05:00,3.89,P,nan,nan,nan,nan
2020-05-20 19:30:00-05:00,3.87,P,4.39,P,2.51,P
2020-05-20 19:35:00-05:00,3.83,P,nan,nan,nan,nan
2020-05-20 19:40:00-05:00,3.84,P,nan,nan,nan,nan
2020-05-20 19:45:00-05:00,3.86,P,4.38,P,2.51,P
2020-05-20 19:50:00-05:00,3.82,P,nan,nan,nan,nan
2020-05-20 19:55:00-05:00,3.80,P,nan,nan,nan,nan
2020-05-20 20:00:00-05:00,3.84,P,4.38,P,2.51,P
2020-05-20 20:05:00-05:00,3.83,P,nan,nan,nan,nan
2020-05-20 20:10:00-05:00,3.82,P,nan,nan,nan,nan
2020-05-20 20:15:00-05:00,3.90,P,4.37,P,2.50,P
2020-05-20 20:20:00-05:00,3.95,P,nan,nan,nan,nan
2020-05-20 20:25:00-05:00,3.90,P,nan,nan,nan,nan
2020-05-20 20:30:00-05:00,3.83,P,4.37,P,2.48,P
2020-05-20 20:35:00-05:00,3.82,P,nan,nan,nan,nan
2020-05-20 20:40:00-05:00,3.76,P,nan,nan,nan,nan
2020-05-20 20:45:00-05:00,3.73,P,4.36,P,2.48,P
2020-05-20 20:50:00-05:00,3.77,P,nan,nan,nan,nan
2020-05-20 20:55:00-05:00,3.83,P,nan,nan,nan,nan
2020-05-20 21:00:00-05:00,3.82,P,4.35,P,2.47,P
2020-05-20 21:05:00-05:00,3.79,P,nan,nan,nan,nan
2020-05-20 21:10:00-05:00,3.79,P,nan,nan,nan,nan
2020-05-20 21:15:00-05:00,3.79,P,4.35,P,2.47,P
2020-05-20 21:20:00-05:00,3.79,P,nan,nan,nan,nan
2020-05-20 21:25:00-05:00,3.87,P,nan,nan,nan,nan
2020-05-20 21:30:00-05:00,3.91,P,4.34,P,2.46,P
2020-05-20 21:35:00-05:00,3.92,P,nan,nan,nan,nan
2020-05-20 21:40:00-05:00,3.94,P,nan,nan,nan,nan
2020-05-20 21:45:00-05:00,3.95,P,4.33,P,2.45,P
2020-05-20 21:50:00-05:00,3.92,P,nan,nan,nan,nan
2020-05-20 21:55:00-05:00,3.95,P,nan,nan,nan,nan
2020-05-20 22:00:00-05:00,3.97,P,4.33,P,2.44,P
2020-05-20 22:05:00-05:00,3.91,P,nan,nan,nan,nan
2020-05-20 22:10:00-05:00,3.87,P,nan,nan,nan,nan
2020-05-20 22:15:00-05:00,3.90,P,4.32,P,2.44,P
2020-05-20 22:20:00-05:00,3.88,P,nan,nan,nan,nan
2020-05-20 22:25:00-05:00,3.80,P,nan,nan,nan,nan
2020-05-20 22:30:00-05:00,3.76,P,4.33,P,2.45,P
2020-05-20 22:35:00-05:00,3.81,P,nan,nan,nan,nan
2020-05-20 22:40:00-05:00,3.90,P,nan,nan,nan,nan
2020-05-20 22:45:00-05:00,3.97,P,4.33,P,2.46,P
2020-05-20 22:50:00-05:00,4.04,P,nan,nan,nan,nan
2020-05-20 22:55:00-05:00,4.07,P,nan,nan,nan,nan
2020-05-20 23:00:00-05:00,4.07,P,4.34,P,2.46,P
2020-05-20 23:05:00-05:00,4.05,P,nan,nan,nan,nan
2020-05-20 23:10:00-05:00,4.01,P,nan,nan,nan,nan
2020-05-20 23:15:00-05:00,3.95,P,4.33,P,2.46,P
2020-05-20 23:20:00-05:00,3.88,P,nan,nan,nan,nan
2020-05-20 23:25:00-05:00,3.89,P,nan,nan,nan,nan
2020-05-20 23:30:00-05:00,3.84,P,4.33,P,2.46,P
2020-05-20 23:35:00-05:00,3.88,P,nan,nan,nan,nan
2020-05-20 23:40:00-05:00,3.95,P,nan,nan,nan,nan
2020-05-20 23:45:00-05:00,4.01,P,4.36,P,2.48,P
2020-05-20 23:50:00-05:00,4.06,P,nan,nan,nan,nan
2020-05-20 23:55:00-05:00,4.07,P,nan,nan,nan,nan
2020-05-21 00:00:00-05:00,4.02,P,4.36,P,2.49,P
2020-05-21 00:05:00-05:00,3.99,P,nan,nan,nan,nan
2020-05-21 00:10:00-05:00,4.01,P,nan,nan,nan,nan
2020-05-21 00:15:00-05:00,3.95,P,4.36,P,2.49,P
2020-05-21 00:20:00-05:00,3.89,P,nan,nan,nan,nan
2020-05-21 00:25:00-05:00,3.95,P,nan,nan,nan,nan
2020-05-21 00:30:00-05:00,3.95,P,4.36,P,2.50,P
2020-05-21 00:35:00-05:00,3.90,P,nan,nan,nan,nan
2020-05-21 00:40:00-05:00,3.96,P,nan,nan,nan,nan
2020-05-21 00:45:00-05:00,3.99,P,4.38,P,2.51,P
2020-05-21 00:50:00-05:00,3.95,P,nan,nan,nan,nan
2020-05-21 00:55:00-05:00,4.00,P,nan,nan,nan,nan
2020-05-21 01:00:00-05:00,4.03,P,4.37,P,2.51,P
2020-05-21 01:05:00-05:00,3.99,P,nan,nan,nan,nan
2020-05-21 01:10:00-05:00,4.02,P,nan,nan,nan,nan
2020-05-21 01:15:00-05:00,4.07,P,4.37,P,2.51,P
2020-05-21 01:20:00-05:00,4.04,P,nan,nan,nan,nan
2020-05-21 01:25:00-05:00,3.96,P,nan,nan,nan,nan
2020-05-21 01:30:00-05:00,3.95,P,4.37,P,2.51,P
2020-05-21 01:35:00-05:00,3.91,P,nan,nan,nan,nan
2020-05-21 01:40:00-05:00,3.87,P,nan,nan,nan,nan
2020-05-21 01:45:00-05:00,3.83,P,4.38,P,2.51,P
2020-05-21 01:50:00-05:00,3.83,P,nan,nan,nan,nan
2020-05-21 01:55:00-05:00,3.90,P,nan,nan,nan,nan
2020-05-21 02:00:00-05:00,3.96,P,4.39,P,2.52,P
2020-05-21 02:05:00-05:00,4.02,P,nan,nan,nan,nan
2020-05-21 02:10:00-05:00,4.13,P,nan,nan,nan,nan
2020-05-21 02:15:00-05:00,4.20,P,4.39,P,2.51,P
2020-05-21 02:20:00-05:00,4.20,P,nan,nan,nan,nan
2020-05-21 02:25:00-05:00,4.13,P,nan,nan,nan,nan
2020-05-21 02:30:00-05:00,4.06,P,4.38,P,2.50,P
2020-05-21 02:35:00-05:00,4.03,P,nan,nan,nan,nan
2020-05-21 02:40:00-05:00,3.91,P,nan,nan,nan,nan
2020-05-21 02:45:00-05:00,3.87,P,4.37,P,2.50,P
2020-05-21 02:50:00-05:00,3.99,P,nan,nan,nan,nan
2020-05-21 02:55:00-05:00,4.04,P,nan,nan,nan,nan
2020-05-21 03:00:00-05:00,4.07,P,4.39,P,2.52,P
2020-05-21 03:05:00-05:00,4.15,P,nan,nan,nan,nan
2020-05-21 03:10:00-05:00,4.04,P,nan,nan,nan,nan
2020-05-21 03:15:00-05:00,3.86,P,4.41,P,2.53,P
2020-05-21 03:20:00-05:00,3.82,P,nan,nan,nan,nan
2020-05-21 03:25:00-05:00,3.79,P,nan,nan,nan,nan
2020-05-21 03:30:00-05:00,3.70,P,4.40,P,2.53,P
2020-05-21 03:35:00-05:00,3.80,P,nan,nan,nan,nan
2020-05-21 03:40:00-05:00,3.99,P,nan,nan,nan,nan
2020-05-21 03:45:00-05:00,4.02,P,4.41,P,2.54,P
2020-05-21 03:50:00-05:00,4.07,P,nan,nan,nan,nan
2020-05-21 03:55:00-05:00,4.15,P,nan,nan,nan,nan
2020-05-21 04:00:00-05:00,4.12,P,4.43,P,2.54,P
2020-05-21 04:05:00-05:00,3.99,P,nan,nan,nan,nan
2020-05-21 04:10:00-05:00,3.91,P,nan,nan,nan,nan
2020-05-21 04:15:00-05:00,3.86,P,4.40,P,2.52,P
2020-05-21 04:20:00-05:00,3.79,P,nan,nan,nan,nan
2020-05-21 04:25:00-05:00,3.82,P,nan,nan,nan,nan
2020-05-21 04:30:00-05:00,3.85,P,4.40,P,2.51,P
2020-05-21 04:35:00-05:00,3.85,P,nan,nan,nan,nan
2020-05-21 04:40:00-05:00,3.91,P,nan,nan,nan,nan
2020-05-21 04:45:00-05:00,3.95,P,4.42,P,2.52,P
2020-05-21 04:50:00-05:00,3.87,P,nan,nan,nan,nan
2020-05-21 04:55:00-05:00,3.82,P,nan,nan,nan,nan
2020-05-21 05:00:00-05:00,3.83,P,4.41,P,2.51,P
2020-05-21 05:05:00-05:00,3.86,P,nan,nan,nan,nan
2020-05-21 05:10:00-05:00,3.83,P,nan,nan,nan,nan
2020-05-21 05:15:00-05:00,3.87,P,4.39,P,2.50,P
2020-05-21 05:20:00-05:00,3.87,P,nan,nan,nan,nan
2020-05-21 05:25:00-05:00,3.83,P,nan,nan,nan,nan
2020-05-21 05:30:00-05:00,3.80,P,4.39,P,2.48,P
2020-05-21 05:35:00-05:00,3.78,P,nan,nan,nan,nan
2020-05-21 05:40:00-05:00,3.75,P,nan,nan,nan,nan
2020-05-21 05:45:00-05:00,3.71,P,4.38,P,2.47,P
2020-05-21 05:50:00-05:00,3.76,P,nan,nan,nan,nan
2020-05-21 05:55:00-05:00,3.85,P,nan,nan,nan,nan
2020-05-21 06:00:00-05:00,3.83,P,4.37,P,2.46,P
2020-05-21 06:05:00-05:00,3.83,P,nan,nan,nan,nan
2020-05-21 06:10:00-05:00,3.88,P,nan,nan,nan,nan
2020-05-21 06:15:00-05:00,3.79,P,4.36,P,2.45,P
2020-05-21 06:20:00-05:00,3.71,P,nan,nan,nan,nan
2020-05-21 06:25:00-05:00,3.70,P,nan,nan,nan,nan
2020-05-21 06:30:00-05:00,3.67,P,4.35,P,2.43,P
2020-05-21 06:35:00-05:00,3.60,P,nan,nan,nan,nan
2020-05-21 06:40:00-05:00,3.67,P,nan,nan,nan,nan
2020-05-21 06:45:00-05:00,3.75,P,4.34,P,2.42,P
2020-05-21 06:50:00-05:00,3.75,P,nan,nan,nan,nan
2020-05-21 06:55:00-05:00,3.79,P,nan,nan,nan,nan
2020-05-21 07:00:00-05:00,3.86,P,4.33,P,2.41,P
2020-05-21 07:05:00-05:00,3.90,P,nan,nan,nan,nan
2020-05-21 07:10:00-05:00,3.91,P,nan,nan,nan,nan
2020-05-21 07:15:00-05:00,3.88,P,4.32,P,2.40,P
2020-05-21 07:20:00-05:00,3.86,P,nan,nan,nan,nan
2020-05-21 07:25:00-05:00,3.79,P,nan,nan,nan,nan
2020-05-21 07:30:00-05:00,3.71,P,4.30,P,2.38,P
2020-05-21 07:35:00-05:00,3.72,P,nan,nan,nan,nan
2020-05-21 07:40:00-05:00,3.87,P,nan,nan,nan,nan
2020-05-21 07:45:00-05:00,3.94,P,4.30,P,2.38,P
2020-05-21 07:50:00-05:00,3.98,P,nan,nan,nan,nan
2020-05-21 07:55:00-05:00,4.03,P,nan,nan,nan,nan
2020-05-21 08:00:00-05:00,3.98,P,4.31,P,2.38,P
2020-05-21 08:05:00-05:00,3.90,P,nan,nan,nan,nan
2020-05-21 08:10:00-05:00,3.80,P,nan,nan,nan,nan
2020-05-21 08:15:00-05:00,3.69,P,4.29,P,2.38,P
2020-05-21 08:20:00-05:00,3.59,P,nan,nan,nan,nan
2020-05-21 08:25:00-05:00,3.64,P,nan,nan,nan,nan
2020-05-21 08:30:00-05:00,3.71,P,4.29,P,2.39,P
2020-05-21 08:35:00-05:00,3.81,P,nan,nan,nan,nan
2020-05-21 08:40:00-05:00,3.96,P,nan,nan,nan,nan
2020-05-21 08:45:00-05:00,4.10,P,4.32,P,2.40,P
2020-05-21 08:50:00-05:00,4.10,P,nan,nan,nan,nan
2020-05-21 08:55:00-05:00,4.19,P,nan,nan,nan,nan
2020-05-21 09:00:00-05:00,4.18,P,4.30,P,2.40,P
2020-05-21 09:05:00-05:00,4.03,P,nan,nan,nan,nan
2020-05-21 09:10:00-05:00,3.88,P,nan,nan,nan,nan
2020-05-21 09:15:00-05:00,3.80,P,4.28,P,2.39,P
2020-05-21 09:20:00-05:00,3.71,P,nan,nan,nan,nan
2020-05-21 09:25:00-05:00,3.70,P,nan,nan,nan,nan
2020-05-21 09:30:00-05:00,3.78,P,4.31,P,2.41,P
2020-05-21 09:35:00-05:00,3.87,P,nan,nan,nan,nan
2020-05-21 09:40:00-05:00,3.94,P,nan,nan,nan,nan
2020-05-21 09:45:00-05:00,4.02,P,nan,nan,nan,nan
2020-05-21 09:50:00-05:00,4.07,P,nan,nan,nan,nan
2020-05-21 09:55:00-05:00,4.05,P,nan,nan,nan,nan
2020-05-21 10:00:00-05:00,3.99,P,nan,nan,nan,nan
